[1/85] Processing file /home/matt/quakespasm/Quake/bgmusic.c.
65407 warnings generated.
[2/85] Processing file /home/matt/quakespasm/Quake/cd_null.c.
130801 warnings generated.
[3/85] Processing file /home/matt/quakespasm/Quake/cd_sdl.c.
196197 warnings generated.
[4/85] Processing file /home/matt/quakespasm/Quake/cfgfile.c.
261591 warnings generated.
[5/85] Processing file /home/matt/quakespasm/Quake/chase.c.
326985 warnings generated.
[6/85] Processing file /home/matt/quakespasm/Quake/cl_demo.c.
392390 warnings generated.
[7/85] Processing file /home/matt/quakespasm/Quake/cl_input.c.
457787 warnings generated.
[8/85] Processing file /home/matt/quakespasm/Quake/cl_main.c.
523197 warnings generated.
[9/85] Processing file /home/matt/quakespasm/Quake/cl_parse.c.
588598 warnings generated.
[10/85] Processing file /home/matt/quakespasm/Quake/cl_tent.c.
654002 warnings generated.
[11/85] Processing file /home/matt/quakespasm/Quake/cmd.c.
719397 warnings generated.
[12/85] Processing file /home/matt/quakespasm/Quake/common.c.
784862 warnings generated.
[13/85] Processing file /home/matt/quakespasm/Quake/console.c.
853419 warnings generated.
[14/85] Processing file /home/matt/quakespasm/Quake/crc.c.
918813 warnings generated.
[15/85] Processing file /home/matt/quakespasm/Quake/cvar.c.
984211 warnings generated.
[16/85] Processing file /home/matt/quakespasm/Quake/gl_draw.c.
1049615 warnings generated.
[17/85] Processing file /home/matt/quakespasm/Quake/gl_fog.c.
1115011 warnings generated.
[18/85] Processing file /home/matt/quakespasm/Quake/gl_mesh.c.
1180414 warnings generated.
[19/85] Processing file /home/matt/quakespasm/Quake/gl_model.c.
1245841 warnings generated.
[20/85] Processing file /home/matt/quakespasm/Quake/gl_refrag.c.
1311237 warnings generated.
[21/85] Processing file /home/matt/quakespasm/Quake/gl_rlight.c.
1376637 warnings generated.
[22/85] Processing file /home/matt/quakespasm/Quake/gl_rmain.c.
1442031 warnings generated.
[23/85] Processing file /home/matt/quakespasm/Quake/gl_rmisc.c.
1507429 warnings generated.
[24/85] Processing file /home/matt/quakespasm/Quake/gl_screen.c.
1572840 warnings generated.
[25/85] Processing file /home/matt/quakespasm/Quake/gl_sky.c.
1638247 warnings generated.
[26/85] Processing file /home/matt/quakespasm/Quake/gl_texmgr.c.
1703665 warnings generated.
[27/85] Processing file /home/matt/quakespasm/Quake/gl_vidsdl.c.
1769075 warnings generated.
[28/85] Processing file /home/matt/quakespasm/Quake/gl_warp.c.
1834478 warnings generated.
[29/85] Processing file /home/matt/quakespasm/Quake/host.c.
1899949 warnings generated.
[30/85] Processing file /home/matt/quakespasm/Quake/host_cmd.c.
1965466 warnings generated.
[31/85] Processing file /home/matt/quakespasm/Quake/image.c.
2030999 warnings generated.
[32/85] Processing file /home/matt/quakespasm/Quake/in_sdl.c.
2096399 warnings generated.
[33/85] Processing file /home/matt/quakespasm/Quake/keys.c.
2161806 warnings generated.
[34/85] Processing file /home/matt/quakespasm/Quake/lodepng.c.
2165456 warnings generated.
[35/85] Processing file /home/matt/quakespasm/Quake/main_sdl.c.
2230852 warnings generated.
[36/85] Processing file /home/matt/quakespasm/Quake/mathlib.c.
2296246 warnings generated.
[37/85] Processing file /home/matt/quakespasm/Quake/menu.c.
2361675 warnings generated.
[38/85] Processing file /home/matt/quakespasm/Quake/miniz.c.
2426335 warnings generated.
[39/85] Processing file /home/matt/quakespasm/Quake/net_bsd.c.
2495688 warnings generated.
[40/85] Processing file /home/matt/quakespasm/Quake/net_dgrm.c.
2565050 warnings generated.
[41/85] Processing file /home/matt/quakespasm/Quake/net_loop.c.
2634399 warnings generated.
[42/85] Processing file /home/matt/quakespasm/Quake/net_main.c.
2703744 warnings generated.
[43/85] Processing file /home/matt/quakespasm/Quake/net_udp.c.
2773096 warnings generated.
[44/85] Processing file /home/matt/quakespasm/Quake/net_win.c.
2842452 warnings generated.
[45/85] Processing file /home/matt/quakespasm/Quake/net_wins.c.
2911807 warnings and 20 errors generated.
Error while processing /home/matt/quakespasm/Quake/net_wins.c.
[46/85] Processing file /home/matt/quakespasm/Quake/net_wipx.c.
2981169 warnings and 21 errors generated.
Error while processing /home/matt/quakespasm/Quake/net_wipx.c.
[47/85] Processing file /home/matt/quakespasm/Quake/pl_linux.c.
3046563 warnings and 21 errors generated.
Error while processing /home/matt/quakespasm/Quake/pl_linux.c.
[48/85] Processing file /home/matt/quakespasm/Quake/pl_win.c.
3112123 warnings and 22 errors generated.
Error while processing /home/matt/quakespasm/Quake/pl_win.c.
[49/85] Processing file /home/matt/quakespasm/Quake/pr_cmds.c.
3177524 warnings and 22 errors generated.
Error while processing /home/matt/quakespasm/Quake/pr_cmds.c.
[50/85] Processing file /home/matt/quakespasm/Quake/pr_edict.c.
3242948 warnings and 22 errors generated.
Error while processing /home/matt/quakespasm/Quake/pr_edict.c.
[51/85] Processing file /home/matt/quakespasm/Quake/pr_exec.c.
3308343 warnings and 22 errors generated.
Error while processing /home/matt/quakespasm/Quake/pr_exec.c.
[52/85] Processing file /home/matt/quakespasm/Quake/r_alias.c.
3373753 warnings and 22 errors generated.
Error while processing /home/matt/quakespasm/Quake/r_alias.c.
[53/85] Processing file /home/matt/quakespasm/Quake/r_brush.c.
3439162 warnings and 22 errors generated.
Error while processing /home/matt/quakespasm/Quake/r_brush.c.
[54/85] Processing file /home/matt/quakespasm/Quake/r_part.c.
3504660 warnings and 22 errors generated.
Error while processing /home/matt/quakespasm/Quake/r_part.c.
[55/85] Processing file /home/matt/quakespasm/Quake/r_sprite.c.
3570057 warnings and 22 errors generated.
Error while processing /home/matt/quakespasm/Quake/r_sprite.c.
[56/85] Processing file /home/matt/quakespasm/Quake/r_world.c.
3635465 warnings and 22 errors generated.
Error while processing /home/matt/quakespasm/Quake/r_world.c.
[57/85] Processing file /home/matt/quakespasm/Quake/sbar.c.
3700869 warnings and 22 errors generated.
Error while processing /home/matt/quakespasm/Quake/sbar.c.
[58/85] Processing file /home/matt/quakespasm/Quake/snd_codec.c.
3766297 warnings and 22 errors generated.
Error while processing /home/matt/quakespasm/Quake/snd_codec.c.
[59/85] Processing file /home/matt/quakespasm/Quake/snd_dma.c.
3831705 warnings and 22 errors generated.
Error while processing /home/matt/quakespasm/Quake/snd_dma.c.
[60/85] Processing file /home/matt/quakespasm/Quake/snd_flac.c.
3897099 warnings and 22 errors generated.
Error while processing /home/matt/quakespasm/Quake/snd_flac.c.
[61/85] Processing file /home/matt/quakespasm/Quake/snd_mem.c.
3962493 warnings and 22 errors generated.
Error while processing /home/matt/quakespasm/Quake/snd_mem.c.
[62/85] Processing file /home/matt/quakespasm/Quake/snd_mikmod.c.
4027887 warnings and 22 errors generated.
Error while processing /home/matt/quakespasm/Quake/snd_mikmod.c.
[63/85] Processing file /home/matt/quakespasm/Quake/snd_mix.c.
4093283 warnings and 22 errors generated.
Error while processing /home/matt/quakespasm/Quake/snd_mix.c.
[64/85] Processing file /home/matt/quakespasm/Quake/snd_modplug.c.
4158677 warnings and 22 errors generated.
Error while processing /home/matt/quakespasm/Quake/snd_modplug.c.
[65/85] Processing file /home/matt/quakespasm/Quake/snd_mp3.c.
4224071 warnings and 22 errors generated.
Error while processing /home/matt/quakespasm/Quake/snd_mp3.c.
[66/85] Processing file /home/matt/quakespasm/Quake/snd_mp3tag.c.
4289465 warnings and 22 errors generated.
Error while processing /home/matt/quakespasm/Quake/snd_mp3tag.c.
[67/85] Processing file /home/matt/quakespasm/Quake/snd_mpg123.c.
4354859 warnings and 22 errors generated.
Error while processing /home/matt/quakespasm/Quake/snd_mpg123.c.
[68/85] Processing file /home/matt/quakespasm/Quake/snd_opus.c.
4420253 warnings and 22 errors generated.
Error while processing /home/matt/quakespasm/Quake/snd_opus.c.
[69/85] Processing file /home/matt/quakespasm/Quake/snd_sdl.c.
4485647 warnings and 22 errors generated.
Error while processing /home/matt/quakespasm/Quake/snd_sdl.c.
[70/85] Processing file /home/matt/quakespasm/Quake/snd_umx.c.
4551041 warnings and 22 errors generated.
Error while processing /home/matt/quakespasm/Quake/snd_umx.c.
[71/85] Processing file /home/matt/quakespasm/Quake/snd_vorbis.c.
4616485 warnings and 22 errors generated.
Error while processing /home/matt/quakespasm/Quake/snd_vorbis.c.
[72/85] Processing file /home/matt/quakespasm/Quake/snd_wave.c.
4681892 warnings and 22 errors generated.
Error while processing /home/matt/quakespasm/Quake/snd_wave.c.
[73/85] Processing file /home/matt/quakespasm/Quake/snd_xmp.c.
4747286 warnings and 22 errors generated.
Error while processing /home/matt/quakespasm/Quake/snd_xmp.c.
[74/85] Processing file /home/matt/quakespasm/Quake/strlcat.c.
4749062 warnings and 22 errors generated.
Error while processing /home/matt/quakespasm/Quake/strlcat.c.
[75/85] Processing file /home/matt/quakespasm/Quake/strlcpy.c.
4750839 warnings and 22 errors generated.
Error while processing /home/matt/quakespasm/Quake/strlcpy.c.
[76/85] Processing file /home/matt/quakespasm/Quake/sv_main.c.
4816242 warnings and 22 errors generated.
Error while processing /home/matt/quakespasm/Quake/sv_main.c.
[77/85] Processing file /home/matt/quakespasm/Quake/sv_move.c.
4881649 warnings and 22 errors generated.
Error while processing /home/matt/quakespasm/Quake/sv_move.c.
[78/85] Processing file /home/matt/quakespasm/Quake/sv_phys.c.
4947044 warnings and 22 errors generated.
Error while processing /home/matt/quakespasm/Quake/sv_phys.c.
[79/85] Processing file /home/matt/quakespasm/Quake/sv_user.c.
5012442 warnings and 22 errors generated.
Error while processing /home/matt/quakespasm/Quake/sv_user.c.
[80/85] Processing file /home/matt/quakespasm/Quake/sys_sdl_unix.c.
5080833 warnings and 22 errors generated.
Error while processing /home/matt/quakespasm/Quake/sys_sdl_unix.c.
[81/85] Processing file /home/matt/quakespasm/Quake/sys_sdl_win.c.
5146245 warnings and 23 errors generated.
Error while processing /home/matt/quakespasm/Quake/sys_sdl_win.c.
[82/85] Processing file /home/matt/quakespasm/Quake/view.c.
5211647 warnings and 23 errors generated.
Error while processing /home/matt/quakespasm/Quake/view.c.
[83/85] Processing file /home/matt/quakespasm/Quake/wad.c.
5277043 warnings and 23 errors generated.
Error while processing /home/matt/quakespasm/Quake/wad.c.
[84/85] Processing file /home/matt/quakespasm/Quake/world.c.
5342443 warnings and 23 errors generated.
Error while processing /home/matt/quakespasm/Quake/world.c.
[85/85] Processing file /home/matt/quakespasm/Quake/zone.c.
5407839 warnings and 23 errors generated.
Error while processing /home/matt/quakespasm/Quake/zone.c.
error: too many errors emitted, stopping now [clang-diagnostic-error]
/home/matt/quakespasm/Quake/bgmusic.c:37:9: warning: initial values in enum '_bgm_player' are not consistent, consider explicit initialization of all, none or only the first enumerator [cert-int09-c,readability-enum-initial-value]
   37 | typedef enum _bgm_player
      |         ^
   38 | {
   39 |         BGM_NONE = -1,
   40 |         BGM_MIDIDRV = 1,
   41 |         BGM_STREAMER
      |                     
      |                      = 2
/home/matt/quakespasm/Quake/bgmusic.c:37:14: warning: declaration uses identifier '_bgm_player', which is reserved in the global namespace [bugprone-reserved-identifier,cert-dcl37-c,cert-dcl51-cpp]
   37 | typedef enum _bgm_player
      |              ^~~~~~~~~~~
      |              bgm_player
/home/matt/quakespasm/Quake/bgmusic.c:129:33: warning: 'atoi' used to convert a string to an integer value, but function will not report conversion errors; consider using 'strtol' instead [cert-err34-c]
  129 |                 S_CodecJumpToOrder(bgmstream, atoi(Cmd_Argv(1)));
      |                                               ^
/home/matt/quakespasm/Quake/bgmusic.c:418:4: warning: Value stored to 'fileBytes' is never read [clang-analyzer-deadcode.DeadStores]
  418 |                         fileBytes = res;
      |                         ^           ~~~
/home/matt/quakespasm/Quake/bgmusic.c:418:4: note: Value stored to 'fileBytes' is never read
  418 |                         fileBytes = res;
      |                         ^           ~~~
/home/matt/quakespasm/Quake/bgmusic.h:26:9: warning: declaration uses identifier '_BGMUSIC_H_', which is a reserved identifier [bugprone-reserved-identifier,cert-dcl37-c,cert-dcl51-cpp]
   26 | #define _BGMUSIC_H_
      |         ^~~~~~~~~~~
      |         BGMUSIC_H_
/home/matt/quakespasm/Quake/bspfile.h:24:9: warning: declaration uses identifier '__BSPFILE_H', which is a reserved identifier [bugprone-reserved-identifier,cert-dcl37-c,cert-dcl51-cpp]
   24 | #define __BSPFILE_H
      |         ^~~~~~~~~~~
      |         BSPFILE_H
/home/matt/quakespasm/Quake/bspfile.h:163:25: warning: macro replacement list should be enclosed in parentheses [bugprone-macro-parentheses]
  163 | #define CONTENTS_EMPTY          -1
      |                                 ^ 
      |                                 ( )
/home/matt/quakespasm/Quake/bspfile.h:164:25: warning: macro replacement list should be enclosed in parentheses [bugprone-macro-parentheses]
  164 | #define CONTENTS_SOLID          -2
      |                                 ^ 
      |                                 ( )
/home/matt/quakespasm/Quake/bspfile.h:165:25: warning: macro replacement list should be enclosed in parentheses [bugprone-macro-parentheses]
  165 | #define CONTENTS_WATER          -3
      |                                 ^ 
      |                                 ( )
/home/matt/quakespasm/Quake/bspfile.h:166:25: warning: macro replacement list should be enclosed in parentheses [bugprone-macro-parentheses]
  166 | #define CONTENTS_SLIME          -4
      |                                 ^ 
      |                                 ( )
/home/matt/quakespasm/Quake/bspfile.h:167:24: warning: macro replacement list should be enclosed in parentheses [bugprone-macro-parentheses]
  167 | #define CONTENTS_LAVA           -5
      |                                 ^ 
      |                                 ( )
/home/matt/quakespasm/Quake/bspfile.h:168:23: warning: macro replacement list should be enclosed in parentheses [bugprone-macro-parentheses]
  168 | #define CONTENTS_SKY            -6
      |                                 ^ 
      |                                 ( )
/home/matt/quakespasm/Quake/bspfile.h:169:26: warning: macro replacement list should be enclosed in parentheses [bugprone-macro-parentheses]
  169 | #define CONTENTS_ORIGIN         -7              // removed at csg time
      |                                 ^
      |                                 ( )
/home/matt/quakespasm/Quake/bspfile.h:170:24: warning: macro replacement list should be enclosed in parentheses [bugprone-macro-parentheses]
  170 | #define CONTENTS_CLIP           -8              // changed to contents_solid
      |                                 ^
      |                                 ( )
/home/matt/quakespasm/Quake/bspfile.h:172:29: warning: macro replacement list should be enclosed in parentheses [bugprone-macro-parentheses]
  172 | #define CONTENTS_CURRENT_0              -9
      |                                         ^ 
      |                                         ( )
/home/matt/quakespasm/Quake/bspfile.h:173:30: warning: macro replacement list should be enclosed in parentheses [bugprone-macro-parentheses]
  173 | #define CONTENTS_CURRENT_90             -10
      |                                         ^  
      |                                         (  )
/home/matt/quakespasm/Quake/bspfile.h:174:30: warning: macro replacement list should be enclosed in parentheses [bugprone-macro-parentheses]
  174 | #define CONTENTS_CURRENT_180    -11
      |                                 ^  
      |                                 (  )
/home/matt/quakespasm/Quake/bspfile.h:175:30: warning: macro replacement list should be enclosed in parentheses [bugprone-macro-parentheses]
  175 | #define CONTENTS_CURRENT_270    -12
      |                                 ^  
      |                                 (  )
/home/matt/quakespasm/Quake/bspfile.h:176:30: warning: macro replacement list should be enclosed in parentheses [bugprone-macro-parentheses]
  176 | #define CONTENTS_CURRENT_UP             -13
      |                                         ^  
      |                                         (  )
/home/matt/quakespasm/Quake/bspfile.h:177:31: warning: macro replacement list should be enclosed in parentheses [bugprone-macro-parentheses]
  177 | #define CONTENTS_CURRENT_DOWN   -14
      |                                 ^  
      |                                 (  )
/home/matt/quakespasm/Quake/cd_sdl.c:39:9: warning: Warning: SDL CDAudio support disabled [clang-diagnostic-#pragma-messages]
   39 | #pragma message("Warning: SDL CDAudio support disabled")
      |         ^
/home/matt/quakespasm/Quake/cd_sdl.c:40:11: warning: suspicious #include of file with '.c' extension [bugprone-suspicious-include]
   40 | #include "cd_null.c"
      |           ^
/home/matt/quakespasm/Quake/cdaudio.h:23:9: warning: declaration uses identifier '__CDAUDIO_H', which is a reserved identifier [bugprone-reserved-identifier,cert-dcl37-c,cert-dcl51-cpp]
   23 | #define __CDAUDIO_H
      |         ^~~~~~~~~~~
      |         CDAUDIO_H
/home/matt/quakespasm/Quake/cfgfile.h:23:9: warning: declaration uses identifier '__CFGFILE_H', which is a reserved identifier [bugprone-reserved-identifier,cert-dcl37-c,cert-dcl51-cpp]
   23 | #define __CFGFILE_H
      |         ^~~~~~~~~~~
      |         CFGFILE_H
/home/matt/quakespasm/Quake/cl_demo.c:67:2: warning: the value returned by this function should not be disregarded; neglecting it may lead to errors [cert-err33-c]
   67 |         fclose (cls.demofile);
      |         ^~~~~~~~~~~~~~~~~~~~~
/home/matt/quakespasm/Quake/cl_demo.c:67:2: note: cast the expression to void to silence this warning
/home/matt/quakespasm/Quake/cl_demo.c:91:2: warning: the value returned by this function should not be disregarded; neglecting it may lead to errors [cert-err33-c]
   91 |         fwrite (&len, 4, 1, cls.demofile);
      |         ^~~~~~~~~~~~~~~~~~~~~~~~~~~~~~~~~
/home/matt/quakespasm/Quake/cl_demo.c:91:2: note: cast the expression to void to silence this warning
/home/matt/quakespasm/Quake/cl_demo.c:95:3: warning: the value returned by this function should not be disregarded; neglecting it may lead to errors [cert-err33-c]
   95 |                 fwrite (&f, 4, 1, cls.demofile);
      |                 ^~~~~~~~~~~~~~~~~~~~~~~~~~~~~~~
/home/matt/quakespasm/Quake/cl_demo.c:95:3: note: cast the expression to void to silence this warning
/home/matt/quakespasm/Quake/cl_demo.c:97:2: warning: the value returned by this function should not be disregarded; neglecting it may lead to errors [cert-err33-c]
   97 |         fwrite (net_message.data, net_message.cursize, 1, cls.demofile);
      |         ^~~~~~~~~~~~~~~~~~~~~~~~~~~~~~~~~~~~~~~~~~~~~~~~~~~~~~~~~~~~~~~
/home/matt/quakespasm/Quake/cl_demo.c:97:2: note: cast the expression to void to silence this warning
/home/matt/quakespasm/Quake/cl_demo.c:98:2: warning: the value returned by this function should not be disregarded; neglecting it may lead to errors [cert-err33-c]
   98 |         fflush (cls.demofile);
      |         ^~~~~~~~~~~~~~~~~~~~~
/home/matt/quakespasm/Quake/cl_demo.c:98:2: note: cast the expression to void to silence this warning
/home/matt/quakespasm/Quake/cl_demo.c:134:3: warning: Value stored to 'r' is never read [clang-analyzer-deadcode.DeadStores]
  134 |                 r = fread (&f, 4, 1, cls.demofile);
      |                 ^   ~~~~~~~~~~~~~~~~~~~~~~~~~~~~~~
/home/matt/quakespasm/Quake/cl_demo.c:134:3: note: Value stored to 'r' is never read
  134 |                 r = fread (&f, 4, 1, cls.demofile);
      |                 ^   ~~~~~~~~~~~~~~~~~~~~~~~~~~~~~~
/home/matt/quakespasm/Quake/cl_demo.c:218:2: warning: the value returned by this function should not be disregarded; neglecting it may lead to errors [cert-err33-c]
  218 |         fclose (cls.demofile);
      |         ^~~~~~~~~~~~~~~~~~~~~
/home/matt/quakespasm/Quake/cl_demo.c:218:2: note: cast the expression to void to silence this warning
/home/matt/quakespasm/Quake/cl_demo.c:277:11: warning: 'atoi' used to convert a string to an integer value, but function will not report conversion errors; consider using 'strtol' instead [cert-err34-c]
  277 |                 track = atoi(Cmd_Argv(3));
      |                         ^
/home/matt/quakespasm/Quake/cl_demo.c:307:2: warning: the value returned by this function should not be disregarded; neglecting it may lead to errors [cert-err33-c]
  307 |         fprintf (cls.demofile, "%i\n", cls.forcetrack);
      |         ^~~~~~~~~~~~~~~~~~~~~~~~~~~~~~~~~~~~~~~~~~~~~~
/home/matt/quakespasm/Quake/cl_demo.c:307:2: note: cast the expression to void to silence this warning
/home/matt/quakespasm/Quake/cl_demo.c:430:6: warning: 'fscanf' used to convert a string to an integer value, but function will not report conversion errors; consider using 'strtol' instead [cert-err34-c]
  430 |         if (fscanf (cls.demofile, "%i", &cls.forcetrack) != 1 || fgetc (cls.demofile) != '\n')
      |             ^
/home/matt/quakespasm/Quake/cl_demo.c:432:3: warning: the value returned by this function should not be disregarded; neglecting it may lead to errors [cert-err33-c]
  432 |                 fclose (cls.demofile);
      |                 ^~~~~~~~~~~~~~~~~~~~~
/home/matt/quakespasm/Quake/cl_demo.c:432:3: note: cast the expression to void to silence this warning
/home/matt/quakespasm/Quake/cl_input.c:70:7: warning: 'atoi' used to convert a string to an integer value, but function will not report conversion errors; consider using 'strtol' instead [cert-err34-c]
   70 |                 k = atoi(c);
      |                     ^
/home/matt/quakespasm/Quake/cl_input.c:99:7: warning: 'atoi' used to convert a string to an integer value, but function will not report conversion errors; consider using 'strtol' instead [cert-err34-c]
   99 |                 k = atoi(c);
      |                     ^
/home/matt/quakespasm/Quake/cl_input.c:195:3: warning: if with identical then and else branches [bugprone-branch-clone]
  195 |                 if (down)
      |                 ^
/home/matt/quakespasm/Quake/cl_input.c:197:3: note: else branch starts here
  197 |                 else
      |                 ^
/home/matt/quakespasm/Quake/cl_main.c:189:2: warning: switching on non-enum value without default case may not cover all cases [bugprone-switch-missing-default-case]
  189 |         switch (cls.signon)
      |         ^
/home/matt/quakespasm/Quake/cl_main.c:204:3: warning: the value returned by this function should not be disregarded; neglecting it may lead to errors [cert-err33-c]
  204 |                 sprintf (str, "spawn %s", cls.spawnparms);
      |                 ^~~~~~~~~~~~~~~~~~~~~~~~~~~~~~~~~~~~~~~~~
/home/matt/quakespasm/Quake/cl_main.c:204:3: note: cast the expression to void to silence this warning
/home/matt/quakespasm/Quake/cl_main.c:248:2: warning: the value returned by this function should not be disregarded; neglecting it may lead to errors [cert-err33-c]
  248 |         sprintf (str,"playdemo %s\n", cls.demos[cls.demonum]);
      |         ^~~~~~~~~~~~~~~~~~~~~~~~~~~~~~~~~~~~~~~~~~~~~~~~~~~~~
/home/matt/quakespasm/Quake/cl_main.c:248:2: note: cast the expression to void to silence this warning
/home/matt/quakespasm/Quake/cl_main.c:524:24: warning: rand() has limited randomness [cert-msc30-c,cert-msc50-cpp]
  524 |                         dl->radius = 200 + (rand()&31);
      |                                             ^
/home/matt/quakespasm/Quake/cl_main.c:543:24: warning: rand() has limited randomness [cert-msc30-c,cert-msc50-cpp]
  543 |                         dl->radius = 400 + (rand()&31);
      |                                             ^
/home/matt/quakespasm/Quake/cl_main.c:550:24: warning: rand() has limited randomness [cert-msc30-c,cert-msc50-cpp]
  550 |                         dl->radius = 200 + (rand()&31);
      |                                             ^
/home/matt/quakespasm/Quake/cl_main.c:557:24: warning: rand() has limited randomness [cert-msc30-c,cert-msc50-cpp]
  557 |                         dl->radius = 200 + (rand()&31);
      |                                             ^
/home/matt/quakespasm/Quake/cl_main.c:567:24: warning: rand() has limited randomness [cert-msc30-c,cert-msc50-cpp]
  567 |                         dl->radius = 200 + (rand()&31);
      |                                             ^
/home/matt/quakespasm/Quake/cl_parse.c:354:10: warning: multilevel pointer conversion from 'struct qmodel_s **' to 'void *', please use explicit cast [bugprone-multi-level-implicit-pointer-conversion]
  354 |         memset (cl.model_precache, 0, sizeof(cl.model_precache));
      |                 ^
/home/matt/quakespasm/Quake/cl_parse.c:376:10: warning: multilevel pointer conversion from 'struct sfx_s **' to 'void *', please use explicit cast [bugprone-multi-level-implicit-pointer-conversion]
  376 |         memset (cl.sound_precache, 0, sizeof(cl.sound_precache));
      |                 ^
/home/matt/quakespasm/Quake/cl_parse.c:642:29: warning: rand() has limited randomness [cert-msc30-c,cert-msc50-cpp]
  642 |                                 ent->syncbase = (float)(rand()&0x7fff) / 0x7fff;
      |                                                         ^
/home/matt/quakespasm/Quake/cl_tent.c:148:8: warning: rand() has limited randomness [cert-msc30-c,cert-msc50-cpp]
  148 |                 if ( rand() % 5 )
      |                      ^
/home/matt/quakespasm/Quake/cl_tent.c:152:10: warning: rand() has limited randomness [cert-msc30-c,cert-msc50-cpp]
  152 |                         rnd = rand() & 3;
      |                               ^
/home/matt/quakespasm/Quake/cl_tent.c:167:8: warning: rand() has limited randomness [cert-msc30-c,cert-msc50-cpp]
  167 |                 if ( rand() % 5 )
      |                      ^
/home/matt/quakespasm/Quake/cl_tent.c:171:10: warning: rand() has limited randomness [cert-msc30-c,cert-msc50-cpp]
  171 |                         rnd = rand() & 3;
      |                               ^
/home/matt/quakespasm/Quake/cl_tent.c:353:21: warning: rand() has limited randomness [cert-msc30-c,cert-msc50-cpp]
  353 |                         ent->angles[2] = rand()%360;
      |                                          ^
/home/matt/quakespasm/Quake/client.h:24:9: warning: declaration uses identifier '_CLIENT_H_', which is a reserved identifier [bugprone-reserved-identifier,cert-dcl37-c,cert-dcl51-cpp]
   24 | #define _CLIENT_H_
      |         ^~~~~~~~~~
      |         CLIENT_H_
/home/matt/quakespasm/Quake/client.h:80:9: warning: Excessive padding in 'beam_t' (8 padding bytes, where 0 is optimal). Optimal fields order: model, entity, endtime, start, end, consider reordering the fields or adding explicit padding members [clang-analyzer-optin.performance.Padding]
   80 | typedef struct
      |         ^~~~~~
   81 | {
      | ~
   82 |         int             entity;
      |         ~~~~~~~~~~~~~~~~~~~~~~~
   83 |         struct qmodel_s *model;
      |         ~~~~~~~~~~~~~~~~~~~~~~~
   84 |         float   endtime;
      |         ~~~~~~~~~~~~~~~~
   85 |         vec3_t  start, end;
      |         ~~~~~~~~~~~~~~~~~~~
   86 | } beam_t;
      | ~
/home/matt/quakespasm/Quake/client.h:80:9: note: Excessive padding in 'beam_t' (8 padding bytes, where 0 is optimal). Optimal fields order: model, entity, endtime, start, end, consider reordering the fields or adding explicit padding members
   80 | typedef struct
      |         ^~~~~~
   81 | {
      | ~
   82 |         int             entity;
      |         ~~~~~~~~~~~~~~~~~~~~~~~
   83 |         struct qmodel_s *model;
      |         ~~~~~~~~~~~~~~~~~~~~~~~
   84 |         float   endtime;
      |         ~~~~~~~~~~~~~~~~
   85 |         vec3_t  start, end;
      |         ~~~~~~~~~~~~~~~~~~~
   86 | } beam_t;
      | ~
/home/matt/quakespasm/Quake/cmd.c:361:3: warning: Call to function 'strcpy' is insecure as it does not provide bounding of the memory buffer. Replace unbounded copy functions with analogous functions that support length arguments such as 'strlcpy'. CWE-119 [clang-analyzer-security.insecureAPI.strcpy]
  361 |                 strcpy (a->name, s);
      |                 ^~~~~~
/home/matt/quakespasm/Quake/cmd.c:361:3: note: Call to function 'strcpy' is insecure as it does not provide bounding of the memory buffer. Replace unbounded copy functions with analogous functions that support length arguments such as 'strlcpy'. CWE-119
  361 |                 strcpy (a->name, s);
      |                 ^~~~~~
/home/matt/quakespasm/Quake/cmd.h:24:9: warning: declaration uses identifier '_QUAKE_CMD_H', which is a reserved identifier [bugprone-reserved-identifier,cert-dcl37-c,cert-dcl51-cpp]
   24 | #define _QUAKE_CMD_H
      |         ^~~~~~~~~~~~
      |         QUAKE_CMD_H
/home/matt/quakespasm/Quake/common.c:491:8: warning: 'signed char' to 'int' conversion; consider casting to 'unsigned char' first. [bugprone-signed-char-misuse,cert-str34-c]
  491 |                         c = *str++;
      |                             ^
/home/matt/quakespasm/Quake/common.c:516:7: warning: 'signed char' to 'int' conversion; consider casting to 'unsigned char' first. [bugprone-signed-char-misuse,cert-str34-c]
  516 |                 c = *str++;
      |                     ^
/home/matt/quakespasm/Quake/common.c:554:8: warning: 'signed char' to 'int' conversion; consider casting to 'unsigned char' first. [bugprone-signed-char-misuse,cert-str34-c]
  554 |                         c = *str++;
      |                             ^
/home/matt/quakespasm/Quake/common.c:581:7: warning: 'signed char' to 'int' conversion; consider casting to 'unsigned char' first. [bugprone-signed-char-misuse,cert-str34-c]
  581 |                 c = *str++;
      |                     ^
/home/matt/quakespasm/Quake/common.c:832:6: warning: 'signed char' to 'int' conversion; consider casting to 'unsigned char' first. [bugprone-signed-char-misuse,cert-str34-c]
  832 |         c = (signed char)net_message.data[msg_readcount];
      |             ^
/home/matt/quakespasm/Quake/common.c:1234:14: warning: 'signed char' to 'int' conversion; consider casting to 'unsigned char' first. [bugprone-signed-char-misuse,cert-str34-c]
 1234 |         while ((c = *data) <= ' ')
      |                     ^
/home/matt/quakespasm/Quake/common.c:1266:11: warning: an assignment within an 'if' condition is bug-prone [bugprone-assignment-in-if-condition]
 1266 |                         if ((c = *data) != 0)
      |                              ~~^~~~~~~
/home/matt/quakespasm/Quake/common.c:1266:11: note: if it should be an assignment, move it out of the 'if' condition
/home/matt/quakespasm/Quake/common.c:1266:11: note: if it is meant to be an equality check, change '=' to '=='
/home/matt/quakespasm/Quake/common.c:1266:13: warning: 'signed char' to 'int' conversion; consider casting to 'unsigned char' first. [bugprone-signed-char-misuse,cert-str34-c]
 1266 |                         if ((c = *data) != 0)
      |                                  ^
/home/matt/quakespasm/Quake/common.c:1299:7: warning: 'signed char' to 'int' conversion; consider casting to 'unsigned char' first. [bugprone-signed-char-misuse,cert-str34-c]
 1299 |                 c = *data;
      |                     ^
/home/matt/quakespasm/Quake/common.c:1663:2: warning: the value returned by this function should not be disregarded; neglecting it may lead to errors [cert-err33-c]
 1663 |         fseek (f, 0, SEEK_END);
      |         ^~~~~~~~~~~~~~~~~~~~~~
/home/matt/quakespasm/Quake/common.c:1663:2: note: cast the expression to void to silence this warning
/home/matt/quakespasm/Quake/common.c:1665:2: warning: the value returned by this function should not be disregarded; neglecting it may lead to errors [cert-err33-c]
 1665 |         fseek (f, pos, SEEK_SET);
      |         ^~~~~~~~~~~~~~~~~~~~~~~~
/home/matt/quakespasm/Quake/common.c:1665:2: note: cast the expression to void to silence this warning
/home/matt/quakespasm/Quake/common.c:1720:7: warning: the value returned by this function should not be disregarded; neglecting it may lead to errors [cert-err33-c]
 1720 |                                                 fseek (*file, pak->files[i].filepos, SEEK_SET);
      |                                                 ^~~~~~~~~~~~~~~~~~~~~~~~~~~~~~~~~~~~~~~~~~~~~~
/home/matt/quakespasm/Quake/common.c:1720:7: note: cast the expression to void to silence this warning
/home/matt/quakespasm/Quake/common.c:1970:3: warning: the value returned by this function should not be disregarded; neglecting it may lead to errors [cert-err33-c]
 1970 |                 fclose (f);
      |                 ^~~~~~~~~~
/home/matt/quakespasm/Quake/common.c:1970:3: note: cast the expression to void to silence this warning
/home/matt/quakespasm/Quake/common.c:1977:3: warning: the value returned by this function should not be disregarded; neglecting it may lead to errors [cert-err33-c]
 1977 |                 fclose (f);
      |                 ^~~~~~~~~~
/home/matt/quakespasm/Quake/common.c:1977:3: note: cast the expression to void to silence this warning
/home/matt/quakespasm/Quake/common.c:1985:3: warning: the value returned by this function should not be disregarded; neglecting it may lead to errors [cert-err33-c]
 1985 |                 fclose (f);
      |                 ^~~~~~~~~~
/home/matt/quakespasm/Quake/common.c:1985:3: note: cast the expression to void to silence this warning
/home/matt/quakespasm/Quake/common.c:1993:2: warning: the value returned by this function should not be disregarded; neglecting it may lead to errors [cert-err33-c]
 1993 |         fclose (f);
      |         ^~~~~~~~~~
/home/matt/quakespasm/Quake/common.c:1993:2: note: cast the expression to void to silence this warning
/home/matt/quakespasm/Quake/common.c:2000:2: warning: the value returned by this function should not be disregarded; neglecting it may lead to errors [cert-err33-c]
 2000 |         sscanf (buffer, "%i\n%n", value, &consumed);
      |         ^~~~~~~~~~~~~~~~~~~~~~~~~~~~~~~~~~~~~~~~~~~
/home/matt/quakespasm/Quake/common.c:2000:2: note: cast the expression to void to silence this warning
/home/matt/quakespasm/Quake/common.c:2000:2: warning: 'sscanf' used to convert a string to an integer value, but function will not report conversion errors; consider using 'strtol' instead [cert-err34-c]
 2000 |         sscanf (buffer, "%i\n%n", value, &consumed);
      |         ^
/home/matt/quakespasm/Quake/common.c:2007:2: warning: the value returned by this function should not be disregarded; neglecting it may lead to errors [cert-err33-c]
 2007 |         sscanf (buffer, "%f\n%n", value, &consumed);
      |         ^~~~~~~~~~~~~~~~~~~~~~~~~~~~~~~~~~~~~~~~~~~
/home/matt/quakespasm/Quake/common.c:2007:2: note: cast the expression to void to silence this warning
/home/matt/quakespasm/Quake/common.c:2007:2: warning: 'sscanf' used to convert a string to a floating-point value, but function will not report conversion errors; consider using 'strtof' instead [cert-err34-c]
 2007 |         sscanf (buffer, "%f\n%n", value, &consumed);
      |         ^
/home/matt/quakespasm/Quake/common.c:2015:2: warning: the value returned by this function should not be disregarded; neglecting it may lead to errors [cert-err33-c]
 2015 |         sscanf (buffer, "%1023s\n%n", com_token, &consumed);
      |         ^~~~~~~~~~~~~~~~~~~~~~~~~~~~~~~~~~~~~~~~~~~~~~~~~~~
/home/matt/quakespasm/Quake/common.c:2015:2: note: cast the expression to void to silence this warning
/home/matt/quakespasm/Quake/common.c:2194:8: warning: function 'strcmp' is called without explicitly comparing result [bugprone-suspicious-string-compare]
 2194 |                         if (strcmp(p2,"-hipnotic") && strcmp(p2,"-rogue") && strcmp(p2,"-quoth")) {
      |                             ^
      |                                                    != 0
/home/matt/quakespasm/Quake/common.c:2194:57: warning: function 'strcmp' is called without explicitly comparing result [bugprone-suspicious-string-compare]
 2194 |                         if (strcmp(p2,"-hipnotic") && strcmp(p2,"-rogue") && strcmp(p2,"-quoth")) {
      |                                                                              ^                  
      |                                                                                                  != 0
/home/matt/quakespasm/Quake/common.c:2495:2: warning: the value returned by this function should not be disregarded; neglecting it may lead to errors [cert-err33-c]
 2495 |         fseek(fh->file, fh->start, SEEK_SET);
      |         ^~~~~~~~~~~~~~~~~~~~~~~~~~~~~~~~~~~~
/home/matt/quakespasm/Quake/common.c:2495:2: note: cast the expression to void to silence this warning
/home/matt/quakespasm/Quake/common.c:2679:32: warning: 'localization.text' may be set to null if 'realloc' fails, which may result in a leak of the original buffer [bugprone-suspicious-realloc-usage]
 2679 |                 localization.text = (char *) realloc(localization.text, size+1);
      |                 ~~~~~~~~~~~~~~~~~            ^       ~~~~~~~~~~~~~~~~~
/home/matt/quakespasm/Quake/common.c:2809:42: warning: 'localization.entries' may be set to null if 'realloc' fails, which may result in a leak of the original buffer [bugprone-suspicious-realloc-usage]
 2809 |                                 localization.entries = (locentry_t*) realloc(localization.entries, sizeof(*localization.entries) * localization.maxnumentries);
      |                                 ~~~~~~~~~~~~~~~~~~~~                 ^       ~~~~~~~~~~~~~~~~~~~~
/home/matt/quakespasm/Quake/common.c:2830:37: warning: 'localization.indices' may be set to null if 'realloc' fails, which may result in a leak of the original buffer [bugprone-suspicious-realloc-usage]
 2830 |         localization.indices = (unsigned*) realloc(localization.indices, localization.numindices * sizeof(*localization.indices));
      |         ~~~~~~~~~~~~~~~~~~~~               ^       ~~~~~~~~~~~~~~~~~~~~
/home/matt/quakespasm/Quake/common.h:24:9: warning: declaration uses identifier '_Q_COMMON_H', which is a reserved identifier [bugprone-reserved-identifier,cert-dcl37-c,cert-dcl51-cpp]
   24 | #define _Q_COMMON_H
      |         ^~~~~~~~~~~
      |         Q_COMMON_H
/home/matt/quakespasm/Quake/common.h:146:48: warning: macro argument should be enclosed in parentheses [bugprone-macro-parentheses]
  146 | #define STRUCT_FROM_LINK(l,t,m) ((t *)((byte *)l - offsetof(t,m)))
      |                                                ^
      |                                                ()
/home/matt/quakespasm/Quake/common.h:388:16: warning: declaration uses identifier '_fshandle_t', which is reserved in the global namespace [bugprone-reserved-identifier,cert-dcl37-c,cert-dcl51-cpp]
  388 | typedef struct _fshandle_t
      |                ^~~~~~~~~~~
      |                fshandle_t
/home/matt/quakespasm/Quake/console.c:172:10: warning: result of multiplication in type 'int' is used as a pointer offset after an implicit widening conversion to type 'ptrdiff_t' [bugprone-implicit-widening-of-multiplication-result]
  172 |                 line = con_text + (l % con_totallines)*con_linewidth;
      |                        ^
/home/matt/quakespasm/Quake/console.c:172:21: note: make conversion explicit to silence this warning
   24 |                 line = con_text + (l % con_totallines)*con_linewidth;
      |                                   ^~~~~~~~~~~~~~~~~~~~~~~~~~~~~~~~~~
      |                                   (ptrdiff_t)(                      )
/home/matt/quakespasm/Quake/console.c:172:21: note: perform multiplication in a wider type
  172 |                 line = con_text + (l % con_totallines)*con_linewidth;
      |                                   ^~~~~~~~~~~~~~~~~~~
      |                                    (ptrdiff_t)
/home/matt/quakespasm/Quake/console.c:184:10: warning: result of multiplication in type 'int' is used as a pointer offset after an implicit widening conversion to type 'ptrdiff_t' [bugprone-implicit-widening-of-multiplication-result]
  184 |                 line = con_text + (l%con_totallines)*con_linewidth;
      |                        ^
/home/matt/quakespasm/Quake/console.c:184:21: note: make conversion explicit to silence this warning
  184 |                 line = con_text + (l%con_totallines)*con_linewidth;
      |                                   ^~~~~~~~~~~~~~~~~~~~~~~~~~~~~~~~
      |                                   (ptrdiff_t)(                    )
/home/matt/quakespasm/Quake/console.c:184:21: note: perform multiplication in a wider type
  184 |                 line = con_text + (l%con_totallines)*con_linewidth;
      |                                   ^~~~~~~~~~~~~~~~~
      |                                    (ptrdiff_t)
/home/matt/quakespasm/Quake/console.c:196:3: warning: the value returned by this function should not be disregarded; neglecting it may lead to errors [cert-err33-c]
  196 |                 fprintf (f, "%s\n", buffer);
      |                 ^~~~~~~~~~~~~~~~~~~~~~~~~~~
/home/matt/quakespasm/Quake/console.c:196:3: note: cast the expression to void to silence this warning
/home/matt/quakespasm/Quake/console.c:199:2: warning: the value returned by this function should not be disregarded; neglecting it may lead to errors [cert-err33-c]
  199 |         fclose (f);
      |         ^~~~~~~~~~
/home/matt/quakespasm/Quake/console.c:199:2: note: cast the expression to void to silence this warning
/home/matt/quakespasm/Quake/console.c:361:13: warning: result of multiplication in type 'int' is used as a pointer offset after an implicit widening conversion to type 'ptrdiff_t' [bugprone-implicit-widening-of-multiplication-result]
  361 |         Q_memset (&con_text[(con_current%con_totallines)*con_linewidth], ' ', con_linewidth);
      |                    ^
/home/matt/quakespasm/Quake/console.c:361:22: note: make conversion explicit to silence this warning
  361 |         Q_memset (&con_text[(con_current%con_totallines)*con_linewidth], ' ', con_linewidth);
      |                             ^~~~~~~~~~~~~~~~~~~~~~~~~~~~~~~~~~~~~~~~~~
      |                             (ptrdiff_t)(                              )
/home/matt/quakespasm/Quake/console.c:361:22: note: perform multiplication in a wider type
  361 |         Q_memset (&con_text[(con_current%con_totallines)*con_linewidth], ' ', con_linewidth);
      |                             ^~~~~~~~~~~~~~~~~~~~~~~~~~~
      |                              (ptrdiff_t)
/home/matt/quakespasm/Quake/console.c:399:15: warning: 'signed char' to 'int' conversion; consider casting to 'unsigned char' first. [bugprone-signed-char-misuse,cert-str34-c]
  399 |         while ( (c = *txt) )
      |                      ^
/home/matt/quakespasm/Quake/console.c:478:3: warning: the value returned by this function should not be disregarded; neglecting it may lead to errors [cert-err33-c]
  478 |                 fprintf (stderr, "Error writing to log file\n");
      |                 ^~~~~~~~~~~~~~~~~~~~~~~~~~~~~~~~~~~~~~~~~~~~~~~
/home/matt/quakespasm/Quake/console.c:478:3: note: cast the expression to void to silence this warning
/home/matt/quakespasm/Quake/console.c:696:2: warning: Call to function 'strcpy' is insecure as it does not provide bounding of the memory buffer. Replace unbounded copy functions with analogous functions that support length arguments such as 'strlcpy'. CWE-119 [clang-analyzer-security.insecureAPI.strcpy]
  696 |         strcpy(con_lastcenterstring, str);
      |         ^~~~~~
/home/matt/quakespasm/Quake/console.c:696:2: note: Call to function 'strcpy' is insecure as it does not provide bounding of the memory buffer. Replace unbounded copy functions with analogous functions that support length arguments such as 'strlcpy'. CWE-119
  696 |         strcpy(con_lastcenterstring, str);
      |         ^~~~~~
/home/matt/quakespasm/Quake/console.c:978:20: warning: Subtraction of two pointers that do not point into the same array is undefined behavior [clang-analyzer-security.PointerSub]
  978 |                         key_linepos = c - key_lines[edit_line] + Q_strlen(matched_map); //set new cursor position
      |                                       ~~^~~~~~~~~~~~~~~~~~~~~~
/home/matt/quakespasm/Quake/console.c:938:6: note: Assuming the condition is false
  938 |         if (key_lines[edit_line][1] == 0)
      |             ^~~~~~~~~~~~~~~~~~~~~~~~~~~~
/home/matt/quakespasm/Quake/console.c:938:2: note: Taking false branch
  938 |         if (key_lines[edit_line][1] == 0)
      |         ^
/home/matt/quakespasm/Quake/console.c:948:6: note: Assuming the condition is true
  948 |         if (!key_tabpartial[0] || !c) //first time through, find new insert point. (Otherwise, use previous.)
      |             ^~~~~~~~~~~~~~~~~~
/home/matt/quakespasm/Quake/console.c:948:25: note: Left side of '||' is true
  948 |         if (!key_tabpartial[0] || !c) //first time through, find new insert point. (Otherwise, use previous.)
      |                                ^
/home/matt/quakespasm/Quake/console.c:952:10: note: Assuming the condition is false
  952 |                 while (*c!=' ' && *c!='\"' && *c!=';' && c!=key_lines[edit_line])
      |                        ^~~~~~~
/home/matt/quakespasm/Quake/console.c:952:18: note: Left side of '&&' is false
  952 |                 while (*c!=' ' && *c!='\"' && *c!=';' && c!=key_lines[edit_line])
      |                                ^
/home/matt/quakespasm/Quake/console.c:956:2: note: Loop condition is false. Execution continues on line 958
  956 |         for (i = 0; c + i < key_lines[edit_line] + key_linepos; i++)
      |         ^
/home/matt/quakespasm/Quake/console.c:962:2: note: Loop condition is true.  Entering loop body
  962 |         for (j=0; j<num_arg_completion_types; j++)
      |         ^
/home/matt/quakespasm/Quake/console.c:969:3: note: Taking true branch
  969 |                 if (!strncmp (key_lines[edit_line] + 1, command_name, strlen(command_name)))
      |                 ^
/home/matt/quakespasm/Quake/console.c:973:8: note: Assuming the condition is false
  973 |                         if (!*matched_map)
      |                             ^~~~~~~~~~~~~
/home/matt/quakespasm/Quake/console.c:973:4: note: Taking false branch
  973 |                         if (!*matched_map)
      |                         ^
/home/matt/quakespasm/Quake/console.c:978:20: note: Subtraction of two pointers that do not point into the same array is undefined behavior
  978 |                         key_linepos = c - key_lines[edit_line] + Q_strlen(matched_map); //set new cursor position
      |                                       ~~^~~~~~~~~~~~~~~~~~~~~~
/home/matt/quakespasm/Quake/console.c:1109:10: warning: result of multiplication in type 'int' is used as a pointer offset after an implicit widening conversion to type 'ptrdiff_t' [bugprone-implicit-widening-of-multiplication-result]
 1109 |                 text = con_text + (i % con_totallines)*con_linewidth;
      |                        ^
/home/matt/quakespasm/Quake/console.c:1109:21: note: make conversion explicit to silence this warning
 1109 |                 text = con_text + (i % con_totallines)*con_linewidth;
      |                                   ^~~~~~~~~~~~~~~~~~~~~~~~~~~~~~~~~~
      |                                   (ptrdiff_t)(                      )
/home/matt/quakespasm/Quake/console.c:1109:21: note: perform multiplication in a wider type
 1109 |                 text = con_text + (i % con_totallines)*con_linewidth;
      |                                   ^~~~~~~~~~~~~~~~~~~
      |                                    (ptrdiff_t)
/home/matt/quakespasm/Quake/console.c:1149:3: warning: Value stored to 'v' is never read [clang-analyzer-deadcode.DeadStores]
 1149 |                 v += 8;
      |                 ^    ~
/home/matt/quakespasm/Quake/console.c:1149:3: note: Value stored to 'v' is never read
 1149 |                 v += 8;
      |                 ^    ~
/home/matt/quakespasm/Quake/console.c:1223:10: warning: result of multiplication in type 'int' is used as a pointer offset after an implicit widening conversion to type 'ptrdiff_t' [bugprone-implicit-widening-of-multiplication-result]
 1223 |                 text = con_text + (j % con_totallines)*con_linewidth;
      |                        ^
/home/matt/quakespasm/Quake/console.c:1223:21: note: make conversion explicit to silence this warning
 1223 |                 text = con_text + (j % con_totallines)*con_linewidth;
      |                                   ^~~~~~~~~~~~~~~~~~~~~~~~~~~~~~~~~~
      |                                   (ptrdiff_t)(                      )
/home/matt/quakespasm/Quake/console.c:1223:21: note: perform multiplication in a wider type
 1223 |                 text = con_text + (j % con_totallines)*con_linewidth;
      |                                   ^~~~~~~~~~~~~~~~~~~
      |                                    (ptrdiff_t)
/home/matt/quakespasm/Quake/console.c:1298:2: warning: the value returned by this function should not be disregarded; neglecting it may lead to errors [cert-err33-c]
 1298 |         strftime (session, sizeof(session), "%m/%d/%Y %H:%M:%S", localtime(&inittime));
      |         ^~~~~~~~~~~~~~~~~~~~~~~~~~~~~~~~~~~~~~~~~~~~~~~~~~~~~~~~~~~~~~~~~~~~~~~~~~~~~~
/home/matt/quakespasm/Quake/console.c:1298:2: note: cast the expression to void to silence this warning
/home/matt/quakespasm/Quake/console.c:1306:3: warning: the value returned by this function should not be disregarded; neglecting it may lead to errors [cert-err33-c]
 1306 |                 fprintf (stderr, "Error: Unable to create log file %s\n", logfilename);
      |                 ^~~~~~~~~~~~~~~~~~~~~~~~~~~~~~~~~~~~~~~~~~~~~~~~~~~~~~~~~~~~~~~~~~~~~~
/home/matt/quakespasm/Quake/console.c:1306:3: note: cast the expression to void to silence this warning
/home/matt/quakespasm/Quake/console.h:24:9: warning: declaration uses identifier '__CONSOLE_H', which is a reserved identifier [bugprone-reserved-identifier,cert-dcl37-c,cert-dcl51-cpp]
   24 | #define __CONSOLE_H
      |         ^~~~~~~~~~~
      |         CONSOLE_H
/home/matt/quakespasm/Quake/crc.h:23:9: warning: declaration uses identifier '_QUAKE_CRC_H', which is a reserved identifier [bugprone-reserved-identifier,cert-dcl37-c,cert-dcl51-cpp]
   23 | #define _QUAKE_CRC_H
      |         ^~~~~~~~~~~~
      |         QUAKE_CRC_H
/home/matt/quakespasm/Quake/cvar.c:162:3: warning: repeated branch body in conditional chain [bugprone-branch-clone]
  162 |                 Cvar_Set (Cmd_Argv(1), Cmd_Argv(2)); // no match
      |                 ^
/home/matt/quakespasm/Quake/cvar.c:162:38: note: end of the original
  162 |                 Cvar_Set (Cmd_Argv(1), Cmd_Argv(2)); // no match
      |                                                    ^
/home/matt/quakespasm/Quake/cvar.c:164:3: note: clone 1 starts here
  164 |                 Cvar_Set (Cmd_Argv(1), Cmd_Argv(2)); // matched last value in list
      |                 ^
/home/matt/quakespasm/Quake/cvar.c:443:10: warning: decrementing and referencing a variable in a complex condition can cause unintended side-effects due to C++'s order of evaluation, consider moving the modification outside of the condition to avoid misunderstandings [bugprone-inc-dec-in-conditions]
  443 |                 while (--ptr > val && *ptr == '0' && ptr[-1] != '.')
      |                        ^
/home/matt/quakespasm/Quake/cvar.c:443:26: note: variable is referenced here
  443 |                 while (--ptr > val && *ptr == '0' && ptr[-1] != '.')
      |                                        ^
/home/matt/quakespasm/Quake/cvar.c:486:10: warning: decrementing and referencing a variable in a complex condition can cause unintended side-effects due to C++'s order of evaluation, consider moving the modification outside of the condition to avoid misunderstandings [bugprone-inc-dec-in-conditions]
  486 |                 while (--ptr > val && *ptr == '0' && ptr[-1] != '.')
      |                        ^
/home/matt/quakespasm/Quake/cvar.c:486:26: note: variable is referenced here
  486 |                 while (--ptr > val && *ptr == '0' && ptr[-1] != '.')
      |                                        ^
/home/matt/quakespasm/Quake/cvar.c:649:4: warning: the value returned by this function should not be disregarded; neglecting it may lead to errors [cert-err33-c]
  649 |                         fprintf (f, "%s \"%s\"\n", var->name, var->string);
      |                         ^~~~~~~~~~~~~~~~~~~~~~~~~~~~~~~~~~~~~~~~~~~~~~~~~~
/home/matt/quakespasm/Quake/cvar.c:649:4: note: cast the expression to void to silence this warning
/home/matt/quakespasm/Quake/cvar.h:24:9: warning: declaration uses identifier '__CVAR_H__', which is a reserved identifier [bugprone-reserved-identifier,cert-dcl37-c,cert-dcl51-cpp]
   24 | #define __CVAR_H__
      |         ^~~~~~~~~~
      |         CVAR_H_
/home/matt/quakespasm/Quake/cvar.h:101:43: warning: parameter 'value' is const-qualified in the function declaration; const-qualification of parameters only has an effect in function definitions [readability-avoid-const-params-in-decls]
  101 | void    Cvar_SetValue (const char *var_name, const float value);
      |                                              ^~~~~
/home/matt/quakespasm/Quake/cvar.h:105:46: warning: parameter 'value' is const-qualified in the function declaration; const-qualification of parameters only has an effect in function definitions [readability-avoid-const-params-in-decls]
  105 | void    Cvar_SetValueROM (const char *var_name, const float value);
      |                                                 ^~~~~
/home/matt/quakespasm/Quake/cvar.h:109:39: warning: parameter 'value' is const-qualified in the function declaration; const-qualification of parameters only has an effect in function definitions [readability-avoid-const-params-in-decls]
  109 | void Cvar_SetValueQuick (cvar_t *var, const float value);
      |                                       ^~~~~
/home/matt/quakespasm/Quake/draw.h:24:9: warning: declaration uses identifier '_QUAKE_DRAW_H', which is a reserved identifier [bugprone-reserved-identifier,cert-dcl37-c,cert-dcl51-cpp]
   24 | #define _QUAKE_DRAW_H
      |         ^~~~~~~~~~~~~
      |         QUAKE_DRAW_H
/home/matt/quakespasm/Quake/gl_draw.c:182:31: warning: The left operand of '+' is a garbage value [clang-analyzer-core.UndefinedBinaryOperatorResult]
  182 |                         scrap_allocated[texnum][*x + i] = best + h;
      |                                                    ^
/home/matt/quakespasm/Quake/gl_draw.c:417:2: note: Calling 'Draw_LoadPics'
  417 |         Draw_LoadPics ();
      |         ^~~~~~~~~~~~~~~~
/home/matt/quakespasm/Quake/gl_draw.c:359:6: note: Assuming 'data' is non-null
  359 |         if (!data) Sys_Error ("Draw_LoadPics: couldn't load conchars");
      |             ^~~~~
/home/matt/quakespasm/Quake/gl_draw.c:359:2: note: Taking false branch
  359 |         if (!data) Sys_Error ("Draw_LoadPics: couldn't load conchars");
      |         ^
/home/matt/quakespasm/Quake/gl_draw.c:364:14: note: Calling 'Draw_PicFromWad'
  364 |         draw_disc = Draw_PicFromWad ("disc");
      |                     ^~~~~~~~~~~~~~~~~~~~~~~~
/home/matt/quakespasm/Quake/gl_draw.c:223:6: note: Assuming 'p' is non-null
  223 |         if (!p) return pic_nul; //johnfitz
      |             ^~
/home/matt/quakespasm/Quake/gl_draw.c:223:2: note: Taking false branch
  223 |         if (!p) return pic_nul; //johnfitz
      |         ^
/home/matt/quakespasm/Quake/gl_draw.c:226:6: note: Assuming field 'width' is < 64
  226 |         if (p->width < 64 && p->height < 64)
      |             ^~~~~~~~~~~~~
/home/matt/quakespasm/Quake/gl_draw.c:226:6: note: Left side of '&&' is true
/home/matt/quakespasm/Quake/gl_draw.c:226:23: note: Assuming field 'height' is < 64
  226 |         if (p->width < 64 && p->height < 64)
      |                              ^~~~~~~~~~~~~~
/home/matt/quakespasm/Quake/gl_draw.c:226:2: note: Taking true branch
  226 |         if (p->width < 64 && p->height < 64)
      |         ^
/home/matt/quakespasm/Quake/gl_draw.c:228:8: note: 'x' declared without an initial value
  228 |                 int             x, y;
      |                                 ^
/home/matt/quakespasm/Quake/gl_draw.c:232:12: note: Calling 'Scrap_AllocBlock'
  232 |                 texnum = Scrap_AllocBlock (p->width, p->height, &x, &y);
      |                          ^~~~~~~~~~~~~~~~~~~~~~~~~~~~~~~~~~~~~~~~~~~~~~
/home/matt/quakespasm/Quake/gl_draw.c:156:2: note: Loop condition is true.  Entering loop body
  156 |         for (texnum=0 ; texnum<MAX_SCRAPS ; texnum++)
      |         ^
/home/matt/quakespasm/Quake/gl_draw.c:160:14: note: Assuming the condition is false
  160 |                 for (i=0 ; i<BLOCK_WIDTH-w ; i++)
      |                            ^~~~~~~~~~~~~~~
/home/matt/quakespasm/Quake/gl_draw.c:160:3: note: Loop condition is false. Execution continues on line 178
  160 |                 for (i=0 ; i<BLOCK_WIDTH-w ; i++)
      |                 ^
/home/matt/quakespasm/Quake/gl_draw.c:178:7: note: Assuming the condition is false
  178 |                 if (best + h > BLOCK_HEIGHT)
      |                     ^~~~~~~~~~~~~~~~~~~~~~~
/home/matt/quakespasm/Quake/gl_draw.c:178:3: note: Taking false branch
  178 |                 if (best + h > BLOCK_HEIGHT)
      |                 ^
/home/matt/quakespasm/Quake/gl_draw.c:181:14: note: Assuming 'i' is < 'w'
  181 |                 for (i=0 ; i<w ; i++)
      |                            ^~~
/home/matt/quakespasm/Quake/gl_draw.c:181:3: note: Loop condition is true.  Entering loop body
  181 |                 for (i=0 ; i<w ; i++)
      |                 ^
/home/matt/quakespasm/Quake/gl_draw.c:182:31: note: The left operand of '+' is a garbage value
  182 |                         scrap_allocated[texnum][*x + i] = best + h;
      |                                                 ~~ ^
/home/matt/quakespasm/Quake/gl_draw.c:203:3: warning: the value returned by this function should not be disregarded; neglecting it may lead to errors [cert-err33-c]
  203 |                 sprintf (name, "scrap%i", i);
      |                 ^~~~~~~~~~~~~~~~~~~~~~~~~~~~
/home/matt/quakespasm/Quake/gl_draw.c:203:3: note: cast the expression to void to silence this warning
/home/matt/quakespasm/Quake/gl_draw.c:242:12: warning: The left operand of '/' is a garbage value [clang-analyzer-core.UndefinedBinaryOperatorResult]
  242 |                 gl.sl = x/(float)BLOCK_WIDTH;
      |                          ^
/home/matt/quakespasm/Quake/gl_draw.c:417:2: note: Calling 'Draw_LoadPics'
  417 |         Draw_LoadPics ();
      |         ^~~~~~~~~~~~~~~~
/home/matt/quakespasm/Quake/gl_draw.c:359:6: note: Assuming 'data' is non-null
  359 |         if (!data) Sys_Error ("Draw_LoadPics: couldn't load conchars");
      |             ^~~~~
/home/matt/quakespasm/Quake/gl_draw.c:359:2: note: Taking false branch
  359 |         if (!data) Sys_Error ("Draw_LoadPics: couldn't load conchars");
      |         ^
/home/matt/quakespasm/Quake/gl_draw.c:364:14: note: Calling 'Draw_PicFromWad'
  364 |         draw_disc = Draw_PicFromWad ("disc");
      |                     ^~~~~~~~~~~~~~~~~~~~~~~~
/home/matt/quakespasm/Quake/gl_draw.c:223:6: note: Assuming 'p' is non-null
  223 |         if (!p) return pic_nul; //johnfitz
      |             ^~
/home/matt/quakespasm/Quake/gl_draw.c:223:2: note: Taking false branch
  223 |         if (!p) return pic_nul; //johnfitz
      |         ^
/home/matt/quakespasm/Quake/gl_draw.c:226:6: note: Assuming field 'width' is < 64
  226 |         if (p->width < 64 && p->height < 64)
      |             ^~~~~~~~~~~~~
/home/matt/quakespasm/Quake/gl_draw.c:226:6: note: Left side of '&&' is true
/home/matt/quakespasm/Quake/gl_draw.c:226:23: note: Assuming field 'height' is < 64
  226 |         if (p->width < 64 && p->height < 64)
      |                              ^~~~~~~~~~~~~~
/home/matt/quakespasm/Quake/gl_draw.c:226:2: note: Taking true branch
  226 |         if (p->width < 64 && p->height < 64)
      |         ^
/home/matt/quakespasm/Quake/gl_draw.c:228:8: note: 'x' declared without an initial value
  228 |                 int             x, y;
      |                                 ^
/home/matt/quakespasm/Quake/gl_draw.c:232:12: note: Calling 'Scrap_AllocBlock'
  232 |                 texnum = Scrap_AllocBlock (p->width, p->height, &x, &y);
      |                          ^~~~~~~~~~~~~~~~~~~~~~~~~~~~~~~~~~~~~~~~~~~~~~
/home/matt/quakespasm/Quake/gl_draw.c:156:2: note: Loop condition is true.  Entering loop body
  156 |         for (texnum=0 ; texnum<MAX_SCRAPS ; texnum++)
      |         ^
/home/matt/quakespasm/Quake/gl_draw.c:160:14: note: Assuming the condition is false
  160 |                 for (i=0 ; i<BLOCK_WIDTH-w ; i++)
      |                            ^~~~~~~~~~~~~~~
/home/matt/quakespasm/Quake/gl_draw.c:160:3: note: Loop condition is false. Execution continues on line 178
  160 |                 for (i=0 ; i<BLOCK_WIDTH-w ; i++)
      |                 ^
/home/matt/quakespasm/Quake/gl_draw.c:178:7: note: Assuming the condition is false
  178 |                 if (best + h > BLOCK_HEIGHT)
      |                     ^~~~~~~~~~~~~~~~~~~~~~~
/home/matt/quakespasm/Quake/gl_draw.c:178:3: note: Taking false branch
  178 |                 if (best + h > BLOCK_HEIGHT)
      |                 ^
/home/matt/quakespasm/Quake/gl_draw.c:181:14: note: Assuming 'i' is >= 'w'
  181 |                 for (i=0 ; i<w ; i++)
      |                            ^~~
/home/matt/quakespasm/Quake/gl_draw.c:181:3: note: Loop condition is false. Execution continues on line 184
  181 |                 for (i=0 ; i<w ; i++)
      |                 ^
/home/matt/quakespasm/Quake/gl_draw.c:184:3: note: Returning without writing to '*x'
  184 |                 return texnum;
      |                 ^
/home/matt/quakespasm/Quake/gl_draw.c:232:12: note: Returning from 'Scrap_AllocBlock'
  232 |                 texnum = Scrap_AllocBlock (p->width, p->height, &x, &y);
      |                          ^~~~~~~~~~~~~~~~~~~~~~~~~~~~~~~~~~~~~~~~~~~~~~
/home/matt/quakespasm/Quake/gl_draw.c:235:14: note: 'i' is >= field 'height'
  235 |                 for (i=0 ; i<p->height ; i++)
      |                            ^
/home/matt/quakespasm/Quake/gl_draw.c:235:3: note: Loop condition is false. Execution continues on line 240
  235 |                 for (i=0 ; i<p->height ; i++)
      |                 ^
/home/matt/quakespasm/Quake/gl_draw.c:242:12: note: The left operand of '/' is a garbage value
  242 |                 gl.sl = x/(float)BLOCK_WIDTH;
      |                         ~^
/home/matt/quakespasm/Quake/gl_draw.c:287:2: warning: Call to function 'strcpy' is insecure as it does not provide bounding of the memory buffer. Replace unbounded copy functions with analogous functions that support length arguments such as 'strlcpy'. CWE-119 [clang-analyzer-security.insecureAPI.strcpy]
  287 |         strcpy (pic->name, path);
      |         ^~~~~~
/home/matt/quakespasm/Quake/gl_draw.c:287:2: note: Call to function 'strcpy' is insecure as it does not provide bounding of the memory buffer. Replace unbounded copy functions with analogous functions that support length arguments such as 'strlcpy'. CWE-119
  287 |         strcpy (pic->name, path);
      |         ^~~~~~
/home/matt/quakespasm/Quake/gl_draw.c:301:39: warning: performing an implicit widening conversion to type 'unsigned long' of a multiplication performed in type 'int' [bugprone-implicit-widening-of-multiplication-result]
  301 |                 memcpy (menuplyr_pixels, dat->data, dat->width*dat->height);
      |                                                     ^
/home/matt/quakespasm/Quake/gl_draw.c:301:39: note: make conversion explicit to silence this warning
   26 |                 memcpy (menuplyr_pixels, dat->data, dat->width*dat->height);
      |                                                     ^~~~~~~~~~~~~~~~~~~~~~
      |                                                     (unsigned long)(      )
/home/matt/quakespasm/Quake/gl_draw.c:301:39: note: perform multiplication in a wider type
  301 |                 memcpy (menuplyr_pixels, dat->data, dat->width*dat->height);
      |                                                     ^~~~~~~~~~
      |                                                     (long)
/home/matt/quakespasm/Quake/gl_draw.c:631:13: warning: result of multiplication in type 'int' is used as a pointer offset after an implicit widening conversion to type 'ptrdiff_t' [bugprone-implicit-widening-of-multiplication-result]
  631 |         glColor4f (pal[c*4]/255.0, pal[c*4+1]/255.0, pal[c*4+2]/255.0, alpha); //johnfitz -- added alpha
      |                    ^
/home/matt/quakespasm/Quake/gl_draw.c:631:17: note: make conversion explicit to silence this warning
  631 |         glColor4f (pal[c*4]/255.0, pal[c*4+1]/255.0, pal[c*4+2]/255.0, alpha); //johnfitz -- added alpha
      |                        ^~~
      |                        (ptrdiff_t)( )
/home/matt/quakespasm/Quake/gl_draw.c:631:17: note: perform multiplication in a wider type
  631 |         glColor4f (pal[c*4]/255.0, pal[c*4+1]/255.0, pal[c*4+2]/255.0, alpha); //johnfitz -- added alpha
      |                        ^
      |                        (ptrdiff_t)
/home/matt/quakespasm/Quake/gl_draw.c:731:12: warning: result of integer division used in a floating point context; possible loss of precision [bugprone-integer-division]
  731 |                 glOrtho (scr_vrect.width/-2/s, scr_vrect.width/2/s, scr_vrect.height/2/s, scr_vrect.height/-2/s, -99999, 99999);
      |                          ^
/home/matt/quakespasm/Quake/gl_draw.c:731:34: warning: result of integer division used in a floating point context; possible loss of precision [bugprone-integer-division]
  731 |                 glOrtho (scr_vrect.width/-2/s, scr_vrect.width/2/s, scr_vrect.height/2/s, scr_vrect.height/-2/s, -99999, 99999);
      |                                                ^
/home/matt/quakespasm/Quake/gl_draw.c:731:55: warning: result of integer division used in a floating point context; possible loss of precision [bugprone-integer-division]
  731 |                 glOrtho (scr_vrect.width/-2/s, scr_vrect.width/2/s, scr_vrect.height/2/s, scr_vrect.height/-2/s, -99999, 99999);
      |                                                                     ^
/home/matt/quakespasm/Quake/gl_draw.c:731:77: warning: result of integer division used in a floating point context; possible loss of precision [bugprone-integer-division]
  731 |                 glOrtho (scr_vrect.width/-2/s, scr_vrect.width/2/s, scr_vrect.height/2/s, scr_vrect.height/-2/s, -99999, 99999);
      |                                                                                           ^
/home/matt/quakespasm/Quake/gl_fog.c:232:4: warning: the value returned by this function should not be disregarded; neglecting it may lead to errors [cert-err33-c]
  232 |                         sscanf(value, "%f %f %f %f", &fog_density, &fog_red, &fog_green, &fog_blue);
      |                         ^~~~~~~~~~~~~~~~~~~~~~~~~~~~~~~~~~~~~~~~~~~~~~~~~~~~~~~~~~~~~~~~~~~~~~~~~~~
/home/matt/quakespasm/Quake/gl_fog.c:232:4: note: cast the expression to void to silence this warning
/home/matt/quakespasm/Quake/gl_fog.c:232:4: warning: 'sscanf' used to convert a string to a floating-point value, but function will not report conversion errors; consider using 'strtof' instead [cert-err34-c]
  232 |                         sscanf(value, "%f %f %f %f", &fog_density, &fog_red, &fog_green, &fog_blue);
      |                         ^
/home/matt/quakespasm/Quake/gl_mesh.c:262:10: warning: result of integer division used in a floating point context; possible loss of precision [bugprone-integer-division]
  262 |                                 s += pheader->skinwidth / 2;    // on back side
      |                                      ^
/home/matt/quakespasm/Quake/gl_mesh.c:336:37: warning: performing an implicit widening conversion to type 'unsigned long' of a multiplication performed in type 'int' [bugprone-implicit-widening-of-multiplication-result]
  336 |         verts = (trivertx_t *) Hunk_Alloc (paliashdr->numposes * paliashdr->poseverts * sizeof(trivertx_t));
      |                                            ^
/home/matt/quakespasm/Quake/gl_mesh.c:336:37: note: make conversion explicit to silence this warning
   24 |         verts = (trivertx_t *) Hunk_Alloc (paliashdr->numposes * paliashdr->poseverts * sizeof(trivertx_t));
      |                                            ^~~~~~~~~~~~~~~~~~~~~~~~~~~~~~~~~~~~~~~~~~
      |                                            (unsigned long)(                          )
/home/matt/quakespasm/Quake/gl_mesh.c:336:37: note: perform multiplication in a wider type
  336 |         verts = (trivertx_t *) Hunk_Alloc (paliashdr->numposes * paliashdr->poseverts * sizeof(trivertx_t));
      |                                            ^~~~~~~~~~~~~~~~~~~
      |                                            (long)
/home/matt/quakespasm/Quake/gl_mesh.c:374:37: warning: performing an implicit widening conversion to type 'unsigned long' of a multiplication performed in type 'int' [bugprone-implicit-widening-of-multiplication-result]
  374 |         verts = (trivertx_t *) Hunk_Alloc (paliashdr->numposes * paliashdr->numverts * sizeof(trivertx_t));
      |                                            ^
/home/matt/quakespasm/Quake/gl_mesh.c:374:37: note: make conversion explicit to silence this warning
  374 |         verts = (trivertx_t *) Hunk_Alloc (paliashdr->numposes * paliashdr->numverts * sizeof(trivertx_t));
      |                                            ^~~~~~~~~~~~~~~~~~~~~~~~~~~~~~~~~~~~~~~~~
      |                                            (unsigned long)(                         )
/home/matt/quakespasm/Quake/gl_mesh.c:374:37: note: perform multiplication in a wider type
  374 |         verts = (trivertx_t *) Hunk_Alloc (paliashdr->numposes * paliashdr->numverts * sizeof(trivertx_t));
      |                                            ^~~~~~~~~~~~~~~~~~~
      |                                            (long)
/home/matt/quakespasm/Quake/gl_mesh.c:396:41: warning: performing an implicit widening conversion to type 'unsigned long' of a multiplication performed in type 'int' [bugprone-implicit-widening-of-multiplication-result]
  396 |         remap = (unsigned short *) Hunk_Alloc (paliashdr->numverts * 2 * sizeof (remap[0]));
      |                                                ^
/home/matt/quakespasm/Quake/gl_mesh.c:396:41: note: make conversion explicit to silence this warning
  396 |         remap = (unsigned short *) Hunk_Alloc (paliashdr->numverts * 2 * sizeof (remap[0]));
      |                                                ^~~~~~~~~~~~~~~~~~~~~~~
      |                                                (unsigned long)(       )
/home/matt/quakespasm/Quake/gl_mesh.c:396:41: note: perform multiplication in a wider type
  396 |         remap = (unsigned short *) Hunk_Alloc (paliashdr->numverts * 2 * sizeof (remap[0]));
      |                                                ^~~~~~~~~~~~~~~~~~~
      |                                                (long)
/home/matt/quakespasm/Quake/gl_mesh.c:484:19: warning: performing an implicit widening conversion to type 'unsigned long' of a multiplication performed in type 'int' [bugprone-implicit-widening-of-multiplication-result]
  484 |         totalvbosize += (hdr->numposes * hdr->numverts_vbo * sizeof (meshxyz_t)); // ericw -- what RMQEngine called nummeshframes is called numposes in QuakeSpasm
      |                          ^
/home/matt/quakespasm/Quake/gl_mesh.c:484:19: note: make conversion explicit to silence this warning
  484 |         totalvbosize += (hdr->numposes * hdr->numverts_vbo * sizeof (meshxyz_t)); // ericw -- what RMQEngine called nummeshframes is called numposes in QuakeSpasm
      |                          ^~~~~~~~~~~~~~~~~~~~~~~~~~~~~~~~~
      |                          (unsigned long)(                 )
/home/matt/quakespasm/Quake/gl_mesh.c:484:19: note: perform multiplication in a wider type
  484 |         totalvbosize += (hdr->numposes * hdr->numverts_vbo * sizeof (meshxyz_t)); // ericw -- what RMQEngine called nummeshframes is called numposes in QuakeSpasm
      |                          ^~~~~~~~~~~~~
      |                          (long)
/home/matt/quakespasm/Quake/gl_mesh.c:516:46: warning: performing an implicit widening conversion to type 'unsigned long' of a multiplication performed in type 'int' [bugprone-implicit-widening-of-multiplication-result]
  516 |                 meshxyz_t *xyz = (meshxyz_t *) (vbodata + (f * hdr->numverts_vbo * sizeof (meshxyz_t)));
      |                                                            ^
/home/matt/quakespasm/Quake/gl_mesh.c:516:46: note: make conversion explicit to silence this warning
  516 |                 meshxyz_t *xyz = (meshxyz_t *) (vbodata + (f * hdr->numverts_vbo * sizeof (meshxyz_t)));
      |                                                            ^~~~~~~~~~~~~~~~~~~~~
      |                                                            (unsigned long)(     )
/home/matt/quakespasm/Quake/gl_mesh.c:516:46: note: perform multiplication in a wider type
  516 |                 meshxyz_t *xyz = (meshxyz_t *) (vbodata + (f * hdr->numverts_vbo * sizeof (meshxyz_t)));
      |                                                            ^
      |                                                            (long)
/home/matt/quakespasm/Quake/gl_mesh.c:517:26: warning: result of multiplication in type 'int' is used as a pointer offset after an implicit widening conversion to type 'ptrdiff_t' [bugprone-implicit-widening-of-multiplication-result]
  517 |                 const trivertx_t *tv = trivertexes + (hdr->numverts * f);
      |                                        ^
/home/matt/quakespasm/Quake/gl_mesh.c:517:41: note: make conversion explicit to silence this warning
  517 |                 const trivertx_t *tv = trivertexes + (hdr->numverts * f);
      |                                                       ^~~~~~~~~~~~~~~~~
      |                                                       (ptrdiff_t)(     )
/home/matt/quakespasm/Quake/gl_mesh.c:517:41: note: perform multiplication in a wider type
  517 |                 const trivertx_t *tv = trivertexes + (hdr->numverts * f);
      |                                                       ^~~~~~~~~~~~~
      |                                                       (ptrdiff_t)
/home/matt/quakespasm/Quake/gl_mesh.c:586:11: warning: an assignment within an 'if' condition is bug-prone [bugprone-assignment-in-if-condition]
  586 |                 if (!(m = cl.model_precache[j])) break;
      |                       ~~^~~~~~~~~~~~~~~~~~~~~~
/home/matt/quakespasm/Quake/gl_mesh.c:586:11: note: if it should be an assignment, move it out of the 'if' condition
/home/matt/quakespasm/Quake/gl_mesh.c:586:11: note: if it is meant to be an equality check, change '=' to '=='
/home/matt/quakespasm/Quake/gl_mesh.c:612:11: warning: an assignment within an 'if' condition is bug-prone [bugprone-assignment-in-if-condition]
  612 |                 if (!(m = cl.model_precache[j])) break;
      |                       ~~^~~~~~~~~~~~~~~~~~~~~~
/home/matt/quakespasm/Quake/gl_mesh.c:612:11: note: if it should be an assignment, move it out of the 'if' condition
/home/matt/quakespasm/Quake/gl_mesh.c:612:11: note: if it is meant to be an equality check, change '=' to '=='
/home/matt/quakespasm/Quake/gl_model.c:150:31: warning: 'mod_decompressed' may be set to null if 'realloc' fails, which may result in a leak of the original buffer [bugprone-suspicious-realloc-usage]
  150 |                 mod_decompressed = (byte *) realloc (mod_decompressed, mod_decompressed_capacity);
      |                 ~~~~~~~~~~~~~~~~            ^        ~~~~~~~~~~~~~~~~
/home/matt/quakespasm/Quake/gl_model.c:210:24: warning: 'mod_novis' may be set to null if 'realloc' fails, which may result in a leak of the original buffer [bugprone-suspicious-realloc-usage]
  210 |                 mod_novis = (byte *) realloc (mod_novis, mod_novis_capacity);
      |                 ~~~~~~~~~            ^        ~~~~~~~~~
/home/matt/quakespasm/Quake/gl_model.c:429:6: warning: function 'strcmp' is called without explicitly comparing result [bugprone-suspicious-string-compare]
  429 |         if (strcmp (mod->name, sv.modelname))
      |             ^                               
      |                                              != 0
/home/matt/quakespasm/Quake/gl_model.c:732:16: warning: result of multiplication in type 'int' is used as a pointer offset after an implicit widening conversion to type 'ptrdiff_t' [bugprone-implicit-widening-of-multiplication-result]
  732 |                         palette_p = (byte *)(mt + 1) + pixels / 64 * 85;
      |                                     ^
/home/matt/quakespasm/Quake/gl_model.c:732:35: note: make conversion explicit to silence this warning
   27 |                         palette_p = (byte *)(mt + 1) + pixels / 64 * 85;
      |                                                        ^~~~~~~~~~~~~~~~
      |                                                        (ptrdiff_t)(    )
/home/matt/quakespasm/Quake/gl_model.c:732:35: note: perform multiplication in a wider type
  732 |                         palette_p = (byte *)(mt + 1) + pixels / 64 * 85;
      |                                                        ^~~~~~~~~~~
      |                                                        (ptrdiff_t)
/home/matt/quakespasm/Quake/gl_model.c:978:11: warning: multilevel pointer conversion from 'texture_t **' (aka 'struct texture_s **') to 'void *', please use explicit cast [bugprone-multi-level-implicit-pointer-conversion]
  978 |                 memset (anims, 0, sizeof(anims));
      |                         ^
/home/matt/quakespasm/Quake/gl_model.c:979:11: warning: multilevel pointer conversion from 'texture_t **' (aka 'struct texture_s **') to 'void *', please use explicit cast [bugprone-multi-level-implicit-pointer-conversion]
  979 |                 memset (altanims, 0, sizeof(altanims));
      |                         ^
/home/matt/quakespasm/Quake/gl_model.c:981:13: warning: 'signed char' to 'int' conversion; consider casting to 'unsigned char' first. [bugprone-signed-char-misuse,cert-str34-c]
  981 |                 maxanim = tx->name[1];
      |                           ^
/home/matt/quakespasm/Quake/gl_model.c:982:3: warning: Value stored to 'altmax' is never read [clang-analyzer-deadcode.DeadStores]
  982 |                 altmax = 0;
      |                 ^        ~
/home/matt/quakespasm/Quake/gl_model.c:982:3: note: Value stored to 'altmax' is never read
  982 |                 altmax = 0;
      |                 ^        ~
/home/matt/quakespasm/Quake/gl_model.c:1007:8: warning: function 'strcmp' is called without explicitly comparing result [bugprone-suspicious-string-compare]
 1007 |                         if (strcmp (tx2->name+2, tx->name+2))
      |                             ^                               
      |                                                              != 0
/home/matt/quakespasm/Quake/gl_model.c:1010:10: warning: 'signed char' to 'int' conversion; consider casting to 'unsigned char' first. [bugprone-signed-char-misuse,cert-str34-c]
 1010 |                         num = tx2->name[1];
      |                               ^
/home/matt/quakespasm/Quake/gl_model.c:1156:7: warning: result of multiplication in type 'int' is used as a pointer offset after an implicit widening conversion to type 'ptrdiff_t' [bugprone-implicit-widening-of-multiplication-result]
 1156 |         in = loadmodel->lightdata + l->filelen*2; // place the file at the end, so it will not be overwritten until the very last write
      |              ^
/home/matt/quakespasm/Quake/gl_model.c:1156:30: note: make conversion explicit to silence this warning
 1156 |         in = loadmodel->lightdata + l->filelen*2; // place the file at the end, so it will not be overwritten until the very last write
      |                                     ^~~~~~~~~~~~
      |                                     (ptrdiff_t)()
/home/matt/quakespasm/Quake/gl_model.c:1156:30: note: perform multiplication in a wider type
 1156 |         in = loadmodel->lightdata + l->filelen*2; // place the file at the end, so it will not be overwritten until the very last write
      |                                     ^~~~~~~~~~
      |                                     (ptrdiff_t)
/home/matt/quakespasm/Quake/gl_model.c:1443:14: warning: call to 'floor' promotes float to double [performance-type-promotion-in-math-fn]
 1443 |                 bmins[i] = floor(mins[i]/16);
      |                            ^~~~~
      |                            floorf
/home/matt/quakespasm/Quake/gl_model.c:1444:14: warning: call to 'ceil' promotes float to double [performance-type-promotion-in-math-fn]
 1444 |                 bmaxs[i] = ceil(maxs[i]/16);
      |                            ^~~~
      |                            ceilf
/home/matt/quakespasm/Quake/gl_model.c:1474:53: warning: performing an implicit widening conversion to type 'unsigned long' of a multiplication performed in type 'int' [bugprone-implicit-widening-of-multiplication-result]
 1474 |         poly = (glpoly_t *) Hunk_Alloc (sizeof(glpoly_t) + (numverts-4) * VERTEXSIZE*sizeof(float));
      |                                                            ^
/home/matt/quakespasm/Quake/gl_model.c:1474:53: note: make conversion explicit to silence this warning
 1474 |         poly = (glpoly_t *) Hunk_Alloc (sizeof(glpoly_t) + (numverts-4) * VERTEXSIZE*sizeof(float));
      |                                                            ^~~~~~~~~~~~~~~~~~~~~~~~~
      |                                                            (unsigned long)(         )
/home/matt/quakespasm/Quake/gl_model.c:1474:53: note: perform multiplication in a wider type
 1474 |         poly = (glpoly_t *) Hunk_Alloc (sizeof(glpoly_t) + (numverts-4) * VERTEXSIZE*sizeof(float));
      |                                                            ^~~~~~~~~~~
      |                                                             (long)
/home/matt/quakespasm/Quake/gl_model.c:1620:19: warning: result of multiplication in type 'int' is used as a pointer offset after an implicit widening conversion to type 'ptrdiff_t' [bugprone-implicit-widening-of-multiplication-result]
 1620 |                         out->samples = loadmodel->lightdata + (lofs * 3); //johnfitz -- lit support via lordhavoc (was "+ i")
      |                                        ^
/home/matt/quakespasm/Quake/gl_model.c:1620:43: note: make conversion explicit to silence this warning
 1620 |                         out->samples = loadmodel->lightdata + (lofs * 3); //johnfitz -- lit support via lordhavoc (was "+ i")
      |                                                                ^~~~~~~~
      |                                                                (ptrdiff_t)( )
/home/matt/quakespasm/Quake/gl_model.c:1620:43: note: perform multiplication in a wider type
 1620 |                         out->samples = loadmodel->lightdata + (lofs * 3); //johnfitz -- lit support via lordhavoc (was "+ i")
      |                                                                ^~~~
      |                                                                (ptrdiff_t)
/home/matt/quakespasm/Quake/gl_model.c:1682:13: warning: function 'Mod_SetParent' is within a recursive call chain [misc-no-recursion]
 1682 | static void Mod_SetParent (mnode_t *node, mnode_t *parent)
      |             ^
/home/matt/quakespasm/Quake/gl_model.c:1682:13: note: example recursive call chain, starting from function 'Mod_SetParent'
/home/matt/quakespasm/Quake/gl_model.c:1687:2: note: Frame #1: function 'Mod_SetParent' calls function 'Mod_SetParent' here:
 1687 |         Mod_SetParent (node->children[0], node);
      |         ^
/home/matt/quakespasm/Quake/gl_model.c:1687:2: note: ... which was the starting point of the recursive call chain; there may be other cycles
/home/matt/quakespasm/Quake/gl_model.c:2261:38: warning: performing an implicit widening conversion to type 'unsigned long' of a multiplication performed in type 'int' [bugprone-implicit-widening-of-multiplication-result]
 2261 |         out = (mplane_t *) Hunk_AllocName ( count*2*sizeof(*out), loadname);
      |                                             ^
/home/matt/quakespasm/Quake/gl_model.c:2261:38: note: make conversion explicit to silence this warning
 2261 |         out = (mplane_t *) Hunk_AllocName ( count*2*sizeof(*out), loadname);
      |                                             ^~~~~~~
      |                                             (unsigned long)( )
/home/matt/quakespasm/Quake/gl_model.c:2261:38: note: perform multiplication in a wider type
 2261 |         out = (mplane_t *) Hunk_AllocName ( count*2*sizeof(*out), loadname);
      |                                             ^~~~~
      |                                             (long)
/home/matt/quakespasm/Quake/gl_model.c:2380:3: warning: the value returned by this function should not be disregarded; neglecting it may lead to errors [cert-err33-c]
 2380 |                 fclose(f);
      |                 ^~~~~~~~~
/home/matt/quakespasm/Quake/gl_model.c:2380:3: note: cast the expression to void to silence this warning
/home/matt/quakespasm/Quake/gl_model.c:2393:4: warning: the value returned by this function should not be disregarded; neglecting it may lead to errors [cert-err33-c]
 2393 |                         fclose(f);
      |                         ^~~~~~~~~
/home/matt/quakespasm/Quake/gl_model.c:2393:4: note: cast the expression to void to silence this warning
/home/matt/quakespasm/Quake/gl_model.c:2399:3: warning: the value returned by this function should not be disregarded; neglecting it may lead to errors [cert-err33-c]
 2399 |                 fseek(f, pos, SEEK_SET);
      |                 ^~~~~~~~~~~~~~~~~~~~~~~
/home/matt/quakespasm/Quake/gl_model.c:2399:3: note: cast the expression to void to silence this warning
/home/matt/quakespasm/Quake/gl_model.c:2402:3: warning: the value returned by this function should not be disregarded; neglecting it may lead to errors [cert-err33-c]
 2402 |                 fclose(f);
      |                 ^~~~~~~~~
/home/matt/quakespasm/Quake/gl_model.c:2402:3: note: cast the expression to void to silence this warning
/home/matt/quakespasm/Quake/gl_model.c:2463:2: warning: switch has 2 consecutive identical branches [bugprone-branch-clone]
 2463 |         case BSPVERSION:
      |         ^
/home/matt/quakespasm/Quake/gl_model.c:2469:8: note: last of these clones ends here
 2469 |                 break;
      |                      ^
/home/matt/quakespasm/Quake/gl_model.c:2518:4: warning: the value returned by this function should not be disregarded; neglecting it may lead to errors [cert-err33-c]
 2518 |                         fclose(fvis);
      |                         ^~~~~~~~~~~~
/home/matt/quakespasm/Quake/gl_model.c:2518:4: note: cast the expression to void to silence this warning
/home/matt/quakespasm/Quake/gl_model.c:2585:4: warning: the value returned by this function should not be disregarded; neglecting it may lead to errors [cert-err33-c]
 2585 |                         sprintf (name, "*%i", i+1);
      |                         ^~~~~~~~~~~~~~~~~~~~~~~~~~
/home/matt/quakespasm/Quake/gl_model.c:2585:4: note: cast the expression to void to silence this warning
/home/matt/quakespasm/Quake/gl_model.c:2588:4: warning: Call to function 'strcpy' is insecure as it does not provide bounding of the memory buffer. Replace unbounded copy functions with analogous functions that support length arguments such as 'strlcpy'. CWE-119 [clang-analyzer-security.insecureAPI.strcpy]
 2588 |                         strcpy (loadmodel->name, name);
      |                         ^~~~~~
/home/matt/quakespasm/Quake/gl_model.c:2588:4: note: Call to function 'strcpy' is insecure as it does not provide bounding of the memory buffer. Replace unbounded copy functions with analogous functions that support length arguments such as 'strlcpy'. CWE-119
 2588 |                         strcpy (loadmodel->name, name);
      |                         ^~~~~~
/home/matt/quakespasm/Quake/gl_model.c:2929:11: warning: call to 'sqrt' promotes float to double [performance-type-promotion-in-math-fn]
 2929 |         radius = sqrt(radius);
      |                  ^~~~
      |                  sqrtf
/home/matt/quakespasm/Quake/gl_model.c:2934:14: warning: call to 'sqrt' promotes float to double [performance-type-promotion-in-math-fn]
 2934 |         yawradius = sqrt(yawradius);
      |                     ^~~~
      |                     sqrtf
/home/matt/quakespasm/Quake/gl_model.c:3304:32: warning: result of integer division used in a floating point context; possible loss of precision [bugprone-integer-division]
 3304 |         mod->mins[0] = mod->mins[1] = -psprite->maxwidth/2;
      |                                       ^
/home/matt/quakespasm/Quake/gl_model.c:3305:32: warning: result of integer division used in a floating point context; possible loss of precision [bugprone-integer-division]
 3305 |         mod->maxs[0] = mod->maxs[1] = psprite->maxwidth/2;
      |                                       ^
/home/matt/quakespasm/Quake/gl_model.c:3306:17: warning: result of integer division used in a floating point context; possible loss of precision [bugprone-integer-division]
 3306 |         mod->mins[2] = -psprite->maxheight/2;
      |                        ^
/home/matt/quakespasm/Quake/gl_model.c:3307:17: warning: result of integer division used in a floating point context; possible loss of precision [bugprone-integer-division]
 3307 |         mod->maxs[2] = psprite->maxheight/2;
      |                        ^
/home/matt/quakespasm/Quake/gl_model.h:419:16: warning: Excessive padding in 'struct qmodel_s' (44 padding bytes, where 4 is optimal). Optimal fields order: submodels, planes, leafs, vertexes, edges, nodes, texinfo, surfaces, surfedges, clipnodes, marksurfaces, textures, visdata, lightdata, entities, cache, hulls, path_id, needload, type, numframes, synctype, flags, clipbox, firstmodelsurface, nummodelsurfaces, numsubmodels, numplanes, numleafs, numvertexes, numedges, numnodes, numtexinfo, numsurfaces, numsurfedges, numclipnodes, nummarksurfaces, numtextures, viswarn, bspversion, haslitwater, meshvbo, meshindexesvbo, vboindexofs, vboxyzofs, vbostofs, mins, maxs, ymins, ymaxs, rmins, rmaxs, clipmins, clipmaxs, name, consider reordering the fields or adding explicit padding members [clang-analyzer-optin.performance.Padding]
  419 | typedef struct qmodel_s
      |         ~~~~~~~^~~~~~~~
  420 | {
      | ~
  421 |         char            name[MAX_QPATH];
      |         ~~~~~~~~~~~~~~~~~~~~~~~~~~~~~~~~
  422 |         unsigned int    path_id;                // path id of the game directory
      |         ~~~~~~~~~~~~~~~~~~~~~~~~~~~~~~~~~~~~~~~~~~~~~~~~~~~~~~~~~~~~~~~~~~~~~~~~
  423 |                                                         // that this model came from
      |                                                         ~~~~~~~~~~~~~~~~~~~~~~~~~~~~
  424 |         qboolean        needload;               // bmodels and sprites don't cache normally
      |         ~~~~~~~~~~~~~~~~~~~~~~~~~~~~~~~~~~~~~~~~~~~~~~~~~~~~~~~~~~~~~~~~~~~~~~~~~~~~~~~~~~~
  425 | 
  426 |         modtype_t       type;
      |         ~~~~~~~~~~~~~~~~~~~~~
  427 |         int                     numframes;
      |         ~~~~~~~~~~~~~~~~~~~~~~~~~~~~~~~~~~
  428 |         synctype_t      synctype;
      |         ~~~~~~~~~~~~~~~~~~~~~~~~~
  429 | 
  430 |         int                     flags;
      |         ~~~~~~~~~~~~~~~~~~~~~~~~~~~~~~
  431 | 
  432 | //
      | ~~
  433 | // volume occupied by the model graphics
      | ~~~~~~~~~~~~~~~~~~~~~~~~~~~~~~~~~~~~~~~~
  434 | //
      | ~~
/home/matt/quakespasm/Quake/gl_model.h:419:16: note: Excessive padding in 'struct qmodel_s' (44 padding bytes, where 4 is optimal). Optimal fields order: submodels, planes, leafs, vertexes, edges, nodes, texinfo, surfaces, surfedges, clipnodes, marksurfaces, textures, visdata, lightdata, entities, cache, hulls, path_id, needload, type, numframes, synctype, flags, clipbox, firstmodelsurface, nummodelsurfaces, numsubmodels, numplanes, numleafs, numvertexes, numedges, numnodes, numtexinfo, numsurfaces, numsurfedges, numclipnodes, nummarksurfaces, numtextures, viswarn, bspversion, haslitwater, meshvbo, meshindexesvbo, vboindexofs, vboxyzofs, vbostofs, mins, maxs, ymins, ymaxs, rmins, rmaxs, clipmins, clipmaxs, name, consider reordering the fields or adding explicit padding members
  419 | typedef struct qmodel_s
      |         ~~~~~~~^~~~~~~~
  420 | {
      | ~
  421 |         char            name[MAX_QPATH];
      |         ~~~~~~~~~~~~~~~~~~~~~~~~~~~~~~~~
  422 |         unsigned int    path_id;                // path id of the game directory
      |         ~~~~~~~~~~~~~~~~~~~~~~~~~~~~~~~~~~~~~~~~~~~~~~~~~~~~~~~~~~~~~~~~~~~~~~~~
  423 |                                                         // that this model came from
      |                                                         ~~~~~~~~~~~~~~~~~~~~~~~~~~~~
  424 |         qboolean        needload;               // bmodels and sprites don't cache normally
      |         ~~~~~~~~~~~~~~~~~~~~~~~~~~~~~~~~~~~~~~~~~~~~~~~~~~~~~~~~~~~~~~~~~~~~~~~~~~~~~~~~~~~
  425 | 
  426 |         modtype_t       type;
      |         ~~~~~~~~~~~~~~~~~~~~~
  427 |         int                     numframes;
      |         ~~~~~~~~~~~~~~~~~~~~~~~~~~~~~~~~~~
  428 |         synctype_t      synctype;
      |         ~~~~~~~~~~~~~~~~~~~~~~~~~
  429 | 
  430 |         int                     flags;
      |         ~~~~~~~~~~~~~~~~~~~~~~~~~~~~~~
  431 | 
  432 | //
      | ~~
  433 | // volume occupied by the model graphics
      | ~~~~~~~~~~~~~~~~~~~~~~~~~~~~~~~~~~~~~~~~
  434 | //
      | ~~
/home/matt/quakespasm/Quake/gl_perfprint.h:29:9: warning: declaration uses identifier '_GL_PERFPRINT_H', which is a reserved identifier [bugprone-reserved-identifier,cert-dcl37-c,cert-dcl51-cpp]
   29 | #define _GL_PERFPRINT_H
      |         ^~~~~~~~~~~~~~~
      |         GL_PERFPRINT_H
/home/matt/quakespasm/Quake/gl_refrag.c:55:17: warning: function 'R_GetEfrag' is within a recursive call chain [misc-no-recursion]
   55 | static efrag_t *R_GetEfrag (void)
      |                 ^
/home/matt/quakespasm/Quake/gl_refrag.c:55:17: note: example recursive call chain, starting from function 'R_GetEfrag'
/home/matt/quakespasm/Quake/gl_refrag.c:82:10: note: Frame #1: function 'R_GetEfrag' calls function 'R_GetEfrag' here:
   82 |                 return R_GetEfrag ();
      |                        ^
/home/matt/quakespasm/Quake/gl_refrag.c:82:10: note: ... which was the starting point of the recursive call chain; there may be other cycles
/home/matt/quakespasm/Quake/gl_refrag.c:91:6: warning: function 'R_SplitEntityOnNode' is within a recursive call chain [misc-no-recursion]
   91 | void R_SplitEntityOnNode (mnode_t *node)
      |      ^
/home/matt/quakespasm/Quake/gl_refrag.c:91:6: note: example recursive call chain, starting from function 'R_SplitEntityOnNode'
/home/matt/quakespasm/Quake/gl_refrag.c:138:3: note: Frame #1: function 'R_SplitEntityOnNode' calls function 'R_SplitEntityOnNode' here:
  138 |                 R_SplitEntityOnNode (node->children[0]);
      |                 ^
/home/matt/quakespasm/Quake/gl_refrag.c:138:3: note: ... which was the starting point of the recursive call chain; there may be other cycles
/home/matt/quakespasm/Quake/gl_rlight.c:168:6: warning: function 'R_MarkLights' is within a recursive call chain [misc-no-recursion]
  168 | void R_MarkLights (dlight_t *light, int num, mnode_t *node)
      |      ^
/home/matt/quakespasm/Quake/gl_rlight.c:168:6: note: example recursive call chain, starting from function 'R_MarkLights'
/home/matt/quakespasm/Quake/gl_rlight.c:225:3: note: Frame #1: function 'R_MarkLights' calls function 'R_MarkLights' here:
  225 |                 R_MarkLights (light, num, node->children[0]);
      |                 ^
/home/matt/quakespasm/Quake/gl_rlight.c:225:3: note: ... which was the starting point of the recursive call chain; there may be other cycles
/home/matt/quakespasm/Quake/gl_rlight.c:206:7: warning: casting (double + 0.5) to integer leads to incorrect rounding; consider using lround (#include <cmath>) instead [bugprone-incorrect-roundings]
  206 |                 s = l+0.5;if (s < 0) s = 0;else if (s > surf->extents[0]) s = surf->extents[0];
      |                     ^
/home/matt/quakespasm/Quake/gl_rlight.c:209:7: warning: casting (double + 0.5) to integer leads to incorrect rounding; consider using lround (#include <cmath>) instead [bugprone-incorrect-roundings]
  209 |                 t = l+0.5;if (t < 0) t = 0;else if (t > surf->extents[1]) t = surf->extents[1];
      |                     ^
/home/matt/quakespasm/Quake/gl_rlight.c:291:5: warning: function 'RecursiveLightPoint' is within a recursive call chain [misc-no-recursion]
  291 | int RecursiveLightPoint (vec3_t color, mnode_t *node, vec3_t rayorg, vec3_t start, vec3_t end, float *maxdist)
      |     ^
/home/matt/quakespasm/Quake/gl_rlight.c:291:5: note: example recursive call chain, starting from function 'RecursiveLightPoint'
/home/matt/quakespasm/Quake/gl_rlight.c:326:6: note: Frame #1: function 'RecursiveLightPoint' calls function 'RecursiveLightPoint' here:
  326 |         if (RecursiveLightPoint (color, node->children[front < 0], rayorg, start, mid, maxdist))
      |             ^
/home/matt/quakespasm/Quake/gl_rlight.c:326:6: note: ... which was the starting point of the recursive call chain; there may be other cycles
/home/matt/quakespasm/Quake/gl_rlight.c:393:16: warning: result of multiplication in type 'int' is used as a pointer offset after an implicit widening conversion to type 'ptrdiff_t' [bugprone-implicit-widening-of-multiplication-result]
  393 |                                 lightmap = surf->samples + ((dt>>4) * ((surf->extents[0]>>4)+1) + (ds>>4))*3; // LordHavoc: *3 for color
      |                                            ^
/home/matt/quakespasm/Quake/gl_rlight.c:393:32: note: make conversion explicit to silence this warning
   24 |                                 lightmap = surf->samples + ((dt>>4) * ((surf->extents[0]>>4)+1) + (ds>>4))*3; // LordHavoc: *3 for color
      |                                                            ^~~~~~~~~~~~~~~~~~~~~~~~~~~~~~~~~~~~~~~~~~~~~~~~~
      |                                                            (ptrdiff_t)(                                     )
/home/matt/quakespasm/Quake/gl_rlight.c:393:32: note: perform multiplication in a wider type
  393 |                                 lightmap = surf->samples + ((dt>>4) * ((surf->extents[0]>>4)+1) + (ds>>4))*3; // LordHavoc: *3 for color
      |                                                            ^~~~~~~~~~~~~~~~~~~~~~~~~~~~~~~~~~~~~~~~~~~~~~
      |                                                             (ptrdiff_t)
/home/matt/quakespasm/Quake/gl_rlight.c:402:6: warning: result of multiplication in type 'int' is used as a pointer offset after an implicit widening conversion to type 'ptrdiff_t' [bugprone-implicit-widening-of-multiplication-result]
  402 |                                         lightmap += ((surf->extents[0]>>4)+1) * ((surf->extents[1]>>4)+1)*3; // LordHavoc: *3 for colored lighting
      |                                         ^
/home/matt/quakespasm/Quake/gl_rlight.c:402:18: note: make conversion explicit to silence this warning
  402 |                                         lightmap += ((surf->extents[0]>>4)+1) * ((surf->extents[1]>>4)+1)*3; // LordHavoc: *3 for colored lighting
      |                                                     ^~~~~~~~~~~~~~~~~~~~~~~~~~~~~~~~~~~~~~~~~~~~~~~~~~~~~~~
      |                                                     (ptrdiff_t)(                                           )
/home/matt/quakespasm/Quake/gl_rlight.c:402:18: note: perform multiplication in a wider type
  402 |                                         lightmap += ((surf->extents[0]>>4)+1) * ((surf->extents[1]>>4)+1)*3; // LordHavoc: *3 for colored lighting
      |                                                     ^~~~~~~~~~~~~~~~~~~~~~~~~~~~~~~~~~~~~~~~~~~~~~~~~~~~~
      |                                                     (ptrdiff_t)
/home/matt/quakespasm/Quake/gl_rmisc.c:405:21: warning: 'atof' used to convert a string to a floating-point value, but function will not report conversion errors; consider using 'strtod' instead [cert-err34-c]
  405 |                         map_wateralpha = atof(value);
      |                                          ^
/home/matt/quakespasm/Quake/gl_rmisc.c:408:20: warning: 'atof' used to convert a string to a floating-point value, but function will not report conversion errors; consider using 'strtod' instead [cert-err34-c]
  408 |                         map_lavaalpha = atof(value);
      |                                         ^
/home/matt/quakespasm/Quake/gl_rmisc.c:411:20: warning: 'atof' used to convert a string to a floating-point value, but function will not report conversion errors; consider using 'strtod' instead [cert-err34-c]
  411 |                         map_telealpha = atof(value);
      |                                         ^
/home/matt/quakespasm/Quake/gl_rmisc.c:414:21: warning: 'atof' used to convert a string to a floating-point value, but function will not report conversion errors; consider using 'strtod' instead [cert-err34-c]
  414 |                         map_slimealpha = atof(value);
      |                                          ^
/home/matt/quakespasm/Quake/gl_screen.c:250:9: warning: an assignment within an 'if' condition is bug-prone [bugprone-assignment-in-if-condition]
  250 |         if ((x = height / width) == 0.75)
      |              ~~^~~~~~~~~~~~~~~~
/home/matt/quakespasm/Quake/gl_screen.c:250:9: note: if it should be an assignment, move it out of the 'if' condition
/home/matt/quakespasm/Quake/gl_screen.c:250:9: note: if it is meant to be an equality check, change '=' to '=='
/home/matt/quakespasm/Quake/gl_screen.c:270:6: warning: call to 'atan' promotes float to double [performance-type-promotion-in-math-fn]
  270 |         a = atan(height / x);
      |             ^~~~
      |             atanf
/home/matt/quakespasm/Quake/gl_screen.c:476:3: warning: the value returned by this function should not be disregarded; neglecting it may lead to errors [cert-err33-c]
  476 |                 sprintf (st, "%4.0f fps", lastfps);
      |                 ^~~~~~~~~~~~~~~~~~~~~~~~~~~~~~~~~~
/home/matt/quakespasm/Quake/gl_screen.c:476:3: note: cast the expression to void to silence this warning
/home/matt/quakespasm/Quake/gl_screen.c:502:3: warning: the value returned by this function should not be disregarded; neglecting it may lead to errors [cert-err33-c]
  502 |                 sprintf (str,"%i:%i%i", minutes, seconds/10, seconds%10);
      |                 ^~~~~~~~~~~~~~~~~~~~~~~~~~~~~~~~~~~~~~~~~~~~~~~~~~~~~~~~
/home/matt/quakespasm/Quake/gl_screen.c:502:3: note: cast the expression to void to silence this warning
/home/matt/quakespasm/Quake/gl_screen.c:532:2: warning: the value returned by this function should not be disregarded; neglecting it may lead to errors [cert-err33-c]
  532 |         sprintf (str, "devstats |Curr Peak");
      |         ^~~~~~~~~~~~~~~~~~~~~~~~~~~~~~~~~~~~
/home/matt/quakespasm/Quake/gl_screen.c:532:2: note: cast the expression to void to silence this warning
/home/matt/quakespasm/Quake/gl_screen.c:535:2: warning: the value returned by this function should not be disregarded; neglecting it may lead to errors [cert-err33-c]
  535 |         sprintf (str, "---------+---------");
      |         ^~~~~~~~~~~~~~~~~~~~~~~~~~~~~~~~~~~~
/home/matt/quakespasm/Quake/gl_screen.c:535:2: note: cast the expression to void to silence this warning
/home/matt/quakespasm/Quake/gl_screen.c:538:2: warning: the value returned by this function should not be disregarded; neglecting it may lead to errors [cert-err33-c]
  538 |         sprintf (str, "Edicts   |%4i %4i", dev_stats.edicts, dev_peakstats.edicts);
      |         ^~~~~~~~~~~~~~~~~~~~~~~~~~~~~~~~~~~~~~~~~~~~~~~~~~~~~~~~~~~~~~~~~~~~~~~~~~
/home/matt/quakespasm/Quake/gl_screen.c:538:2: note: cast the expression to void to silence this warning
/home/matt/quakespasm/Quake/gl_screen.c:541:2: warning: the value returned by this function should not be disregarded; neglecting it may lead to errors [cert-err33-c]
  541 |         sprintf (str, "Packet   |%4i %4i", dev_stats.packetsize, dev_peakstats.packetsize);
      |         ^~~~~~~~~~~~~~~~~~~~~~~~~~~~~~~~~~~~~~~~~~~~~~~~~~~~~~~~~~~~~~~~~~~~~~~~~~~~~~~~~~
/home/matt/quakespasm/Quake/gl_screen.c:541:2: note: cast the expression to void to silence this warning
/home/matt/quakespasm/Quake/gl_screen.c:544:2: warning: the value returned by this function should not be disregarded; neglecting it may lead to errors [cert-err33-c]
  544 |         sprintf (str, "Visedicts|%4i %4i", dev_stats.visedicts, dev_peakstats.visedicts);
      |         ^~~~~~~~~~~~~~~~~~~~~~~~~~~~~~~~~~~~~~~~~~~~~~~~~~~~~~~~~~~~~~~~~~~~~~~~~~~~~~~~
/home/matt/quakespasm/Quake/gl_screen.c:544:2: note: cast the expression to void to silence this warning
/home/matt/quakespasm/Quake/gl_screen.c:547:2: warning: the value returned by this function should not be disregarded; neglecting it may lead to errors [cert-err33-c]
  547 |         sprintf (str, "Efrags   |%4i %4i", dev_stats.efrags, dev_peakstats.efrags);
      |         ^~~~~~~~~~~~~~~~~~~~~~~~~~~~~~~~~~~~~~~~~~~~~~~~~~~~~~~~~~~~~~~~~~~~~~~~~~
/home/matt/quakespasm/Quake/gl_screen.c:547:2: note: cast the expression to void to silence this warning
/home/matt/quakespasm/Quake/gl_screen.c:550:2: warning: the value returned by this function should not be disregarded; neglecting it may lead to errors [cert-err33-c]
  550 |         sprintf (str, "Dlights  |%4i %4i", dev_stats.dlights, dev_peakstats.dlights);
      |         ^~~~~~~~~~~~~~~~~~~~~~~~~~~~~~~~~~~~~~~~~~~~~~~~~~~~~~~~~~~~~~~~~~~~~~~~~~~~
/home/matt/quakespasm/Quake/gl_screen.c:550:2: note: cast the expression to void to silence this warning
/home/matt/quakespasm/Quake/gl_screen.c:553:2: warning: the value returned by this function should not be disregarded; neglecting it may lead to errors [cert-err33-c]
  553 |         sprintf (str, "Beams    |%4i %4i", dev_stats.beams, dev_peakstats.beams);
      |         ^~~~~~~~~~~~~~~~~~~~~~~~~~~~~~~~~~~~~~~~~~~~~~~~~~~~~~~~~~~~~~~~~~~~~~~~
/home/matt/quakespasm/Quake/gl_screen.c:553:2: note: cast the expression to void to silence this warning
/home/matt/quakespasm/Quake/gl_screen.c:556:2: warning: the value returned by this function should not be disregarded; neglecting it may lead to errors [cert-err33-c]
  556 |         sprintf (str, "Tempents |%4i %4i", dev_stats.tempents, dev_peakstats.tempents);
      |         ^~~~~~~~~~~~~~~~~~~~~~~~~~~~~~~~~~~~~~~~~~~~~~~~~~~~~~~~~~~~~~~~~~~~~~~~~~~~~~
/home/matt/quakespasm/Quake/gl_screen.c:556:2: note: cast the expression to void to silence this warning
/home/matt/quakespasm/Quake/gl_screen.c:692:18: warning: result of integer division used in a floating point context; possible loss of precision [bugprone-integer-division]
  692 |                 scr_conlines = glheight/2; //half screen //johnfitz -- glheight instead of vid.height
      |                                ^
/home/matt/quakespasm/Quake/gl_screen.c:754:2: warning: redundant return statement at the end of a function with a void return type [readability-redundant-control-flow]
  754 |         return;
      |         ^~~~~~~
  755 | }
/home/matt/quakespasm/Quake/gl_screen.c:813:15: warning: an assignment within an 'if' condition is bug-prone [bugprone-assignment-in-if-condition]
  813 |         if (!(buffer = (byte *) malloc(glwidth*glheight*3)))
      |               ~~~~~~~^~~~~~~~~~~~~~~~~~~~~~~~~~~~~~~~~~~~~
/home/matt/quakespasm/Quake/gl_screen.c:813:15: note: if it should be an assignment, move it out of the 'if' condition
/home/matt/quakespasm/Quake/gl_screen.c:813:15: note: if it is meant to be an equality check, change '=' to '=='
/home/matt/quakespasm/Quake/gl_screen.c:813:33: warning: performing an implicit widening conversion to type 'unsigned long' of a multiplication performed in type 'int' [bugprone-implicit-widening-of-multiplication-result]
  813 |         if (!(buffer = (byte *) malloc(glwidth*glheight*3)))
      |                                        ^
/home/matt/quakespasm/Quake/gl_screen.c:813:33: note: make conversion explicit to silence this warning
   26 |         if (!(buffer = (byte *) malloc(glwidth*glheight*3)))
      |                                        ^~~~~~~~~~~~~~~~~~
      |                                        (unsigned long)(  )
/home/matt/quakespasm/Quake/gl_screen.c:813:33: note: perform multiplication in a wider type
  813 |         if (!(buffer = (byte *) malloc(glwidth*glheight*3)))
      |                                        ^~~~~~~~~~~~~~~~
      |                                        (long)
/home/matt/quakespasm/Quake/gl_sky.c:113:15: warning: result of multiplication in type 'unsigned int' is used as a pointer offset after an implicit widening conversion to type 'size_t' [bugprone-implicit-widening-of-multiplication-result]
  113 |         front_data = back_data + halfwidth*mt->height;
      |                      ^
/home/matt/quakespasm/Quake/gl_sky.c:113:27: note: make conversion explicit to silence this warning
   28 |         front_data = back_data + halfwidth*mt->height;
      |                                  ^~~~~~~~~~~~~~~~~~~~
      |                                  (size_t)(           )
/home/matt/quakespasm/Quake/gl_sky.c:113:27: note: perform multiplication in a wider type
  113 |         front_data = back_data + halfwidth*mt->height;
      |                                  ^~~~~~~~~
      |                                  (size_t)
/home/matt/quakespasm/Quake/gl_sky.c:118:11: warning: result of multiplication in type 'unsigned int' is used as a pointer offset after an implicit widening conversion to type 'size_t' [bugprone-implicit-widening-of-multiplication-result]
  118 |                 memcpy (back_data + y*halfwidth, src + halfwidth + y*mt->width, halfwidth);
      |                         ^
/home/matt/quakespasm/Quake/gl_sky.c:118:23: note: make conversion explicit to silence this warning
  118 |                 memcpy (back_data + y*halfwidth, src + halfwidth + y*mt->width, halfwidth);
      |                                     ^~~~~~~~~~~
      |                                     (size_t)(  )
/home/matt/quakespasm/Quake/gl_sky.c:118:23: note: perform multiplication in a wider type
  118 |                 memcpy (back_data + y*halfwidth, src + halfwidth + y*mt->width, halfwidth);
      |                                     ^
      |                                     (size_t)
/home/matt/quakespasm/Quake/gl_sky.c:118:36: warning: result of multiplication in type 'unsigned int' is used as a pointer offset after an implicit widening conversion to type 'size_t' [bugprone-implicit-widening-of-multiplication-result]
  118 |                 memcpy (back_data + y*halfwidth, src + halfwidth + y*mt->width, halfwidth);
      |                                                  ^
/home/matt/quakespasm/Quake/gl_sky.c:118:54: note: make conversion explicit to silence this warning
  118 |                 memcpy (back_data + y*halfwidth, src + halfwidth + y*mt->width, halfwidth);
      |                                                                    ^~~~~~~~~~~
      |                                                                    (size_t)(  )
/home/matt/quakespasm/Quake/gl_sky.c:118:54: note: perform multiplication in a wider type
  118 |                 memcpy (back_data + y*halfwidth, src + halfwidth + y*mt->width, halfwidth);
      |                                                                    ^
      |                                                                    (size_t)
/home/matt/quakespasm/Quake/gl_sky.c:144:15: warning: result of multiplication in type 'unsigned int' is used as a pointer offset after an implicit widening conversion to type 'size_t' [bugprone-implicit-widening-of-multiplication-result]
  144 |         front_data = back_data + halfwidth*mt->height;
      |                      ^
/home/matt/quakespasm/Quake/gl_sky.c:144:27: note: make conversion explicit to silence this warning
  144 |         front_data = back_data + halfwidth*mt->height;
      |                                  ^~~~~~~~~~~~~~~~~~~~
      |                                  (size_t)(           )
/home/matt/quakespasm/Quake/gl_sky.c:144:27: note: perform multiplication in a wider type
  144 |         front_data = back_data + halfwidth*mt->height;
      |                                  ^~~~~~~~~
      |                                  (size_t)
/home/matt/quakespasm/Quake/gl_sky.c:177:9: warning: result of multiplication in type 'unsigned int' is used as a pointer offset after an implicit widening conversion to type 'size_t' [bugprone-implicit-widening-of-multiplication-result]
  177 |         back = (byte *)(mt+1) + mt->width*halfheight;
      |                ^
/home/matt/quakespasm/Quake/gl_sky.c:177:26: note: make conversion explicit to silence this warning
  177 |         back = (byte *)(mt+1) + mt->width*halfheight;
      |                                 ^~~~~~~~~~~~~~~~~~~~
      |                                 (size_t)(           )
/home/matt/quakespasm/Quake/gl_sky.c:177:26: note: perform multiplication in a wider type
  177 |         back = (byte *)(mt+1) + mt->width*halfheight;
      |                                 ^~~~~~~~~
      |                                 (size_t)
/home/matt/quakespasm/Quake/gl_sky.c:345:13: warning: 'atof' used to convert a string to a floating-point value, but function will not report conversion errors; consider using 'strtod' instead [cert-err34-c]
  345 |                         skyfog = atof(value);
      |                                  ^
/home/matt/quakespasm/Quake/gl_sky.c:348:4: warning: repeated branch body in conditional chain [bugprone-branch-clone]
  348 |                         Sky_LoadSkyBox(value);
      |                         ^
/home/matt/quakespasm/Quake/gl_sky.c:348:25: note: end of the original
  348 |                         Sky_LoadSkyBox(value);
      |                                              ^
/home/matt/quakespasm/Quake/gl_sky.c:350:4: note: clone 1 starts here
  350 |                         Sky_LoadSkyBox(value);
      |                         ^
/home/matt/quakespasm/Quake/gl_sky.c:496:13: warning: function 'Sky_ClipPoly' is within a recursive call chain [misc-no-recursion]
  496 | static void Sky_ClipPoly (int nump, vec3_t vecs, int stage)
      |             ^
/home/matt/quakespasm/Quake/gl_sky.c:496:13: note: example recursive call chain, starting from function 'Sky_ClipPoly'
/home/matt/quakespasm/Quake/gl_sky.c:544:3: note: Frame #1: function 'Sky_ClipPoly' calls function 'Sky_ClipPoly' here:
  544 |                 Sky_ClipPoly (nump, vecs, stage+1);
      |                 ^
/home/matt/quakespasm/Quake/gl_sky.c:544:3: note: ... which was the starting point of the recursive call chain; there may be other cycles
/home/matt/quakespasm/Quake/gl_sky.c:555:21: warning: result of multiplication in type 'int' is used as a pointer offset after an implicit widening conversion to type 'ptrdiff_t' [bugprone-implicit-widening-of-multiplication-result]
  555 |         VectorCopy (vecs, (vecs+(i*3)) );
      |                            ^
/home/matt/quakespasm/Quake/gl_sky.c:555:27: note: make conversion explicit to silence this warning
  555 |         VectorCopy (vecs, (vecs+(i*3)) );
      |                                  ^
      |                                  (ptrdiff_t)(
/home/matt/quakespasm/Quake/mathlib.h:59:27: note: expanded from macro 'VectorCopy'
   59 | #define VectorCopy(a,b) {(b)[0]=(a)[0];(b)[1]=(a)[1];(b)[2]=(a)[2];}
      |                           ^
/home/matt/quakespasm/Quake/gl_sky.c:555:27: note: perform multiplication in a wider type
  555 |         VectorCopy (vecs, (vecs+(i*3)) );
      |                                  ^
      |                                  (ptrdiff_t)
/home/matt/quakespasm/Quake/mathlib.h:59:27: note: expanded from macro 'VectorCopy'
   59 | #define VectorCopy(a,b) {(b)[0]=(a)[0];(b)[1]=(a)[1];(b)[2]=(a)[2];}
      |                           ^
/home/matt/quakespasm/Quake/gl_sky.c:564:3: warning: switching on non-enum value without default case may not cover all cases [bugprone-switch-missing-default-case]
  564 |                 switch (sides[i])
      |                 ^
/home/matt/quakespasm/Quake/gl_sky.c:899:11: warning: call to 'sqrt' promotes float to double [performance-type-promotion-in-math-fn]
  899 |         length = sqrt (length);
      |                  ^~~~
      |                  sqrtf
/home/matt/quakespasm/Quake/gl_texmgr.c:198:6: warning: 'atoi' used to convert a string to an integer value, but function will not report conversion errors; consider using 'strtol' instead [cert-err34-c]
  198 |         i = atoi(gl_texturemode.string);
      |             ^
/home/matt/quakespasm/Quake/gl_texmgr.c:332:29: warning: performing an implicit widening conversion to type 'unsigned long' of a multiplication performed in type 'unsigned int' [bugprone-implicit-widening-of-multiplication-result]
  332 |                         buffer = (byte *) malloc(glt->width*glt->height*4);
      |                                                  ^
/home/matt/quakespasm/Quake/gl_texmgr.c:332:29: note: make conversion explicit to silence this warning
   25 |                         buffer = (byte *) malloc(glt->width*glt->height*4);
      |                                                  ^~~~~~~~~~~~~~~~~~~~~~~~
      |                                                  (unsigned long)(        )
/home/matt/quakespasm/Quake/gl_texmgr.c:332:29: note: perform multiplication in a wider type
  332 |                         buffer = (byte *) malloc(glt->width*glt->height*4);
      |                                                  ^~~~~~~~~~~~~~~~~~~~~~
      |                                                  (unsigned long)
/home/matt/quakespasm/Quake/gl_texmgr.c:338:29: warning: performing an implicit widening conversion to type 'unsigned long' of a multiplication performed in type 'unsigned int' [bugprone-implicit-widening-of-multiplication-result]
  338 |                         buffer = (byte *) malloc(glt->width*glt->height*3);
      |                                                  ^
/home/matt/quakespasm/Quake/gl_texmgr.c:338:29: note: make conversion explicit to silence this warning
  338 |                         buffer = (byte *) malloc(glt->width*glt->height*3);
      |                                                  ^~~~~~~~~~~~~~~~~~~~~~~~
      |                                                  (unsigned long)(        )
/home/matt/quakespasm/Quake/gl_texmgr.c:338:29: note: perform multiplication in a wider type
  338 |                         buffer = (byte *) malloc(glt->width*glt->height*3);
      |                                                  ^~~~~~~~~~~~~~~~~~~~~~
      |                                                  (unsigned long)
/home/matt/quakespasm/Quake/gl_texmgr.c:554:2: warning: the value returned by this function should not be disregarded; neglecting it may lead to errors [cert-err33-c]
  554 |         fclose(f);
      |         ^~~~~~~~~
/home/matt/quakespasm/Quake/gl_texmgr.c:554:2: note: cast the expression to void to silence this warning
/home/matt/quakespasm/Quake/gl_texmgr.c:569:8: warning: result of multiplication in type 'int' is used as a pointer offset after an implicit widening conversion to type 'ptrdiff_t' [bugprone-implicit-widening-of-multiplication-result]
  569 |         src = pal + 224*3;
      |               ^
/home/matt/quakespasm/Quake/gl_texmgr.c:569:14: note: make conversion explicit to silence this warning
  569 |         src = pal + 224*3;
      |                     ^~~~~
      |                     (ptrdiff_t)( )
/home/matt/quakespasm/Quake/gl_texmgr.c:569:14: note: perform multiplication in a wider type
  569 |         src = pal + 224*3;
      |                     ^~~
      |                     (ptrdiff_t)
/home/matt/quakespasm/Quake/gl_texmgr.c:603:59: warning: performing an implicit widening conversion to type 'unsigned long' of a multiplication performed in type 'int' [bugprone-implicit-widening-of-multiplication-result]
  603 |         memcpy(d_8to24table_fbright_fence, d_8to24table_fbright, 256*4);
      |                                                                  ^
/home/matt/quakespasm/Quake/gl_texmgr.c:603:59: note: make conversion explicit to silence this warning
  603 |         memcpy(d_8to24table_fbright_fence, d_8to24table_fbright, 256*4);
      |                                                                  ^~~~~
      |                                                                  (unsigned long)( )
/home/matt/quakespasm/Quake/gl_texmgr.c:603:59: note: perform multiplication in a wider type
  603 |         memcpy(d_8to24table_fbright_fence, d_8to24table_fbright, 256*4);
      |                                                                  ^~~
      |                                                                  (long)
/home/matt/quakespasm/Quake/gl_texmgr.c:607:61: warning: performing an implicit widening conversion to type 'unsigned long' of a multiplication performed in type 'int' [bugprone-implicit-widening-of-multiplication-result]
  607 |         memcpy(d_8to24table_nobright_fence, d_8to24table_nobright, 256*4);
      |                                                                    ^
/home/matt/quakespasm/Quake/gl_texmgr.c:607:61: note: make conversion explicit to silence this warning
  607 |         memcpy(d_8to24table_nobright_fence, d_8to24table_nobright, 256*4);
      |                                                                    ^~~~~
      |                                                                    (unsigned long)( )
/home/matt/quakespasm/Quake/gl_texmgr.c:607:61: note: perform multiplication in a wider type
  607 |         memcpy(d_8to24table_nobright_fence, d_8to24table_nobright, 256*4);
      |                                                                    ^~~
      |                                                                    (long)
/home/matt/quakespasm/Quake/gl_texmgr.c:611:46: warning: performing an implicit widening conversion to type 'unsigned long' of a multiplication performed in type 'int' [bugprone-implicit-widening-of-multiplication-result]
  611 |         memcpy(d_8to24table_conchars, d_8to24table, 256*4);
      |                                                     ^
/home/matt/quakespasm/Quake/gl_texmgr.c:611:46: note: make conversion explicit to silence this warning
  611 |         memcpy(d_8to24table_conchars, d_8to24table, 256*4);
      |                                                     ^~~~~
      |                                                     (unsigned long)( )
/home/matt/quakespasm/Quake/gl_texmgr.c:611:46: note: perform multiplication in a wider type
  611 |         memcpy(d_8to24table_conchars, d_8to24table, 256*4);
      |                                                     ^~~
      |                                                     (long)
/home/matt/quakespasm/Quake/gl_texmgr.c:675:4: warning: result of multiplication in type 'int' is used as a pointer offset after an implicit widening conversion to type 'ptrdiff_t' [bugprone-implicit-widening-of-multiplication-result]
  675 |                         in += numnobright * 3;
      |                         ^
/home/matt/quakespasm/Quake/gl_texmgr.c:675:10: note: make conversion explicit to silence this warning
  675 |                         in += numnobright * 3;
      |                               ^~~~~~~~~~~~~~~
      |                               (ptrdiff_t)(   )
/home/matt/quakespasm/Quake/gl_texmgr.c:675:10: note: perform multiplication in a wider type
  675 |                         in += numnobright * 3;
      |                               ^~~~~~~~~~~
      |                               (ptrdiff_t)
/home/matt/quakespasm/Quake/gl_texmgr.c:1127:11: warning: result of multiplication in type 'int' is used as a pointer offset after an implicit widening conversion to type 'ptrdiff_t' [bugprone-implicit-widening-of-multiplication-result]
 1127 |                         swpx = nwpx + inwidth*4;
      |                                ^
/home/matt/quakespasm/Quake/gl_texmgr.c:1127:18: note: make conversion explicit to silence this warning
 1127 |                         swpx = nwpx + inwidth*4;
      |                                       ^~~~~~~~~
      |                                       (ptrdiff_t)( )
/home/matt/quakespasm/Quake/gl_texmgr.c:1127:18: note: perform multiplication in a wider type
 1127 |                         swpx = nwpx + inwidth*4;
      |                                       ^~~~~~~
      |                                       (ptrdiff_t)
/home/matt/quakespasm/Quake/gl_texmgr.c:1217:8: warning: result of multiplication in type 'int' is used as a pointer offset after an implicit widening conversion to type 'ptrdiff_t' [bugprone-implicit-widening-of-multiplication-result]
 1217 |         src = data + (width - 1) * 4;
      |               ^
/home/matt/quakespasm/Quake/gl_texmgr.c:1217:15: note: make conversion explicit to silence this warning
 1217 |         src = data + (width - 1) * 4;
      |                      ^~~~~~~~~~~~~~~
      |                      (ptrdiff_t)(   )
/home/matt/quakespasm/Quake/gl_texmgr.c:1217:15: note: perform multiplication in a wider type
 1217 |         src = data + (width - 1) * 4;
      |                      ^~~~~~~~~~
      |                       (ptrdiff_t)
/home/matt/quakespasm/Quake/gl_texmgr.c:1223:3: warning: result of multiplication in type 'int' is used as a pointer offset after an implicit widening conversion to type 'ptrdiff_t' [bugprone-implicit-widening-of-multiplication-result]
 1223 |                 src += padw * 4;
      |                 ^
/home/matt/quakespasm/Quake/gl_texmgr.c:1223:10: note: make conversion explicit to silence this warning
 1223 |                 src += padw * 4;
      |                        ^~~~~~~~
      |                        (ptrdiff_t)( )
/home/matt/quakespasm/Quake/gl_texmgr.c:1223:10: note: perform multiplication in a wider type
 1223 |                 src += padw * 4;
      |                        ^~~~
      |                        (ptrdiff_t)
/home/matt/quakespasm/Quake/gl_texmgr.c:1228:8: warning: result of multiplication in type 'int' is used as a pointer offset after an implicit widening conversion to type 'ptrdiff_t' [bugprone-implicit-widening-of-multiplication-result]
 1228 |         dst = data + (padw - 1) * 4;
      |               ^
/home/matt/quakespasm/Quake/gl_texmgr.c:1228:15: note: make conversion explicit to silence this warning
 1228 |         dst = data + (padw - 1) * 4;
      |                      ^~~~~~~~~~~~~~
      |                      (ptrdiff_t)(  )
/home/matt/quakespasm/Quake/gl_texmgr.c:1228:15: note: perform multiplication in a wider type
 1228 |         dst = data + (padw - 1) * 4;
      |                      ^~~~~~~~~
      |                       (ptrdiff_t)
/home/matt/quakespasm/Quake/gl_texmgr.c:1234:3: warning: result of multiplication in type 'int' is used as a pointer offset after an implicit widening conversion to type 'ptrdiff_t' [bugprone-implicit-widening-of-multiplication-result]
 1234 |                 src += padw * 4;
      |                 ^
/home/matt/quakespasm/Quake/gl_texmgr.c:1234:10: note: make conversion explicit to silence this warning
 1234 |                 src += padw * 4;
      |                        ^~~~~~~~
      |                        (ptrdiff_t)( )
/home/matt/quakespasm/Quake/gl_texmgr.c:1234:10: note: perform multiplication in a wider type
 1234 |                 src += padw * 4;
      |                        ^~~~
      |                        (ptrdiff_t)
/home/matt/quakespasm/Quake/gl_texmgr.c:1235:3: warning: result of multiplication in type 'int' is used as a pointer offset after an implicit widening conversion to type 'ptrdiff_t' [bugprone-implicit-widening-of-multiplication-result]
 1235 |                 dst += padw * 4;
      |                 ^
/home/matt/quakespasm/Quake/gl_texmgr.c:1235:10: note: make conversion explicit to silence this warning
 1235 |                 dst += padw * 4;
      |                        ^~~~~~~~
      |                        (ptrdiff_t)( )
/home/matt/quakespasm/Quake/gl_texmgr.c:1235:10: note: perform multiplication in a wider type
 1235 |                 dst += padw * 4;
      |                        ^~~~
      |                        (ptrdiff_t)
/home/matt/quakespasm/Quake/gl_texmgr.c:1255:8: warning: result of multiplication in type 'int' is used as a pointer offset after an implicit widening conversion to type 'ptrdiff_t' [bugprone-implicit-widening-of-multiplication-result]
 1255 |         dst = data + height * padw * 4;
      |               ^
/home/matt/quakespasm/Quake/gl_texmgr.c:1255:15: note: make conversion explicit to silence this warning
 1255 |         dst = data + height * padw * 4;
      |                      ^~~~~~~~~~~~~~~~~
      |                      (ptrdiff_t)(     )
/home/matt/quakespasm/Quake/gl_texmgr.c:1255:15: note: perform multiplication in a wider type
 1255 |         dst = data + height * padw * 4;
      |                      ^~~~~~~~~~~~~
      |                      (ptrdiff_t)
/home/matt/quakespasm/Quake/gl_texmgr.c:1256:8: warning: result of multiplication in type 'int' is used as a pointer offset after an implicit widening conversion to type 'ptrdiff_t' [bugprone-implicit-widening-of-multiplication-result]
 1256 |         src = dst - padw * 4;
      |               ^
/home/matt/quakespasm/Quake/gl_texmgr.c:1256:14: note: make conversion explicit to silence this warning
 1256 |         src = dst - padw * 4;
      |                     ^~~~~~~~
      |                     (ptrdiff_t)( )
/home/matt/quakespasm/Quake/gl_texmgr.c:1256:14: note: perform multiplication in a wider type
 1256 |         src = dst - padw * 4;
      |                     ^~~~
      |                     (ptrdiff_t)
/home/matt/quakespasm/Quake/gl_texmgr.c:1267:8: warning: result of multiplication in type 'int' is used as a pointer offset after an implicit widening conversion to type 'ptrdiff_t' [bugprone-implicit-widening-of-multiplication-result]
 1267 |         dst = data + (padh - 1) * padw * 4;
      |               ^
/home/matt/quakespasm/Quake/gl_texmgr.c:1267:15: note: make conversion explicit to silence this warning
 1267 |         dst = data + (padh - 1) * padw * 4;
      |                      ^~~~~~~~~~~~~~~~~~~~~
      |                      (ptrdiff_t)(         )
/home/matt/quakespasm/Quake/gl_texmgr.c:1267:15: note: perform multiplication in a wider type
 1267 |         dst = data + (padh - 1) * padw * 4;
      |                      ^~~~~~~~~~~~~~~~~
      |                      (ptrdiff_t)
/home/matt/quakespasm/Quake/gl_texmgr.c:1457:17: warning: result of multiplication in type 'int' is used as a pointer offset after an implicit widening conversion to type 'ptrdiff_t' [bugprone-implicit-widening-of-multiplication-result]
 1457 |                 memcpy (data, data + 32*31, 32);
      |                               ^
/home/matt/quakespasm/Quake/gl_texmgr.c:1457:24: note: make conversion explicit to silence this warning
 1457 |                 memcpy (data, data + 32*31, 32);
      |                                      ^~~~~
      |                                      (ptrdiff_t)( )
/home/matt/quakespasm/Quake/gl_texmgr.c:1457:24: note: perform multiplication in a wider type
 1457 |                 memcpy (data, data + 32*31, 32);
      |                                      ^~
      |                                      (ptrdiff_t)
/home/matt/quakespasm/Quake/gl_texmgr.c:1565:7: warning: result of multiplication in type 'unsigned int' is used as a pointer offset after an implicit widening conversion to type 'size_t' [bugprone-implicit-widening-of-multiplication-result]
 1565 |         in = data + glt->source_width * glt->source_height;
      |              ^
/home/matt/quakespasm/Quake/gl_texmgr.c:1565:14: note: make conversion explicit to silence this warning
 1565 |         in = data + glt->source_width * glt->source_height;
      |                     ^~~~~~~~~~~~~~~~~~~~~~~~~~~~~~~~~~~~~~
      |                     (size_t)(                             )
/home/matt/quakespasm/Quake/gl_texmgr.c:1565:14: note: perform multiplication in a wider type
 1565 |         in = data + glt->source_width * glt->source_height;
      |                     ^~~~~~~~~~~~~~~~~
      |                     (size_t)
/home/matt/quakespasm/Quake/gl_texmgr.c:1606:42: warning: an assignment within an 'if' condition is bug-prone [bugprone-assignment-in-if-condition]
 1606 |         if ((flags & TEXPREF_OVERWRITE) && (glt = TexMgr_FindTexture (owner, name)))
      |                                             ~~~~^~~~~~~~~~~~~~~~~~~~~~~~~~~~~~~~~~
/home/matt/quakespasm/Quake/gl_texmgr.c:1606:42: note: if it should be an assignment, move it out of the 'if' condition
/home/matt/quakespasm/Quake/gl_texmgr.c:1606:42: note: if it is meant to be an equality check, change '=' to '=='
/home/matt/quakespasm/Quake/gl_texmgr.c:1683:3: warning: the value returned by this function should not be disregarded; neglecting it may lead to errors [cert-err33-c]
 1683 |                 fseek (f, glt->source_offset, SEEK_CUR);
      |                 ^~~~~~~~~~~~~~~~~~~~~~~~~~~~~~~~~~~~~~~
/home/matt/quakespasm/Quake/gl_texmgr.c:1683:3: note: cast the expression to void to silence this warning
/home/matt/quakespasm/Quake/gl_texmgr.c:1694:3: warning: the value returned by this function should not be disregarded; neglecting it may lead to errors [cert-err33-c]
 1694 |                 fclose (f);
      |                 ^~~~~~~~~~
/home/matt/quakespasm/Quake/gl_texmgr.c:1694:3: note: cast the expression to void to silence this warning
/home/matt/quakespasm/Quake/gl_texmgr.c:1704:10: warning: integer to pointer cast pessimizes optimization opportunities [performance-no-int-to-ptr]
 1704 |                 data = (byte *) glt->source_offset; //image in memory
      |                        ^
/home/matt/quakespasm/Quake/gl_texmgr.h:23:9: warning: declaration uses identifier '_GL_TEXMAN_H', which is a reserved identifier [bugprone-reserved-identifier,cert-dcl37-c,cert-dcl51-cpp]
   23 | #define _GL_TEXMAN_H
      |         ^~~~~~~~~~~~
      |         GL_TEXMAN_H
/home/matt/quakespasm/Quake/gl_vidsdl.c:963:40: warning: performing an implicit widening conversion to type 'unsigned long' of a multiplication performed in type 'int' [bugprone-implicit-widening-of-multiplication-result]
  963 |         out = (char *) Z_Malloc (strlen(in) + count*3 + 1); //usually about 1-2k
      |                                               ^
/home/matt/quakespasm/Quake/gl_vidsdl.c:963:40: note: make conversion explicit to silence this warning
   25 |         out = (char *) Z_Malloc (strlen(in) + count*3 + 1); //usually about 1-2k
      |                                               ^~~~~~~
      |                                               (unsigned long)( )
/home/matt/quakespasm/Quake/gl_vidsdl.c:963:40: note: perform multiplication in a wider type
  963 |         out = (char *) Z_Malloc (strlen(in) + count*3 + 1); //usually about 1-2k
      |                                               ^~~~~
      |                                               (long)
/home/matt/quakespasm/Quake/gl_vidsdl.c:969:3: warning: Call to function 'strcat' is insecure as it does not provide bounding of the memory buffer. Replace unbounded copy functions with analogous functions that support length arguments such as 'strlcat'. CWE-119 [clang-analyzer-security.insecureAPI.strcpy]
  969 |                 strcat(out, "\n   ");
      |                 ^~~~~~
/home/matt/quakespasm/Quake/gl_vidsdl.c:969:3: note: Call to function 'strcat' is insecure as it does not provide bounding of the memory buffer. Replace unbounded copy functions with analogous functions that support length arguments such as 'strlcat'. CWE-119
  969 |                 strcat(out, "\n   ");
      |                 ^~~~~~
/home/matt/quakespasm/Quake/gl_vidsdl.c:970:3: warning: Call to function 'strcat' is insecure as it does not provide bounding of the memory buffer. Replace unbounded copy functions with analogous functions that support length arguments such as 'strlcat'. CWE-119 [clang-analyzer-security.insecureAPI.strcpy]
  970 |                 strcat(out, token);
      |                 ^~~~~~
/home/matt/quakespasm/Quake/gl_vidsdl.c:970:3: note: Call to function 'strcat' is insecure as it does not provide bounding of the memory buffer. Replace unbounded copy functions with analogous functions that support length arguments such as 'strlcat'. CWE-119
  970 |                 strcat(out, token);
      |                 ^~~~~~
/home/matt/quakespasm/Quake/gl_vidsdl.c:1258:25: warning: an assignment within an 'if' condition is bug-prone [bugprone-assignment-in-if-condition]
 1258 |         else if ((swap_control = SDL_GL_GetSwapInterval()) == -1)
      |                   ~~~~~~~~~~~~~^~~~~~~~~~~~~~~~~~~~~~~~~~
/home/matt/quakespasm/Quake/gl_vidsdl.c:1258:25: note: if it should be an assignment, move it out of the 'if' condition
/home/matt/quakespasm/Quake/gl_vidsdl.c:1258:25: note: if it is meant to be an equality check, change '=' to '=='
/home/matt/quakespasm/Quake/gl_vidsdl.c:1559:28: warning: 'sscanf' used to convert a string to an integer value, but function will not report conversion errors; consider using 'strtol' instead [cert-err34-c]
 1559 |         if (gl_version == NULL || sscanf(gl_version, "%d.%d", &gl_version_major, &gl_version_minor) < 2)
      |                                   ^
/home/matt/quakespasm/Quake/gl_vidsdl.c:1970:10: warning: 'atoi' used to convert a string to an integer value, but function will not report conversion errors; consider using 'strtol' instead [cert-err34-c]
 1970 |                 fsaa = atoi(com_argv[p+1]);
      |                        ^
/home/matt/quakespasm/Quake/gl_vidsdl.c:2549:3: warning: switching on non-enum value without default case may not cover all cases [bugprone-switch-missing-default-case]
 2549 |                 switch (i)
      |                 ^
/home/matt/quakespasm/Quake/gl_warp.c:86:13: warning: function 'SubdividePolygon' is within a recursive call chain [misc-no-recursion]
   86 | static void SubdividePolygon (int numverts, float *verts)
      |             ^
/home/matt/quakespasm/Quake/gl_warp.c:86:13: note: example recursive call chain, starting from function 'SubdividePolygon'
/home/matt/quakespasm/Quake/gl_warp.c:150:3: note: Frame #1: function 'SubdividePolygon' calls function 'SubdividePolygon' here:
  150 |                 SubdividePolygon (f, front[0]);
      |                 ^
/home/matt/quakespasm/Quake/gl_warp.c:150:3: note: ... which was the starting point of the recursive call chain; there may be other cycles
/home/matt/quakespasm/Quake/gl_warp.c:119:11: warning: Assigned value is garbage or undefined [clang-analyzer-core.uninitialized.Assign]
  119 |                 dist[j] = dist[0];
      |                         ^
/home/matt/quakespasm/Quake/gl_warp.c:179:6: note: Assuming field 'numverts' is <= 64
  179 |         if (fa->polys->numverts > 64)
      |             ^~~~~~~~~~~~~~~~~~~~~~~~
/home/matt/quakespasm/Quake/gl_warp.c:179:2: note: Taking false branch
  179 |         if (fa->polys->numverts > 64)
      |         ^
/home/matt/quakespasm/Quake/gl_warp.c:186:12: note: Assuming 'i' is >= field 'numverts'
  186 |         for (i=0; i<fa->polys->numverts; i++)
      |                   ^~~~~~~~~~~~~~~~~~~~~
/home/matt/quakespasm/Quake/gl_warp.c:186:2: note: Loop condition is false. Execution continues on line 189
  186 |         for (i=0; i<fa->polys->numverts; i++)
      |         ^
/home/matt/quakespasm/Quake/gl_warp.c:189:2: note: Calling 'SubdividePolygon'
  189 |         SubdividePolygon (fa->polys->numverts, verts[0]);
      |         ^~~~~~~~~~~~~~~~~~~~~~~~~~~~~~~~~~~~~~~~~~~~~~~~
/home/matt/quakespasm/Quake/gl_warp.c:99:6: note: 'numverts' is <= 60
   99 |         if (numverts > 60)
      |             ^~~~~~~~
/home/matt/quakespasm/Quake/gl_warp.c:99:2: note: Taking false branch
   99 |         if (numverts > 60)
      |         ^
/home/matt/quakespasm/Quake/gl_warp.c:104:2: note: Loop condition is true.  Entering loop body
  104 |         for (i=0 ; i<3 ; i++)
      |         ^
/home/matt/quakespasm/Quake/gl_warp.c:108:7: note: Assuming the condition is false
  108 |                 if (maxs[i] - m < 8)
      |                     ^~~~~~~~~~~~~~~
/home/matt/quakespasm/Quake/gl_warp.c:108:3: note: Taking false branch
  108 |                 if (maxs[i] - m < 8)
      |                 ^
/home/matt/quakespasm/Quake/gl_warp.c:110:7: note: Assuming the condition is false
  110 |                 if (m - mins[i] < 8)
      |                     ^~~~~~~~~~~~~~~
/home/matt/quakespasm/Quake/gl_warp.c:110:3: note: Taking false branch
  110 |                 if (m - mins[i] < 8)
      |                 ^
/home/matt/quakespasm/Quake/gl_warp.c:115:14: note: 'j' is >= 'numverts'
  115 |                 for (j=0 ; j<numverts ; j++, v+= 3)
      |                            ^
/home/matt/quakespasm/Quake/gl_warp.c:115:3: note: Loop condition is false. Execution continues on line 119
  115 |                 for (j=0 ; j<numverts ; j++, v+= 3)
      |                 ^
/home/matt/quakespasm/Quake/gl_warp.c:119:11: note: Assigned value is garbage or undefined
  119 |                 dist[j] = dist[0];
      |                         ^ ~~~~~~~
/home/matt/quakespasm/Quake/gl_warp.c:155:53: warning: performing an implicit widening conversion to type 'unsigned long' of a multiplication performed in type 'int' [bugprone-implicit-widening-of-multiplication-result]
  155 |         poly = (glpoly_t *) Hunk_Alloc (sizeof(glpoly_t) + (numverts-4) * VERTEXSIZE*sizeof(float));
      |                                                            ^
/home/matt/quakespasm/Quake/gl_warp.c:155:53: note: make conversion explicit to silence this warning
   23 |         poly = (glpoly_t *) Hunk_Alloc (sizeof(glpoly_t) + (numverts-4) * VERTEXSIZE*sizeof(float));
      |                                                            ^~~~~~~~~~~~~~~~~~~~~~~~~
      |                                                            (unsigned long)(         )
/home/matt/quakespasm/Quake/gl_warp.c:155:53: note: perform multiplication in a wider type
  155 |         poly = (glpoly_t *) Hunk_Alloc (sizeof(glpoly_t) + (numverts-4) * VERTEXSIZE*sizeof(float));
      |                                                            ^~~~~~~~~~~
      |                                                             (long)
/home/matt/quakespasm/Quake/gl_warp.c:280:12: warning: an assignment within an 'if' condition is bug-prone [bugprone-assignment-in-if-condition]
  280 |                 if (!(tx = cl.worldmodel->textures[i]))
      |                       ~~~^~~~~~~~~~~~~~~~~~~~~~~~~~~~
/home/matt/quakespasm/Quake/gl_warp.c:280:12: note: if it should be an assignment, move it out of the 'if' condition
/home/matt/quakespasm/Quake/gl_warp.c:280:12: note: if it is meant to be an equality check, change '=' to '=='
/home/matt/quakespasm/Quake/gl_warp.c:303:25: warning: loop induction expression should not have floating-point type [cert-flp30-c]
  303 |                         for (x=0.0; x<128.0; x=x2)
      |                                     ~        ^
/home/matt/quakespasm/Quake/gl_warp.c:307:38: warning: loop induction expression should not have floating-point type [cert-flp30-c]
  307 |                                 for (y=0.0; y<128.01 && n < 130; y+=warptess) // .01 for rounding errors
      |                                             ~                    ^
/home/matt/quakespasm/Quake/gl_warp.c:327:24: warning: loop induction expression should not have floating-point type [cert-flp30-c]
  327 |                 for (x=0.0; x<128.0; x=x2)
      |                             ~        ^
/home/matt/quakespasm/Quake/gl_warp.c:331:26: warning: loop induction expression should not have floating-point type [cert-flp30-c]
  331 |                         for (y=0.0; y<128.01; y+=warptess) // .01 for rounding errors
      |                                     ~         ^
/home/matt/quakespasm/Quake/gl_warp.c:342:3: warning: misleading indentation: statement is indented too deeply [readability-misleading-indentation]
  342 |                 GL_Bind (tx->warpimage);
      |                 ^
/home/matt/quakespasm/Quake/gl_warp.c:289:3: note: did you mean this line to be inside this 'if'
  289 |                 if (!warpedarrays_disabled)
      |                 ^
/home/matt/quakespasm/Quake/glquake.h:316:22: warning: macro replacement list should be enclosed in parentheses [bugprone-macro-parentheses]
  316 | #define OFFSET_DECAL -1
      |                      ^ 
      |                      ( )
/home/matt/quakespasm/Quake/glquake.h:317:20: warning: macro replacement list should be enclosed in parentheses [bugprone-macro-parentheses]
  317 | #define OFFSET_FOG -2
      |                    ^ 
      |                    ( )
/home/matt/quakespasm/Quake/glquake.h:318:25: warning: macro replacement list should be enclosed in parentheses [bugprone-macro-parentheses]
  318 | #define OFFSET_SHOWTRIS -3
      |                         ^ 
      |                         ( )
/home/matt/quakespasm/Quake/host.c:333:3: warning: the value returned by this function should not be disregarded; neglecting it may lead to errors [cert-err33-c]
  333 |                 fprintf (f, "vid_restart\n");
      |                 ^~~~~~~~~~~~~~~~~~~~~~~~~~~~
/home/matt/quakespasm/Quake/host.c:333:3: note: cast the expression to void to silence this warning
/home/matt/quakespasm/Quake/host.c:334:27: warning: the value returned by this function should not be disregarded; neglecting it may lead to errors [cert-err33-c]
  334 |                 if (in_mlook.state & 1) fprintf (f, "+mlook\n");
      |                                         ^~~~~~~~~~~~~~~~~~~~~~~
/home/matt/quakespasm/Quake/host.c:334:27: note: cast the expression to void to silence this warning
/home/matt/quakespasm/Quake/host.c:337:3: warning: the value returned by this function should not be disregarded; neglecting it may lead to errors [cert-err33-c]
  337 |                 fclose (f);
      |                 ^~~~~~~~~~
/home/matt/quakespasm/Quake/host.c:337:3: note: cast the expression to void to silence this warning
/home/matt/quakespasm/Quake/host.c:685:6: warning: declaration uses identifier '_Host_Frame', which is a reserved identifier [bugprone-reserved-identifier,cert-dcl37-c,cert-dcl51-cpp]
  685 | void _Host_Frame (float time)
      |      ^~~~~~~~~~~
      |      Host_Frame
/home/matt/quakespasm/Quake/host.c:696:9: warning: rand() has limited randomness [cert-msc30-c,cert-msc50-cpp]
  696 |         (void) rand ();
      |                ^
/home/matt/quakespasm/Quake/host_cmd.c:705:27: warning: 'atof' used to convert a string to a floating-point value, but function will not report conversion errors; consider using 'strtod' instead [cert-err34-c]
  705 |         sv_player->v.origin[0] = atof(Cmd_Argv(1));
      |                                  ^
/home/matt/quakespasm/Quake/host_cmd.c:706:27: warning: 'atof' used to convert a string to a floating-point value, but function will not report conversion errors; consider using 'strtod' instead [cert-err34-c]
  706 |         sv_player->v.origin[1] = atof(Cmd_Argv(2));
      |                                  ^
/home/matt/quakespasm/Quake/host_cmd.c:707:27: warning: 'atof' used to convert a string to a floating-point value, but function will not report conversion errors; consider using 'strtod' instead [cert-err34-c]
  707 |         sv_player->v.origin[2] = atof(Cmd_Argv(3));
      |                                  ^
/home/matt/quakespasm/Quake/host_cmd.c:711:28: warning: 'atof' used to convert a string to a floating-point value, but function will not report conversion errors; consider using 'strtod' instead [cert-err34-c]
  711 |                 sv_player->v.angles[0] = atof(Cmd_Argv(4));
      |                                          ^
/home/matt/quakespasm/Quake/host_cmd.c:712:28: warning: 'atof' used to convert a string to a floating-point value, but function will not report conversion errors; consider using 'strtod' instead [cert-err34-c]
  712 |                 sv_player->v.angles[1] = atof(Cmd_Argv(5));
      |                                          ^
/home/matt/quakespasm/Quake/host_cmd.c:713:28: warning: 'atof' used to convert a string to a floating-point value, but function will not report conversion errors; consider using 'strtod' instead [cert-err34-c]
  713 |                 sv_player->v.angles[2] = atof(Cmd_Argv(6));
      |                                          ^
/home/matt/quakespasm/Quake/host_cmd.c:906:15: warning: rand() has limited randomness [cert-msc30-c,cert-msc50-cpp]
  906 |         randlevel = (rand() % numlevels);
      |                      ^
/home/matt/quakespasm/Quake/host_cmd.c:1058:2: warning: the value returned by this function should not be disregarded; neglecting it may lead to errors [cert-err33-c]
 1058 |         sprintf (kills,"kills:%3i/%3i", cl.stats[STAT_MONSTERS], cl.stats[STAT_TOTALMONSTERS]);
      |         ^~~~~~~~~~~~~~~~~~~~~~~~~~~~~~~~~~~~~~~~~~~~~~~~~~~~~~~~~~~~~~~~~~~~~~~~~~~~~~~~~~~~~~
/home/matt/quakespasm/Quake/host_cmd.c:1058:2: note: cast the expression to void to silence this warning
/home/matt/quakespasm/Quake/host_cmd.c:1140:2: warning: the value returned by this function should not be disregarded; neglecting it may lead to errors [cert-err33-c]
 1140 |         fprintf (f, "%i\n", SAVEGAME_VERSION);
      |         ^~~~~~~~~~~~~~~~~~~~~~~~~~~~~~~~~~~~~
/home/matt/quakespasm/Quake/host_cmd.c:1140:2: note: cast the expression to void to silence this warning
/home/matt/quakespasm/Quake/host_cmd.c:1142:2: warning: the value returned by this function should not be disregarded; neglecting it may lead to errors [cert-err33-c]
 1142 |         fprintf (f, "%s\n", comment);
      |         ^~~~~~~~~~~~~~~~~~~~~~~~~~~~
/home/matt/quakespasm/Quake/host_cmd.c:1142:2: note: cast the expression to void to silence this warning
/home/matt/quakespasm/Quake/host_cmd.c:1144:3: warning: the value returned by this function should not be disregarded; neglecting it may lead to errors [cert-err33-c]
 1144 |                 fprintf (f, "%f\n", svs.clients->spawn_parms[i]);
      |                 ^~~~~~~~~~~~~~~~~~~~~~~~~~~~~~~~~~~~~~~~~~~~~~~~
/home/matt/quakespasm/Quake/host_cmd.c:1144:3: note: cast the expression to void to silence this warning
/home/matt/quakespasm/Quake/host_cmd.c:1145:2: warning: the value returned by this function should not be disregarded; neglecting it may lead to errors [cert-err33-c]
 1145 |         fprintf (f, "%d\n", current_skill);
      |         ^~~~~~~~~~~~~~~~~~~~~~~~~~~~~~~~~~
/home/matt/quakespasm/Quake/host_cmd.c:1145:2: note: cast the expression to void to silence this warning
/home/matt/quakespasm/Quake/host_cmd.c:1146:2: warning: the value returned by this function should not be disregarded; neglecting it may lead to errors [cert-err33-c]
 1146 |         fprintf (f, "%s\n", sv.name);
      |         ^~~~~~~~~~~~~~~~~~~~~~~~~~~~
/home/matt/quakespasm/Quake/host_cmd.c:1146:2: note: cast the expression to void to silence this warning
/home/matt/quakespasm/Quake/host_cmd.c:1147:2: warning: the value returned by this function should not be disregarded; neglecting it may lead to errors [cert-err33-c]
 1147 |         fprintf (f, "%f\n",sv.time);
      |         ^~~~~~~~~~~~~~~~~~~~~~~~~~~
/home/matt/quakespasm/Quake/host_cmd.c:1147:2: note: cast the expression to void to silence this warning
/home/matt/quakespasm/Quake/host_cmd.c:1153:4: warning: the value returned by this function should not be disregarded; neglecting it may lead to errors [cert-err33-c]
 1153 |                         fprintf (f, "%s\n", sv.lightstyles[i]);
      |                         ^~~~~~~~~~~~~~~~~~~~~~~~~~~~~~~~~~~~~~
/home/matt/quakespasm/Quake/host_cmd.c:1153:4: note: cast the expression to void to silence this warning
/home/matt/quakespasm/Quake/host_cmd.c:1155:4: warning: the value returned by this function should not be disregarded; neglecting it may lead to errors [cert-err33-c]
 1155 |                         fprintf (f,"m\n");
      |                         ^~~~~~~~~~~~~~~~~
/home/matt/quakespasm/Quake/host_cmd.c:1155:4: note: cast the expression to void to silence this warning
/home/matt/quakespasm/Quake/host_cmd.c:1162:3: warning: the value returned by this function should not be disregarded; neglecting it may lead to errors [cert-err33-c]
 1162 |                 fflush (f);
      |                 ^~~~~~~~~~
/home/matt/quakespasm/Quake/host_cmd.c:1162:3: note: cast the expression to void to silence this warning
/home/matt/quakespasm/Quake/host_cmd.c:1164:2: warning: the value returned by this function should not be disregarded; neglecting it may lead to errors [cert-err33-c]
 1164 |         fclose (f);
      |         ^~~~~~~~~~
/home/matt/quakespasm/Quake/host_cmd.c:1164:2: note: cast the expression to void to silence this warning
/home/matt/quakespasm/Quake/host_cmd.c:1281:7: warning: function 'strcmp' is called without explicitly comparing result [bugprone-suspicious-string-compare]
 1281 |                 if (strcmp(com_token,"{"))
      |                     ^                    
      |                                           != 0
/home/matt/quakespasm/Quake/host_cmd.c:1295:25: warning: performing an implicit widening conversion to type 'unsigned long' of a multiplication performed in type 'int' [bugprone-implicit-widening-of-multiplication-result]
 1295 |                                 memset (&ent->v, 0, progs->entityfields * 4);
      |                                                     ^
/home/matt/quakespasm/Quake/host_cmd.c:1295:25: note: make conversion explicit to silence this warning
   28 |                                 memset (&ent->v, 0, progs->entityfields * 4);
      |                                                     ^~~~~~~~~~~~~~~~~~~~~~~
      |                                                     (unsigned long)(       )
/home/matt/quakespasm/Quake/host_cmd.c:1295:25: note: perform multiplication in a wider type
 1295 |                                 memset (&ent->v, 0, progs->entityfields * 4);
      |                                                     ^~~~~~~~~~~~~~~~~~~
      |                                                     (long)
/home/matt/quakespasm/Quake/host_cmd.c:1366:30: warning: function 'strcmp' is called without explicitly comparing result [bugprone-suspicious-string-compare]
 1366 |         if (host_client->name[0] && strcmp(host_client->name, "unconnected") )
      |                                     ^
      |                                                                              != 0
/home/matt/quakespasm/Quake/host_cmd.c:1549:18: warning: 'atoi' used to convert a string to an integer value, but function will not report conversion errors; consider using 'strtol' instead [cert-err34-c]
 1549 |                 top = bottom = atoi(Cmd_Argv(1));
      |                                ^
/home/matt/quakespasm/Quake/host_cmd.c:1552:9: warning: 'atoi' used to convert a string to an integer value, but function will not report conversion errors; consider using 'strtol' instead [cert-err34-c]
 1552 |                 top = atoi(Cmd_Argv(1));
      |                       ^
/home/matt/quakespasm/Quake/host_cmd.c:1553:12: warning: 'atoi' used to convert a string to an integer value, but function will not report conversion errors; consider using 'strtol' instead [cert-err34-c]
 1553 |                 bottom = atoi(Cmd_Argv(2));
      |                          ^
/home/matt/quakespasm/Quake/host_cmd.c:1706:23: warning: performing an implicit widening conversion to type 'unsigned long' of a multiplication performed in type 'int' [bugprone-implicit-widening-of-multiplication-result]
 1706 |                 memset (&ent->v, 0, progs->entityfields * 4);
      |                                     ^
/home/matt/quakespasm/Quake/host_cmd.c:1706:23: note: make conversion explicit to silence this warning
 1706 |                 memset (&ent->v, 0, progs->entityfields * 4);
      |                                     ^~~~~~~~~~~~~~~~~~~~~~~
      |                                     (unsigned long)(       )
/home/matt/quakespasm/Quake/host_cmd.c:1706:23: note: perform multiplication in a wider type
 1706 |                 memset (&ent->v, 0, progs->entityfields * 4);
      |                                     ^~~~~~~~~~~~~~~~~~~
      |                                     (long)
/home/matt/quakespasm/Quake/host_cmd.c:1924:6: warning: 'atoi' used to convert a string to an integer value, but function will not report conversion errors; consider using 'strtol' instead [cert-err34-c]
 1924 |         v = atoi (Cmd_Argv(2));
      |             ^
/home/matt/quakespasm/Quake/host_cmd.c:1926:2: warning: switching on non-enum value without default case may not cover all cases [bugprone-switch-missing-default-case]
 1926 |         switch (t[0])
      |         ^
/home/matt/quakespasm/Quake/host_cmd.c:2097:2: warning: switching on non-enum value without default case may not cover all cases [bugprone-switch-missing-default-case]
 2097 |         switch ((int)(sv_player->v.weapon))
      |         ^
/home/matt/quakespasm/Quake/host_cmd.c:2189:6: warning: 'atoi' used to convert a string to an integer value, but function will not report conversion errors; consider using 'strtol' instead [cert-err34-c]
 2189 |         f = atoi(Cmd_Argv(1));
      |             ^
/home/matt/quakespasm/Quake/image.c:35:11: warning: suspicious #include of file with '.c' extension [bugprone-suspicious-include]
   35 | #include "lodepng.c"
      |           ^
/home/matt/quakespasm/Quake/image.c:35:11: note: did you mean to include 'lodepng.h'?
/home/matt/quakespasm/Quake/image.c:244:3: warning: the value returned by this function should not be disregarded; neglecting it may lead to errors [cert-err33-c]
  244 |                 fseek(fin, targa_header.id_length, SEEK_CUR);  // skip TARGA image comment
      |                 ^~~~~~~~~~~~~~~~~~~~~~~~~~~~~~~~~~~~~~~~~~~~
/home/matt/quakespasm/Quake/image.c:244:3: note: cast the expression to void to silence this warning
/home/matt/quakespasm/Quake/image.c:265:13: warning: result of multiplication in type 'int' is used as a pointer offset after an implicit widening conversion to type 'ptrdiff_t' [bugprone-implicit-widening-of-multiplication-result]
  265 |                         pixbuf = targa_rgba + realrow*columns*4;
      |                                  ^
/home/matt/quakespasm/Quake/image.c:265:26: note: make conversion explicit to silence this warning
   24 |                         pixbuf = targa_rgba + realrow*columns*4;
      |                                               ^~~~~~~~~~~~~~~~~
      |                                               (ptrdiff_t)(     )
/home/matt/quakespasm/Quake/image.c:265:26: note: perform multiplication in a wider type
  265 |                         pixbuf = targa_rgba + realrow*columns*4;
      |                                               ^~~~~~~~~~~~~~~
      |                                               (ptrdiff_t)
/home/matt/quakespasm/Quake/image.c:283:13: warning: result of multiplication in type 'int' is used as a pointer offset after an implicit widening conversion to type 'ptrdiff_t' [bugprone-implicit-widening-of-multiplication-result]
  283 |                         pixbuf = targa_rgba + realrow*columns*4;
      |                                  ^
/home/matt/quakespasm/Quake/image.c:283:26: note: make conversion explicit to silence this warning
  283 |                         pixbuf = targa_rgba + realrow*columns*4;
      |                                               ^~~~~~~~~~~~~~~~~
      |                                               (ptrdiff_t)(     )
/home/matt/quakespasm/Quake/image.c:283:26: note: perform multiplication in a wider type
  283 |                         pixbuf = targa_rgba + realrow*columns*4;
      |                                               ^~~~~~~~~~~~~~~
      |                                               (ptrdiff_t)
/home/matt/quakespasm/Quake/image.c:288:5: warning: switching on non-enum value without default case may not cover all cases [bugprone-switch-missing-default-case]
  288 |                                 switch (targa_header.pixel_size)
      |                                 ^
/home/matt/quakespasm/Quake/image.c:318:13: warning: result of multiplication in type 'int' is used as a pointer offset after an implicit widening conversion to type 'ptrdiff_t' [bugprone-implicit-widening-of-multiplication-result]
  318 |                         pixbuf = targa_rgba + realrow*columns*4;
      |                                  ^
/home/matt/quakespasm/Quake/image.c:318:26: note: make conversion explicit to silence this warning
  318 |                         pixbuf = targa_rgba + realrow*columns*4;
      |                                               ^~~~~~~~~~~~~~~~~
      |                                               (ptrdiff_t)(     )
/home/matt/quakespasm/Quake/image.c:318:26: note: perform multiplication in a wider type
  318 |                         pixbuf = targa_rgba + realrow*columns*4;
      |                                               ^~~~~~~~~~~~~~~
      |                                               (ptrdiff_t)
/home/matt/quakespasm/Quake/image.c:338:13: warning: result of multiplication in type 'int' is used as a pointer offset after an implicit widening conversion to type 'ptrdiff_t' [bugprone-implicit-widening-of-multiplication-result]
  338 |                         pixbuf = targa_rgba + realrow*columns*4;
      |                                  ^
/home/matt/quakespasm/Quake/image.c:338:26: note: make conversion explicit to silence this warning
  338 |                         pixbuf = targa_rgba + realrow*columns*4;
      |                                               ^~~~~~~~~~~~~~~~~
      |                                               (ptrdiff_t)(     )
/home/matt/quakespasm/Quake/image.c:338:26: note: perform multiplication in a wider type
  338 |                         pixbuf = targa_rgba + realrow*columns*4;
      |                                               ^~~~~~~~~~~~~~~
      |                                               (ptrdiff_t)
/home/matt/quakespasm/Quake/image.c:380:17: warning: result of multiplication in type 'int' is used as a pointer offset after an implicit widening conversion to type 'ptrdiff_t' [bugprone-implicit-widening-of-multiplication-result]
  380 |                                                         pixbuf = targa_rgba + realrow*columns*4;
      |                                                                  ^
/home/matt/quakespasm/Quake/image.c:380:30: note: make conversion explicit to silence this warning
  380 |                                                         pixbuf = targa_rgba + realrow*columns*4;
      |                                                                               ^~~~~~~~~~~~~~~~~
      |                                                                               (ptrdiff_t)(     )
/home/matt/quakespasm/Quake/image.c:380:30: note: perform multiplication in a wider type
  380 |                                                         pixbuf = targa_rgba + realrow*columns*4;
      |                                                                               ^~~~~~~~~~~~~~~
      |                                                                               (ptrdiff_t)
/home/matt/quakespasm/Quake/image.c:411:8: warning: Value stored to 'blue' is never read [clang-analyzer-deadcode.DeadStores]
  411 |                                                         blue = red = green = alphabyte = 0;
      |                                                         ^      ~~~~~~~~~~~~~~~~~~~~~~~~~~~
/home/matt/quakespasm/Quake/image.c:411:8: note: Value stored to 'blue' is never read
  411 |                                                         blue = red = green = alphabyte = 0;
      |                                                         ^      ~~~~~~~~~~~~~~~~~~~~~~~~~~~
/home/matt/quakespasm/Quake/image.c:411:15: warning: Although the value stored to 'red' is used in the enclosing expression, the value is never actually read from 'red' [clang-analyzer-deadcode.DeadStores]
  411 |                                                         blue = red = green = alphabyte = 0;
      |                                                                ^     ~~~~~~~~~~~~~~~~~~~~~
/home/matt/quakespasm/Quake/image.c:411:15: note: Although the value stored to 'red' is used in the enclosing expression, the value is never actually read from 'red'
  411 |                                                         blue = red = green = alphabyte = 0;
      |                                                                ^     ~~~~~~~~~~~~~~~~~~~~~
/home/matt/quakespasm/Quake/image.c:411:21: warning: Although the value stored to 'green' is used in the enclosing expression, the value is never actually read from 'green' [clang-analyzer-deadcode.DeadStores]
  411 |                                                         blue = red = green = alphabyte = 0;
      |                                                                      ^       ~~~~~~~~~~~~~
/home/matt/quakespasm/Quake/image.c:411:21: note: Although the value stored to 'green' is used in the enclosing expression, the value is never actually read from 'green'
  411 |                                                         blue = red = green = alphabyte = 0;
      |                                                                      ^       ~~~~~~~~~~~~~
/home/matt/quakespasm/Quake/image.c:411:29: warning: Although the value stored to 'alphabyte' is used in the enclosing expression, the value is never actually read from 'alphabyte' [clang-analyzer-deadcode.DeadStores]
  411 |                                                         blue = red = green = alphabyte = 0;
      |                                                                              ^           ~
/home/matt/quakespasm/Quake/image.c:411:29: note: Although the value stored to 'alphabyte' is used in the enclosing expression, the value is never actually read from 'alphabyte'
  411 |                                                         blue = red = green = alphabyte = 0;
      |                                                                              ^           ~
/home/matt/quakespasm/Quake/image.c:423:17: warning: result of multiplication in type 'int' is used as a pointer offset after an implicit widening conversion to type 'ptrdiff_t' [bugprone-implicit-widening-of-multiplication-result]
  423 |                                                         pixbuf = targa_rgba + realrow*columns*4;
      |                                                                  ^
/home/matt/quakespasm/Quake/image.c:423:30: note: make conversion explicit to silence this warning
  423 |                                                         pixbuf = targa_rgba + realrow*columns*4;
      |                                                                               ^~~~~~~~~~~~~~~~~
      |                                                                               (ptrdiff_t)(     )
/home/matt/quakespasm/Quake/image.c:423:30: note: perform multiplication in a wider type
  423 |                                                         pixbuf = targa_rgba + realrow*columns*4;
      |                                                                               ^~~~~~~~~~~~~~~
      |                                                                               (ptrdiff_t)
/home/matt/quakespasm/Quake/image.c:434:2: warning: the value returned by this function should not be disregarded; neglecting it may lead to errors [cert-err33-c]
  434 |         fclose(fin);
      |         ^~~~~~~~~~~
/home/matt/quakespasm/Quake/image.c:434:2: note: cast the expression to void to silence this warning
/home/matt/quakespasm/Quake/image.c:501:2: warning: the value returned by this function should not be disregarded; neglecting it may lead to errors [cert-err33-c]
  501 |         fseek (f, start + com_filesize - 768, SEEK_SET);
      |         ^~~~~~~~~~~~~~~~~~~~~~~~~~~~~~~~~~~~~~~~~~~~~~~
/home/matt/quakespasm/Quake/image.c:501:2: note: cast the expression to void to silence this warning
/home/matt/quakespasm/Quake/image.c:506:2: warning: the value returned by this function should not be disregarded; neglecting it may lead to errors [cert-err33-c]
  506 |         fseek (f, start + sizeof(pcx), SEEK_SET);
      |         ^~~~~~~~~~~~~~~~~~~~~~~~~~~~~~~~~~~~~~~~
/home/matt/quakespasm/Quake/image.c:506:2: note: cast the expression to void to silence this warning
/home/matt/quakespasm/Quake/image.c:512:7: warning: result of multiplication in type 'int' is used as a pointer offset after an implicit widening conversion to type 'ptrdiff_t' [bugprone-implicit-widening-of-multiplication-result]
  512 |                 p = data + y * w * 4;
      |                     ^
/home/matt/quakespasm/Quake/image.c:512:14: note: make conversion explicit to silence this warning
  512 |                 p = data + y * w * 4;
      |                            ^~~~~~~~~
      |                            (ptrdiff_t)( )
/home/matt/quakespasm/Quake/image.c:512:14: note: perform multiplication in a wider type
  512 |                 p = data + y * w * 4;
      |                            ^~~~~
      |                            (ptrdiff_t)
/home/matt/quakespasm/Quake/image.c:528:12: warning: result of multiplication in type 'int' is used as a pointer offset after an implicit widening conversion to type 'ptrdiff_t' [bugprone-implicit-widening-of-multiplication-result]
  528 |                                 p[0] = palette[readbyte*3];
      |                                        ^
/home/matt/quakespasm/Quake/image.c:528:20: note: make conversion explicit to silence this warning
  528 |                                 p[0] = palette[readbyte*3];
      |                                                ^~~~~~~~~~
      |                                                (ptrdiff_t)( )
/home/matt/quakespasm/Quake/image.c:528:20: note: perform multiplication in a wider type
  528 |                                 p[0] = palette[readbyte*3];
      |                                                ^~~~~~~~
      |                                                (ptrdiff_t)
/home/matt/quakespasm/Quake/image.c:539:2: warning: the value returned by this function should not be disregarded; neglecting it may lead to errors [cert-err33-c]
  539 |         fclose(f);
      |         ^~~~~~~~~
/home/matt/quakespasm/Quake/image.c:539:2: note: cast the expression to void to silence this warning
/home/matt/quakespasm/Quake/image.c:558:28: warning: performing an implicit widening conversion to type 'unsigned long' of a multiplication performed in type 'int' [bugprone-implicit-widening-of-multiplication-result]
  558 |         flipped = (byte *) malloc(height * rowsize);
      |                                   ^
/home/matt/quakespasm/Quake/image.c:558:28: note: make conversion explicit to silence this warning
  558 |         flipped = (byte *) malloc(height * rowsize);
      |                                   ^~~~~~~~~~~~~~~~
      |                                   (unsigned long)()
/home/matt/quakespasm/Quake/image.c:558:28: note: perform multiplication in a wider type
  558 |         flipped = (byte *) malloc(height * rowsize);
      |                                   ^~~~~~
      |                                   (long)
/home/matt/quakespasm/Quake/image.c:564:11: warning: result of multiplication in type 'int' is used as a pointer offset after an implicit widening conversion to type 'ptrdiff_t' [bugprone-implicit-widening-of-multiplication-result]
  564 |                 memcpy(&flipped[y * rowsize], &data[(height - 1 - y) * rowsize], rowsize);
      |                         ^
/home/matt/quakespasm/Quake/image.c:564:19: note: make conversion explicit to silence this warning
  564 |                 memcpy(&flipped[y * rowsize], &data[(height - 1 - y) * rowsize], rowsize);
      |                                 ^~~~~~~~~~~
      |                                 (ptrdiff_t)( )
/home/matt/quakespasm/Quake/image.c:564:19: note: perform multiplication in a wider type
  564 |                 memcpy(&flipped[y * rowsize], &data[(height - 1 - y) * rowsize], rowsize);
      |                                 ^
      |                                 (ptrdiff_t)
/home/matt/quakespasm/Quake/image.c:564:34: warning: result of multiplication in type 'int' is used as a pointer offset after an implicit widening conversion to type 'ptrdiff_t' [bugprone-implicit-widening-of-multiplication-result]
  564 |                 memcpy(&flipped[y * rowsize], &data[(height - 1 - y) * rowsize], rowsize);
      |                                                ^
/home/matt/quakespasm/Quake/image.c:564:39: note: make conversion explicit to silence this warning
  564 |                 memcpy(&flipped[y * rowsize], &data[(height - 1 - y) * rowsize], rowsize);
      |                                                     ^~~~~~~~~~~~~~~~~~~~~~~~~~
      |                                                     (ptrdiff_t)(              )
/home/matt/quakespasm/Quake/image.c:564:39: note: perform multiplication in a wider type
  564 |                 memcpy(&flipped[y * rowsize], &data[(height - 1 - y) * rowsize], rowsize);
      |                                                     ^~~~~~~~~~~~~~~
      |                                                      (ptrdiff_t)
/home/matt/quakespasm/Quake/in_sdl.c:91:2: warning: switching on non-enum value without default case may not cover all cases [bugprone-switch-missing-default-case]
   91 |         switch (event->type)
      |         ^
/home/matt/quakespasm/Quake/in_sdl.c:865:2: warning: switch has 2 consecutive identical branches [bugprone-branch-clone]
  865 |         case SDL_SCANCODE_RETURN: return K_ENTER;
      |         ^
/home/matt/quakespasm/Quake/in_sdl.c:866:43: note: last of these clones ends here
  866 |         case SDL_SCANCODE_RETURN2: return K_ENTER;
      |                                                  ^
/home/matt/quakespasm/Quake/in_sdl.c:928:2: warning: switch has 2 consecutive identical branches [bugprone-branch-clone]
  928 |         case SDL_SCANCODE_LALT: return K_ALT;
      |         ^
/home/matt/quakespasm/Quake/in_sdl.c:929:38: note: last of these clones ends here
  929 |         case SDL_SCANCODE_RALT: return K_ALT;
      |                                             ^
/home/matt/quakespasm/Quake/in_sdl.c:930:2: warning: switch has 2 consecutive identical branches [bugprone-branch-clone]
  930 |         case SDL_SCANCODE_LCTRL: return K_CTRL;
      |         ^
/home/matt/quakespasm/Quake/in_sdl.c:931:40: note: last of these clones ends here
  931 |         case SDL_SCANCODE_RCTRL: return K_CTRL;
      |                                               ^
/home/matt/quakespasm/Quake/in_sdl.c:932:2: warning: switch has 2 consecutive identical branches [bugprone-branch-clone]
  932 |         case SDL_SCANCODE_LSHIFT: return K_SHIFT;
      |         ^
/home/matt/quakespasm/Quake/in_sdl.c:933:42: note: last of these clones ends here
  933 |         case SDL_SCANCODE_RSHIFT: return K_SHIFT;
      |                                                 ^
/home/matt/quakespasm/Quake/in_sdl.c:972:2: warning: switch has 2 consecutive identical branches [bugprone-branch-clone]
  972 |         case SDL_SCANCODE_LGUI: return K_COMMAND;
      |         ^
/home/matt/quakespasm/Quake/in_sdl.c:973:42: note: last of these clones ends here
  973 |         case SDL_SCANCODE_RGUI: return K_COMMAND;
      |                                                 ^
/home/matt/quakespasm/Quake/keys.c:193:11: warning: an assignment within an 'if' condition is bug-prone [bugprone-assignment-in-if-condition]
  193 |         if ((cbd = PL_GetClipboardData()) == NULL)
      |              ~~~~^~~~~~~~~~~~~~~~~~~~~~~
/home/matt/quakespasm/Quake/keys.c:193:11: note: if it should be an assignment, move it out of the 'if' condition
/home/matt/quakespasm/Quake/keys.c:193:11: note: if it is meant to be an equality check, change '=' to '=='
/home/matt/quakespasm/Quake/keys.c:248:2: warning: switching on non-enum value without default case may not cover all cases [bugprone-switch-missing-default-case]
  248 |         switch (key)
      |         ^
/home/matt/quakespasm/Quake/keys.c:259:7: warning: function 'strcmp' is called without explicitly comparing result [bugprone-suspicious-string-compare]
  259 |                 if (strcmp(workline, key_lines[(edit_line - 1) & (CMDLINES - 1)]))
      |                     ^                                                            
      |                                                                                   != 0
/home/matt/quakespasm/Quake/keys.c:312:12: warning: result of multiplication in type 'int' is used as a pointer offset after an implicit widening conversion to type 'ptrdiff_t' [bugprone-implicit-widening-of-multiplication-result]
  312 |                                 line = con_text + (i % con_totallines) * con_linewidth;
      |                                        ^
/home/matt/quakespasm/Quake/keys.c:312:23: note: make conversion explicit to silence this warning
   24 |                                 line = con_text + (i % con_totallines) * con_linewidth;
      |                                                   ^~~~~~~~~~~~~~~~~~~~~~~~~~~~~~~~~~~~
      |                                                   (ptrdiff_t)(                        )
/home/matt/quakespasm/Quake/keys.c:312:23: note: perform multiplication in a wider type
  312 |                                 line = con_text + (i % con_totallines) * con_linewidth;
      |                                                   ^~~~~~~~~~~~~~~~~~~
      |                                                    (ptrdiff_t)
/home/matt/quakespasm/Quake/keys.c:515:2: warning: switching on non-enum value without default case may not cover all cases [bugprone-switch-missing-default-case]
  515 |         switch (key)
      |         ^
/home/matt/quakespasm/Quake/keys.c:748:3: warning: the value returned by this function should not be disregarded; neglecting it may lead to errors [cert-err33-c]
  748 |                 fprintf (f, "unbindall\n");
      |                 ^~~~~~~~~~~~~~~~~~~~~~~~~~
/home/matt/quakespasm/Quake/keys.c:748:3: note: cast the expression to void to silence this warning
/home/matt/quakespasm/Quake/keys.c:752:4: warning: the value returned by this function should not be disregarded; neglecting it may lead to errors [cert-err33-c]
  752 |                         fprintf (f, "bind \"%s\" \"%s\"\n", Key_KeynumToString(i), keybindings[i]);
      |                         ^~~~~~~~~~~~~~~~~~~~~~~~~~~~~~~~~~~~~~~~~~~~~~~~~~~~~~~~~~~~~~~~~~~~~~~~~~
/home/matt/quakespasm/Quake/keys.c:752:4: note: cast the expression to void to silence this warning
/home/matt/quakespasm/Quake/keys.c:789:6: warning: the value returned by this function should not be disregarded; neglecting it may lead to errors [cert-err33-c]
  789 |                                         ungetc(c, hf);
      |                                         ^~~~~~~~~~~~~
/home/matt/quakespasm/Quake/keys.c:789:6: note: cast the expression to void to silence this warning
/home/matt/quakespasm/Quake/keys.c:793:3: warning: the value returned by this function should not be disregarded; neglecting it may lead to errors [cert-err33-c]
  793 |                 fclose(hf);
      |                 ^~~~~~~~~~
/home/matt/quakespasm/Quake/keys.c:793:3: note: cast the expression to void to silence this warning
/home/matt/quakespasm/Quake/keys.c:817:4: warning: the value returned by this function should not be disregarded; neglecting it may lead to errors [cert-err33-c]
  817 |                         fprintf(hf, "%s\n", key_lines[i] + 1);
      |                         ^~~~~~~~~~~~~~~~~~~~~~~~~~~~~~~~~~~~~
/home/matt/quakespasm/Quake/keys.c:817:4: note: cast the expression to void to silence this warning
/home/matt/quakespasm/Quake/keys.c:820:3: warning: the value returned by this function should not be disregarded; neglecting it may lead to errors [cert-err33-c]
  820 |                 fclose(hf);
      |                 ^~~~~~~~~~
/home/matt/quakespasm/Quake/keys.c:820:3: note: cast the expression to void to silence this warning
/home/matt/quakespasm/Quake/keys.c:1054:4: warning: the value returned by this function should not be disregarded; neglecting it may lead to errors [cert-err33-c]
 1054 |                         sprintf (cmd, "-%s %i\n", kb+1, key);
      |                         ^~~~~~~~~~~~~~~~~~~~~~~~~~~~~~~~~~~~
/home/matt/quakespasm/Quake/keys.c:1054:4: note: cast the expression to void to silence this warning
/home/matt/quakespasm/Quake/keys.c:1077:5: warning: the value returned by this function should not be disregarded; neglecting it may lead to errors [cert-err33-c]
 1077 |                                 sprintf (cmd, "%s %i\n", kb, key);
      |                                 ^~~~~~~~~~~~~~~~~~~~~~~~~~~~~~~~~
/home/matt/quakespasm/Quake/keys.c:1077:5: note: cast the expression to void to silence this warning
/home/matt/quakespasm/Quake/keys.h:24:9: warning: declaration uses identifier '_QUAKE_KEYS_H', which is a reserved identifier [bugprone-reserved-identifier,cert-dcl37-c,cert-dcl51-cpp]
   24 | #define _QUAKE_KEYS_H
      |         ^~~~~~~~~~~~~
      |         QUAKE_KEYS_H
/home/matt/quakespasm/Quake/lodepng.c:78:10: warning: Call to 'malloc' has an allocation size of 0 bytes [clang-analyzer-optin.portability.UnixAPI]
   78 |   return malloc(size);
      |          ^
/home/matt/quakespasm/Quake/lodepng.c:5093:10: note: Calling 'lodepng_decode_memory'
 5093 |   return lodepng_decode_memory(out, w, h, in, insize, LCT_RGB, 8);
      |          ^~~~~~~~~~~~~~~~~~~~~~~~~~~~~~~~~~~~~~~~~~~~~~~~~~~~~~~~
/home/matt/quakespasm/Quake/lodepng.c:5075:3: note: Calling 'lodepng_state_init'
 5075 |   lodepng_state_init(&state);
      |   ^~~~~~~~~~~~~~~~~~~~~~~~~~
/home/matt/quakespasm/Quake/lodepng.c:5140:3: note: Calling 'lodepng_decoder_settings_init'
 5140 |   lodepng_decoder_settings_init(&state->decoder);
      |   ^~~~~~~~~~~~~~~~~~~~~~~~~~~~~~~~~~~~~~~~~~~~~~
/home/matt/quakespasm/Quake/lodepng.c:5140:3: note: Returning from 'lodepng_decoder_settings_init'
 5140 |   lodepng_decoder_settings_init(&state->decoder);
      |   ^~~~~~~~~~~~~~~~~~~~~~~~~~~~~~~~~~~~~~~~~~~~~~
/home/matt/quakespasm/Quake/lodepng.c:5075:3: note: Returning from 'lodepng_state_init'
 5075 |   lodepng_state_init(&state);
      |   ^~~~~~~~~~~~~~~~~~~~~~~~~~
/home/matt/quakespasm/Quake/lodepng.c:5083:11: note: Calling 'lodepng_decode'
 5083 |   error = lodepng_decode(out, w, h, &state, in, insize);
      |           ^~~~~~~~~~~~~~~~~~~~~~~~~~~~~~~~~~~~~~~~~~~~~
/home/matt/quakespasm/Quake/lodepng.c:5039:6: note: Assuming field 'error' is 0
 5039 |   if(state->error) return state->error;
      |      ^~~~~~~~~~~~
/home/matt/quakespasm/Quake/lodepng.c:5039:3: note: Taking false branch
 5039 |   if(state->error) return state->error;
      |   ^
/home/matt/quakespasm/Quake/lodepng.c:5040:6: note: Assuming field 'color_convert' is not equal to 0
 5040 |   if(!state->decoder.color_convert || lodepng_color_mode_equal(&state->info_raw, &state->info_png.color)) {
      |      ^~~~~~~~~~~~~~~~~~~~~~~~~~~~~
/home/matt/quakespasm/Quake/lodepng.c:5040:6: note: Left side of '||' is false
/home/matt/quakespasm/Quake/lodepng.c:5040:39: note: Assuming the condition is false
 5040 |   if(!state->decoder.color_convert || lodepng_color_mode_equal(&state->info_raw, &state->info_png.color)) {
      |                                       ^~~~~~~~~~~~~~~~~~~~~~~~~~~~~~~~~~~~~~~~~~~~~~~~~~~~~~~~~~~~~~~~~~
/home/matt/quakespasm/Quake/lodepng.c:5040:3: note: Taking false branch
 5040 |   if(!state->decoder.color_convert || lodepng_color_mode_equal(&state->info_raw, &state->info_png.color)) {
      |   ^
/home/matt/quakespasm/Quake/lodepng.c:5054:10: note: Assuming field 'colortype' is not equal to LCT_RGB
 5054 |     if(!(state->info_raw.colortype == LCT_RGB || state->info_raw.colortype == LCT_RGBA)
      |          ^~~~~~~~~~~~~~~~~~~~~~~~~~~~~~~~~~~~
/home/matt/quakespasm/Quake/lodepng.c:5054:10: note: Left side of '||' is false
/home/matt/quakespasm/Quake/lodepng.c:5054:50: note: Assuming field 'colortype' is not equal to LCT_RGBA
 5054 |     if(!(state->info_raw.colortype == LCT_RGB || state->info_raw.colortype == LCT_RGBA)
      |                                                  ^~~~~~~~~~~~~~~~~~~~~~~~~~~~~~~~~~~~~
/home/matt/quakespasm/Quake/lodepng.c:5054:8: note: Left side of '&&' is true
 5054 |     if(!(state->info_raw.colortype == LCT_RGB || state->info_raw.colortype == LCT_RGBA)
      |        ^
/home/matt/quakespasm/Quake/lodepng.c:5055:13: note: Assuming field 'bitdepth' is equal to 8
 5055 |        && !(state->info_raw.bitdepth == 8)) {
      |             ^~~~~~~~~~~~~~~~~~~~~~~~~~~~~
/home/matt/quakespasm/Quake/lodepng.c:5054:5: note: Taking false branch
 5054 |     if(!(state->info_raw.colortype == LCT_RGB || state->info_raw.colortype == LCT_RGBA)
      |     ^
/home/matt/quakespasm/Quake/lodepng.c:5059:15: note: Calling 'lodepng_get_raw_size'
 5059 |     outsize = lodepng_get_raw_size(*w, *h, &state->info_raw);
      |               ^~~~~~~~~~~~~~~~~~~~~~~~~~~~~~~~~~~~~~~~~~~~~~
/home/matt/quakespasm/Quake/lodepng.c:2796:10: note: Calling 'lodepng_get_raw_size_lct'
 2796 |   return lodepng_get_raw_size_lct(w, h, color->colortype, color->bitdepth);
      |          ^~~~~~~~~~~~~~~~~~~~~~~~~~~~~~~~~~~~~~~~~~~~~~~~~~~~~~~~~~~~~~~~~
/home/matt/quakespasm/Quake/lodepng.c:2792:3: note: Returning zero
 2792 |   return ((n / 8u) * bpp) + ((n & 7u) * bpp + 7u) / 8u;
      |   ^~~~~~~~~~~~~~~~~~~~~~~~~~~~~~~~~~~~~~~~~~~~~~~~~~~~
/home/matt/quakespasm/Quake/lodepng.c:2796:10: note: Returning from 'lodepng_get_raw_size_lct'
 2796 |   return lodepng_get_raw_size_lct(w, h, color->colortype, color->bitdepth);
      |          ^~~~~~~~~~~~~~~~~~~~~~~~~~~~~~~~~~~~~~~~~~~~~~~~~~~~~~~~~~~~~~~~~
/home/matt/quakespasm/Quake/lodepng.c:2796:3: note: Returning zero
 2796 |   return lodepng_get_raw_size_lct(w, h, color->colortype, color->bitdepth);
      |   ^~~~~~~~~~~~~~~~~~~~~~~~~~~~~~~~~~~~~~~~~~~~~~~~~~~~~~~~~~~~~~~~~~~~~~~~
/home/matt/quakespasm/Quake/lodepng.c:5059:15: note: Returning from 'lodepng_get_raw_size'
 5059 |     outsize = lodepng_get_raw_size(*w, *h, &state->info_raw);
      |               ^~~~~~~~~~~~~~~~~~~~~~~~~~~~~~~~~~~~~~~~~~~~~~
/home/matt/quakespasm/Quake/lodepng.c:5059:5: note: The value 0 is assigned to 'outsize'
 5059 |     outsize = lodepng_get_raw_size(*w, *h, &state->info_raw);
      |     ^~~~~~~~~~~~~~~~~~~~~~~~~~~~~~~~~~~~~~~~~~~~~~~~~~~~~~~~
/home/matt/quakespasm/Quake/lodepng.c:5060:43: note: Passing the value 0 via 1st parameter 'size'
 5060 |     *out = (unsigned char*)lodepng_malloc(outsize);
      |                                           ^~~~~~~
/home/matt/quakespasm/Quake/lodepng.c:5060:28: note: Calling 'lodepng_malloc'
 5060 |     *out = (unsigned char*)lodepng_malloc(outsize);
      |                            ^~~~~~~~~~~~~~~~~~~~~~~
/home/matt/quakespasm/Quake/lodepng.c:78:10: note: Call to 'malloc' has an allocation size of 0 bytes
   78 |   return malloc(size);
      |          ^      ~~~~
/home/matt/quakespasm/Quake/lodepng.c:123:45: warning: Assigned value is garbage or undefined [clang-analyzer-core.uninitialized.Assign]
  123 |   for(i = 0; i < size; i++) ((char*)dst)[i] = ((const char*)src)[i];
      |                                             ^
/home/matt/quakespasm/Quake/image.c:617:8: note: Assuming 'bpp' is not equal to 32
  617 |         if (!(bpp == 32 || bpp == 24))
      |               ^~~~~~~~~
/home/matt/quakespasm/Quake/image.c:617:8: note: Left side of '||' is false
/home/matt/quakespasm/Quake/image.c:617:21: note: Assuming 'bpp' is equal to 24
  617 |         if (!(bpp == 32 || bpp == 24))
      |                            ^~~~~~~~~
/home/matt/quakespasm/Quake/image.c:617:2: note: Taking false branch
  617 |         if (!(bpp == 32 || bpp == 24))
      |         ^
/home/matt/quakespasm/Quake/image.c:623:13: note: Assuming 'upsidedown' is not equal to 0
  623 |         flipped = (!upsidedown)? CopyFlipped (data, width, height, bpp) : data;
      |                    ^~~~~~~~~~~
/home/matt/quakespasm/Quake/image.c:623:12: note: '?' condition is false
  623 |         flipped = (!upsidedown)? CopyFlipped (data, width, height, bpp) : data;
      |                   ^
/home/matt/quakespasm/Quake/image.c:625:6: note: Assuming 'filters' is non-null
  625 |         if (!filters || !flipped)
      |             ^~~~~~~~
/home/matt/quakespasm/Quake/image.c:625:6: note: Left side of '||' is false
/home/matt/quakespasm/Quake/image.c:625:18: note: Assuming 'flipped' is non-null
  625 |         if (!filters || !flipped)
      |                         ^~~~~~~~
/home/matt/quakespasm/Quake/image.c:625:2: note: Taking false branch
  625 |         if (!filters || !flipped)
      |         ^
/home/matt/quakespasm/Quake/image.c:634:2: note: Calling 'lodepng_state_init'
  634 |         lodepng_state_init(&state);
      |         ^~~~~~~~~~~~~~~~~~~~~~~~~~
/home/matt/quakespasm/Quake/lodepng.c:5146:3: note: Calling 'lodepng_info_init'
 5146 |   lodepng_info_init(&state->info_png);
      |   ^~~~~~~~~~~~~~~~~~~~~~~~~~~~~~~~~~~
/home/matt/quakespasm/Quake/lodepng.c:5146:3: note: Returning from 'lodepng_info_init'
 5146 |   lodepng_info_init(&state->info_png);
      |   ^~~~~~~~~~~~~~~~~~~~~~~~~~~~~~~~~~~
/home/matt/quakespasm/Quake/image.c:634:2: note: Returning from 'lodepng_state_init'
  634 |         lodepng_state_init(&state);
      |         ^~~~~~~~~~~~~~~~~~~~~~~~~~
/home/matt/quakespasm/Quake/image.c:641:6: note: 'bpp' is equal to 24
  641 |         if (bpp == 24)
      |             ^~~
/home/matt/quakespasm/Quake/image.c:641:2: note: Taking true branch
  641 |         if (bpp == 24)
      |         ^
/home/matt/quakespasm/Quake/image.c:652:10: note: Calling 'lodepng_encode'
  652 |         error = lodepng_encode (&png, &pngsize, flipped, width, height, &state);
      |                 ^~~~~~~~~~~~~~~~~~~~~~~~~~~~~~~~~~~~~~~~~~~~~~~~~~~~~~~~~~~~~~~
/home/matt/quakespasm/Quake/lodepng.c:5956:23: note: Field 'colortype' is not equal to LCT_PALETTE
 5956 |   if((info_png->color.colortype == LCT_PALETTE || state->encoder.force_palette)
      |                       ^
/home/matt/quakespasm/Quake/lodepng.c:5956:7: note: Left side of '||' is false
 5956 |   if((info_png->color.colortype == LCT_PALETTE || state->encoder.force_palette)
      |       ^
/home/matt/quakespasm/Quake/lodepng.c:5956:66: note: Field 'force_palette' is 0
 5956 |   if((info_png->color.colortype == LCT_PALETTE || state->encoder.force_palette)
      |                                                                  ^
/home/matt/quakespasm/Quake/lodepng.c:5957:7: note: Left side of '&&' is false
 5957 |       && (info_png->color.palettesize == 0 || info_png->color.palettesize > 256)) {
      |       ^
/home/matt/quakespasm/Quake/lodepng.c:5965:34: note: Field 'btype' is <= 2
 5965 |   if(state->encoder.zlibsettings.btype > 2) {
      |                                  ^
/home/matt/quakespasm/Quake/lodepng.c:5965:3: note: Taking false branch
 5965 |   if(state->encoder.zlibsettings.btype > 2) {
      |   ^
/home/matt/quakespasm/Quake/lodepng.c:5969:16: note: Field 'interlace_method' is <= 1
 5969 |   if(info_png->interlace_method > 1) {
      |                ^
/home/matt/quakespasm/Quake/lodepng.c:5969:3: note: Taking false branch
 5969 |   if(info_png->interlace_method > 1) {
      |   ^
/home/matt/quakespasm/Quake/lodepng.c:5974:13: note: Field 'error' is 0
 5974 |   if(state->error) goto cleanup; /*error: invalid color type given*/
      |             ^
/home/matt/quakespasm/Quake/lodepng.c:5974:3: note: Taking false branch
 5974 |   if(state->error) goto cleanup; /*error: invalid color type given*/
      |   ^
/home/matt/quakespasm/Quake/lodepng.c:5976:13: note: Field 'error' is 0
 5976 |   if(state->error) goto cleanup; /*error: invalid color type given*/
      |             ^
/home/matt/quakespasm/Quake/lodepng.c:5976:3: note: Taking false branch
 5976 |   if(state->error) goto cleanup; /*error: invalid color type given*/
      |   ^
/home/matt/quakespasm/Quake/lodepng.c:5979:3: note: Calling 'lodepng_info_copy'
 5979 |   lodepng_info_copy(&info, &state->info_png);
      |   ^~~~~~~~~~~~~~~~~~~~~~~~~~~~~~~~~~~~~~~~~~
/home/matt/quakespasm/Quake/lodepng.c:3072:3: note: Calling 'lodepng_memcpy'
 3072 |   lodepng_memcpy(dest, source, sizeof(LodePNGInfo));
      |   ^~~~~~~~~~~~~~~~~~~~~~~~~~~~~~~~~~~~~~~~~~~~~~~~~
/home/matt/quakespasm/Quake/lodepng.c:123:3: note: Loop condition is true.  Entering loop body
  123 |   for(i = 0; i < size; i++) ((char*)dst)[i] = ((const char*)src)[i];
      |   ^
/home/matt/quakespasm/Quake/lodepng.c:123:24: note: The value 1 is assigned to 'i'
  123 |   for(i = 0; i < size; i++) ((char*)dst)[i] = ((const char*)src)[i];
      |                        ^~~
/home/matt/quakespasm/Quake/lodepng.c:123:3: note: Loop condition is true.  Entering loop body
  123 |   for(i = 0; i < size; i++) ((char*)dst)[i] = ((const char*)src)[i];
      |   ^
/home/matt/quakespasm/Quake/lodepng.c:123:45: note: Assigned value is garbage or undefined
  123 |   for(i = 0; i < size; i++) ((char*)dst)[i] = ((const char*)src)[i];
      |                                             ^ ~~~~~~~~~~~~~~~~~~~~~
/home/matt/quakespasm/Quake/lodepng.c:181:3: warning: macro argument should be enclosed in parentheses [bugprone-macro-parentheses]
  181 |   errorvar = code;\
      |   ^
      |   (       )
/home/matt/quakespasm/Quake/lodepng.c:190:3: warning: macro argument should be enclosed in parentheses [bugprone-macro-parentheses]
  190 |   errorvar = code;\
      |   ^
      |   (       )
/home/matt/quakespasm/Quake/lodepng.c:202:3: warning: macro argument should be enclosed in parentheses [bugprone-macro-parentheses]
  202 |   errorvar = code;\
      |   ^
      |   (       )
/home/matt/quakespasm/Quake/lodepng.c:358:5: warning: the value returned by this function should not be disregarded; neglecting it may lead to errors [cert-err33-c]
  358 |     fclose(file);
      |     ^~~~~~~~~~~~
/home/matt/quakespasm/Quake/lodepng.c:358:5: note: cast the expression to void to silence this warning
/home/matt/quakespasm/Quake/lodepng.c:366:3: warning: the value returned by this function should not be disregarded; neglecting it may lead to errors [cert-err33-c]
  366 |   fclose(file);
      |   ^~~~~~~~~~~~
/home/matt/quakespasm/Quake/lodepng.c:366:3: note: cast the expression to void to silence this warning
/home/matt/quakespasm/Quake/lodepng.c:378:3: warning: the value returned by this function should not be disregarded; neglecting it may lead to errors [cert-err33-c]
  378 |   fclose(file);
      |   ^~~~~~~~~~~~
/home/matt/quakespasm/Quake/lodepng.c:378:3: note: cast the expression to void to silence this warning
/home/matt/quakespasm/Quake/lodepng.c:401:3: warning: the value returned by this function should not be disregarded; neglecting it may lead to errors [cert-err33-c]
  401 |   fwrite(buffer, 1, buffersize, file);
      |   ^~~~~~~~~~~~~~~~~~~~~~~~~~~~~~~~~~~
/home/matt/quakespasm/Quake/lodepng.c:401:3: note: cast the expression to void to silence this warning
/home/matt/quakespasm/Quake/lodepng.c:402:3: warning: the value returned by this function should not be disregarded; neglecting it may lead to errors [cert-err33-c]
  402 |   fclose(file);
      |   ^~~~~~~~~~~~
/home/matt/quakespasm/Quake/lodepng.c:402:3: note: cast the expression to void to silence this warning
/home/matt/quakespasm/Quake/lodepng.c:430:8: warning: macro argument should be enclosed in parentheses [bugprone-macro-parentheses]
  430 |   if(((writer->bp) & 7u) == 0) {\
      |        ^     
      |        (     )
/home/matt/quakespasm/Quake/lodepng.c:431:25: warning: macro argument should be enclosed in parentheses [bugprone-macro-parentheses]
  431 |     if(!ucvector_resize(writer->data, writer->data->size + 1)) return;\
      |                         ^     
      |                         (     )
/home/matt/quakespasm/Quake/lodepng.c:431:39: warning: macro argument should be enclosed in parentheses [bugprone-macro-parentheses]
  431 |     if(!ucvector_resize(writer->data, writer->data->size + 1)) return;\
      |                                       ^     
      |                                       (     )
/home/matt/quakespasm/Quake/lodepng.c:432:5: warning: macro argument should be enclosed in parentheses [bugprone-macro-parentheses]
  432 |     writer->data->data[writer->data->size - 1] = 0;\
      |     ^     
      |     (     )
/home/matt/quakespasm/Quake/lodepng.c:432:24: warning: macro argument should be enclosed in parentheses [bugprone-macro-parentheses]
  432 |     writer->data->data[writer->data->size - 1] = 0;\
      |                        ^     
      |                        (     )
/home/matt/quakespasm/Quake/lodepng.c:434:4: warning: macro argument should be enclosed in parentheses [bugprone-macro-parentheses]
  434 |   (writer->data->data[writer->data->size - 1]) |= (bit << ((writer->bp) & 7u));\
      |    ^     
      |    (     )
/home/matt/quakespasm/Quake/lodepng.c:434:23: warning: macro argument should be enclosed in parentheses [bugprone-macro-parentheses]
  434 |   (writer->data->data[writer->data->size - 1]) |= (bit << ((writer->bp) & 7u));\
      |                       ^     
      |                       (     )
/home/matt/quakespasm/Quake/lodepng.c:434:52: warning: macro argument should be enclosed in parentheses [bugprone-macro-parentheses]
  434 |   (writer->data->data[writer->data->size - 1]) |= (bit << ((writer->bp) & 7u));\
      |                                                    ^
      |                                                    (  )
/home/matt/quakespasm/Quake/lodepng.c:434:61: warning: macro argument should be enclosed in parentheses [bugprone-macro-parentheses]
  434 |   (writer->data->data[writer->data->size - 1]) |= (bit << ((writer->bp) & 7u));\
      |                                                             ^     
      |                                                             (     )
/home/matt/quakespasm/Quake/lodepng.c:435:5: warning: macro argument should be enclosed in parentheses [bugprone-macro-parentheses]
  435 |   ++writer->bp;\
      |     ^     
      |     (     )
/home/matt/quakespasm/Quake/lodepng.c:920:13: warning: function 'boundaryPM' is within a recursive call chain [misc-no-recursion]
  920 | static void boundaryPM(BPMLists* lists, BPMNode* leaves, size_t numpresent, int c, int num) {
      |             ^
/home/matt/quakespasm/Quake/lodepng.c:920:13: note: example recursive call chain, starting from function 'boundaryPM'
/home/matt/quakespasm/Quake/lodepng.c:939:7: note: Frame #1: function 'boundaryPM' calls function 'boundaryPM' here:
  939 |       boundaryPM(lists, leaves, numpresent, c - 1, num);
      |       ^
/home/matt/quakespasm/Quake/lodepng.c:939:7: note: ... which was the starting point of the recursive call chain; there may be other cycles
/home/matt/quakespasm/Quake/lodepng.c:1014:18: warning: multilevel pointer conversion from 'BPMNode **' (aka 'struct BPMNode **') to 'void *', please use explicit cast [bugprone-multi-level-implicit-pointer-conversion]
 1014 |     lodepng_free(lists.freelist);
      |                  ^
/home/matt/quakespasm/Quake/lodepng.c:1015:18: warning: multilevel pointer conversion from 'BPMNode **' (aka 'struct BPMNode **') to 'void *', please use explicit cast [bugprone-multi-level-implicit-pointer-conversion]
 1015 |     lodepng_free(lists.chains0);
      |                  ^
/home/matt/quakespasm/Quake/lodepng.c:1016:18: warning: multilevel pointer conversion from 'BPMNode **' (aka 'struct BPMNode **') to 'void *', please use explicit cast [bugprone-multi-level-implicit-pointer-conversion]
 1016 |     lodepng_free(lists.chains1);
      |                  ^
/home/matt/quakespasm/Quake/lodepng.c:1137:34: warning: performing an implicit widening conversion to type 'size_t' (aka 'unsigned long') of a multiplication performed in type 'unsigned int' [bugprone-implicit-widening-of-multiplication-result]
 1137 |     if(lodepng_gtofl(reader->bp, HCLEN * 3, reader->bitsize)) {
      |                                  ^
/home/matt/quakespasm/Quake/lodepng.c:1137:34: note: make conversion explicit to silence this warning
   35 |     if(lodepng_gtofl(reader->bp, HCLEN * 3, reader->bitsize)) {
      |                                  ^~~~~~~~~
      |                                  (size_t)()
/home/matt/quakespasm/Quake/lodepng.c:1137:34: note: perform multiplication in a wider type
 1137 |     if(lodepng_gtofl(reader->bp, HCLEN * 3, reader->bitsize)) {
      |                                  ^~~~~
      |                                  (size_t)
/home/matt/quakespasm/Quake/lodepng.c:1713:90: warning: repeated branch body in conditional chain [bugprone-branch-clone]
 1713 |     if(length < 3) /*only lengths of 3 or higher are supported as length/distance pair*/ {
      |                                                                                          ^
/home/matt/quakespasm/Quake/lodepng.c:1715:6: note: end of the original
 1715 |     } else if(length < minmatch || (length == 3 && offset > 4096)) {
      |      ^
/home/matt/quakespasm/Quake/lodepng.c:1715:68: note: clone 1 starts here
 1715 |     } else if(length < minmatch || (length == 3 && offset > 4096)) {
      |                                                                    ^
/home/matt/quakespasm/Quake/lodepng.c:1870:73: warning: Array access (via field 'data') results in a null pointer dereference [clang-analyzer-core.NullDereference]
 1870 |       for(i = datapos; i < dataend; ++i) lz77_encoded.data[i - datapos] = data[i]; /*no LZ77, but still will be Huffman compressed*/
      |                                                                         ^
/home/matt/quakespasm/Quake/lodepng.c:2080:6: note: Assuming field 'btype' is <= 2
 2080 |   if(settings->btype > 2) return 61;
      |      ^~~~~~~~~~~~~~~~~~~
/home/matt/quakespasm/Quake/lodepng.c:2080:3: note: Taking false branch
 2080 |   if(settings->btype > 2) return 61;
      |   ^
/home/matt/quakespasm/Quake/lodepng.c:2081:11: note: Assuming field 'btype' is not equal to 0
 2081 |   else if(settings->btype == 0) return deflateNoCompression(out, in, insize);
      |           ^~~~~~~~~~~~~~~~~~~~
/home/matt/quakespasm/Quake/lodepng.c:2081:8: note: Taking false branch
 2081 |   else if(settings->btype == 0) return deflateNoCompression(out, in, insize);
      |        ^
/home/matt/quakespasm/Quake/lodepng.c:2082:11: note: Assuming field 'btype' is not equal to 1
 2082 |   else if(settings->btype == 1) blocksize = insize;
      |           ^~~~~~~~~~~~~~~~~~~~
/home/matt/quakespasm/Quake/lodepng.c:2082:8: note: Taking false branch
 2082 |   else if(settings->btype == 1) blocksize = insize;
      |        ^
/home/matt/quakespasm/Quake/lodepng.c:2086:8: note: Assuming 'blocksize' is >= 65536
 2086 |     if(blocksize < 65536) blocksize = 65536;
      |        ^~~~~~~~~~~~~~~~~
/home/matt/quakespasm/Quake/lodepng.c:2086:5: note: Taking false branch
 2086 |     if(blocksize < 65536) blocksize = 65536;
      |     ^
/home/matt/quakespasm/Quake/lodepng.c:2087:8: note: Assuming 'blocksize' is <= 262144
 2087 |     if(blocksize > 262144) blocksize = 262144;
      |        ^~~~~~~~~~~~~~~~~~
/home/matt/quakespasm/Quake/lodepng.c:2087:5: note: Taking false branch
 2087 |     if(blocksize > 262144) blocksize = 262144;
      |     ^
/home/matt/quakespasm/Quake/lodepng.c:2091:6: note: Assuming 'numdeflateblocks' is not equal to 0
 2091 |   if(numdeflateblocks == 0) numdeflateblocks = 1;
      |      ^~~~~~~~~~~~~~~~~~~~~
/home/matt/quakespasm/Quake/lodepng.c:2091:3: note: Taking false branch
 2091 |   if(numdeflateblocks == 0) numdeflateblocks = 1;
      |   ^
/home/matt/quakespasm/Quake/lodepng.c:2095:6: note: Assuming 'error' is 0
 2095 |   if(!error) {
      |      ^~~~~~
/home/matt/quakespasm/Quake/lodepng.c:2095:3: note: Taking true branch
 2095 |   if(!error) {
      |   ^
/home/matt/quakespasm/Quake/lodepng.c:2096:16: note: 'i' is not equal to 'numdeflateblocks'
 2096 |     for(i = 0; i != numdeflateblocks && !error; ++i) {
      |                ^
/home/matt/quakespasm/Quake/lodepng.c:2096:16: note: Left side of '&&' is true
/home/matt/quakespasm/Quake/lodepng.c:2096:5: note: Loop condition is true.  Entering loop body
 2096 |     for(i = 0; i != numdeflateblocks && !error; ++i) {
      |     ^
/home/matt/quakespasm/Quake/lodepng.c:2097:25: note: Assuming the condition is true
 2097 |       unsigned final = (i == numdeflateblocks - 1);
      |                         ^~~~~~~~~~~~~~~~~~~~~~~~~
/home/matt/quakespasm/Quake/lodepng.c:2100:10: note: Assuming 'end' is <= 'insize'
 2100 |       if(end > insize) end = insize;
      |          ^~~~~~~~~~~~
/home/matt/quakespasm/Quake/lodepng.c:2100:7: note: Taking false branch
 2100 |       if(end > insize) end = insize;
      |       ^
/home/matt/quakespasm/Quake/lodepng.c:2102:20: note: Field 'btype' is not equal to 1
 2102 |       if(settings->btype == 1) error = deflateFixed(&writer, &hash, in, start, end, settings, final);
      |                    ^
/home/matt/quakespasm/Quake/lodepng.c:2102:7: note: Taking false branch
 2102 |       if(settings->btype == 1) error = deflateFixed(&writer, &hash, in, start, end, settings, final);
      |       ^
/home/matt/quakespasm/Quake/lodepng.c:2103:25: note: Field 'btype' is equal to 2
 2103 |       else if(settings->btype == 2) error = deflateDynamic(&writer, &hash, in, start, end, settings, final);
      |                         ^
/home/matt/quakespasm/Quake/lodepng.c:2103:12: note: Taking true branch
 2103 |       else if(settings->btype == 2) error = deflateDynamic(&writer, &hash, in, start, end, settings, final);
      |            ^
/home/matt/quakespasm/Quake/lodepng.c:2103:45: note: Calling 'deflateDynamic'
 2103 |       else if(settings->btype == 2) error = deflateDynamic(&writer, &hash, in, start, end, settings, final);
      |                                             ^~~~~~~~~~~~~~~~~~~~~~~~~~~~~~~~~~~~~~~~~~~~~~~~~~~~~~~~~~~~~~~
/home/matt/quakespasm/Quake/lodepng.c:1846:3: note: Calling 'uivector_init'
 1846 |   uivector_init(&lz77_encoded);
      |   ^~~~~~~~~~~~~~~~~~~~~~~~~~~~
/home/matt/quakespasm/Quake/lodepng.c:247:3: note: Null pointer value stored to 'lz77_encoded.data'
  247 |   p->data = NULL;
      |   ^~~~~~~~~~~~~~
/home/matt/quakespasm/Quake/lodepng.c:1846:3: note: Returning from 'uivector_init'
 1846 |   uivector_init(&lz77_encoded);
      |   ^~~~~~~~~~~~~~~~~~~~~~~~~~~~
/home/matt/quakespasm/Quake/lodepng.c:1855:6: note: Assuming 'frequencies_ll' is non-null
 1855 |   if(!frequencies_ll || !frequencies_d || !frequencies_cl) error = 83; /*alloc fail*/
      |      ^~~~~~~~~~~~~~~
/home/matt/quakespasm/Quake/lodepng.c:1855:6: note: Left side of '||' is false
/home/matt/quakespasm/Quake/lodepng.c:1855:25: note: Assuming 'frequencies_d' is non-null
 1855 |   if(!frequencies_ll || !frequencies_d || !frequencies_cl) error = 83; /*alloc fail*/
      |                         ^~~~~~~~~~~~~~
/home/matt/quakespasm/Quake/lodepng.c:1855:6: note: Left side of '||' is false
 1855 |   if(!frequencies_ll || !frequencies_d || !frequencies_cl) error = 83; /*alloc fail*/
      |      ^
/home/matt/quakespasm/Quake/lodepng.c:1855:43: note: Assuming 'frequencies_cl' is non-null
 1855 |   if(!frequencies_ll || !frequencies_d || !frequencies_cl) error = 83; /*alloc fail*/
      |                                           ^~~~~~~~~~~~~~~
/home/matt/quakespasm/Quake/lodepng.c:1855:3: note: Taking false branch
 1855 |   if(!frequencies_ll || !frequencies_d || !frequencies_cl) error = 83; /*alloc fail*/
      |   ^
/home/matt/quakespasm/Quake/lodepng.c:1859:3: note: Loop condition is true.  Entering loop body
 1859 |   while(!error) {
      |   ^
/home/matt/quakespasm/Quake/lodepng.c:1864:8: note: Assuming field 'use_lz77' is 0
 1864 |     if(settings->use_lz77) {
      |        ^~~~~~~~~~~~~~~~~~
/home/matt/quakespasm/Quake/lodepng.c:1864:5: note: Taking false branch
 1864 |     if(settings->use_lz77) {
      |     ^
/home/matt/quakespasm/Quake/lodepng.c:1869:11: note: Calling 'uivector_resize'
 1869 |       if(!uivector_resize(&lz77_encoded, datasize)) ERROR_BREAK(83 /*alloc fail*/);
      |           ^~~~~~~~~~~~~~~~~~~~~~~~~~~~~~~~~~~~~~~~
/home/matt/quakespasm/Quake/lodepng.c:233:6: note: Assuming 'allocsize' is <= field 'allocsize'
  233 |   if(allocsize > p->allocsize) {
      |      ^~~~~~~~~~~~~~~~~~~~~~~~
/home/matt/quakespasm/Quake/lodepng.c:233:3: note: Taking false branch
  233 |   if(allocsize > p->allocsize) {
      |   ^
/home/matt/quakespasm/Quake/lodepng.c:243:3: note: Returning without writing to 'p->data'
  243 |   return 1; /*success*/
      |   ^
/home/matt/quakespasm/Quake/lodepng.c:1869:11: note: Returning from 'uivector_resize'
 1869 |       if(!uivector_resize(&lz77_encoded, datasize)) ERROR_BREAK(83 /*alloc fail*/);
      |           ^~~~~~~~~~~~~~~~~~~~~~~~~~~~~~~~~~~~~~~~
/home/matt/quakespasm/Quake/lodepng.c:1869:7: note: Taking false branch
 1869 |       if(!uivector_resize(&lz77_encoded, datasize)) ERROR_BREAK(83 /*alloc fail*/);
      |       ^
/home/matt/quakespasm/Quake/lodepng.c:1870:24: note: 'i' is < 'dataend'
 1870 |       for(i = datapos; i < dataend; ++i) lz77_encoded.data[i - datapos] = data[i]; /*no LZ77, but still will be Huffman compressed*/
      |                        ^
/home/matt/quakespasm/Quake/lodepng.c:1870:7: note: Loop condition is true.  Entering loop body
 1870 |       for(i = datapos; i < dataend; ++i) lz77_encoded.data[i - datapos] = data[i]; /*no LZ77, but still will be Huffman compressed*/
      |       ^
/home/matt/quakespasm/Quake/lodepng.c:1870:73: note: Array access (via field 'data') results in a null pointer dereference
 1870 |       for(i = datapos; i < dataend; ++i) lz77_encoded.data[i - datapos] = data[i]; /*no LZ77, but still will be Huffman compressed*/
      |                                                       ~~~~              ^
/home/matt/quakespasm/Quake/lodepng.c:1943:9: warning: Array subscript is undefined [clang-analyzer-core.uninitialized.ArraySubscript]
 1943 |       ++frequencies_cl[bitlen_lld_e[i]];
      |         ^
/home/matt/quakespasm/Quake/lodepng.c:2080:6: note: Assuming field 'btype' is <= 2
 2080 |   if(settings->btype > 2) return 61;
      |      ^~~~~~~~~~~~~~~~~~~
/home/matt/quakespasm/Quake/lodepng.c:2080:3: note: Taking false branch
 2080 |   if(settings->btype > 2) return 61;
      |   ^
/home/matt/quakespasm/Quake/lodepng.c:2081:11: note: Assuming field 'btype' is not equal to 0
 2081 |   else if(settings->btype == 0) return deflateNoCompression(out, in, insize);
      |           ^~~~~~~~~~~~~~~~~~~~
/home/matt/quakespasm/Quake/lodepng.c:2081:8: note: Taking false branch
 2081 |   else if(settings->btype == 0) return deflateNoCompression(out, in, insize);
      |        ^
/home/matt/quakespasm/Quake/lodepng.c:2082:11: note: Assuming field 'btype' is not equal to 1
 2082 |   else if(settings->btype == 1) blocksize = insize;
      |           ^~~~~~~~~~~~~~~~~~~~
/home/matt/quakespasm/Quake/lodepng.c:2082:8: note: Taking false branch
 2082 |   else if(settings->btype == 1) blocksize = insize;
      |        ^
/home/matt/quakespasm/Quake/lodepng.c:2086:8: note: Assuming 'blocksize' is >= 65536
 2086 |     if(blocksize < 65536) blocksize = 65536;
      |        ^~~~~~~~~~~~~~~~~
/home/matt/quakespasm/Quake/lodepng.c:2086:5: note: Taking false branch
 2086 |     if(blocksize < 65536) blocksize = 65536;
      |     ^
/home/matt/quakespasm/Quake/lodepng.c:2087:8: note: Assuming 'blocksize' is <= 262144
 2087 |     if(blocksize > 262144) blocksize = 262144;
      |        ^~~~~~~~~~~~~~~~~~
/home/matt/quakespasm/Quake/lodepng.c:2087:5: note: Taking false branch
 2087 |     if(blocksize > 262144) blocksize = 262144;
      |     ^
/home/matt/quakespasm/Quake/lodepng.c:2091:6: note: Assuming 'numdeflateblocks' is not equal to 0
 2091 |   if(numdeflateblocks == 0) numdeflateblocks = 1;
      |      ^~~~~~~~~~~~~~~~~~~~~
/home/matt/quakespasm/Quake/lodepng.c:2091:3: note: Taking false branch
 2091 |   if(numdeflateblocks == 0) numdeflateblocks = 1;
      |   ^
/home/matt/quakespasm/Quake/lodepng.c:2095:6: note: Assuming 'error' is 0
 2095 |   if(!error) {
      |      ^~~~~~
/home/matt/quakespasm/Quake/lodepng.c:2095:3: note: Taking true branch
 2095 |   if(!error) {
      |   ^
/home/matt/quakespasm/Quake/lodepng.c:2096:16: note: 'i' is not equal to 'numdeflateblocks'
 2096 |     for(i = 0; i != numdeflateblocks && !error; ++i) {
      |                ^
/home/matt/quakespasm/Quake/lodepng.c:2096:16: note: Left side of '&&' is true
/home/matt/quakespasm/Quake/lodepng.c:2096:5: note: Loop condition is true.  Entering loop body
 2096 |     for(i = 0; i != numdeflateblocks && !error; ++i) {
      |     ^
/home/matt/quakespasm/Quake/lodepng.c:2097:25: note: Assuming the condition is false
 2097 |       unsigned final = (i == numdeflateblocks - 1);
      |                         ^~~~~~~~~~~~~~~~~~~~~~~~~
/home/matt/quakespasm/Quake/lodepng.c:2100:10: note: Assuming 'end' is > 'insize'
 2100 |       if(end > insize) end = insize;
      |          ^~~~~~~~~~~~
/home/matt/quakespasm/Quake/lodepng.c:2100:7: note: Taking true branch
 2100 |       if(end > insize) end = insize;
      |       ^
/home/matt/quakespasm/Quake/lodepng.c:2102:20: note: Field 'btype' is not equal to 1
 2102 |       if(settings->btype == 1) error = deflateFixed(&writer, &hash, in, start, end, settings, final);
      |                    ^
/home/matt/quakespasm/Quake/lodepng.c:2102:7: note: Taking false branch
 2102 |       if(settings->btype == 1) error = deflateFixed(&writer, &hash, in, start, end, settings, final);
      |       ^
/home/matt/quakespasm/Quake/lodepng.c:2103:25: note: Field 'btype' is equal to 2
 2103 |       else if(settings->btype == 2) error = deflateDynamic(&writer, &hash, in, start, end, settings, final);
      |                         ^
/home/matt/quakespasm/Quake/lodepng.c:2103:12: note: Taking true branch
 2103 |       else if(settings->btype == 2) error = deflateDynamic(&writer, &hash, in, start, end, settings, final);
      |            ^
/home/matt/quakespasm/Quake/lodepng.c:2103:45: note: Calling 'deflateDynamic'
 2103 |       else if(settings->btype == 2) error = deflateDynamic(&writer, &hash, in, start, end, settings, final);
      |                                             ^~~~~~~~~~~~~~~~~~~~~~~~~~~~~~~~~~~~~~~~~~~~~~~~~~~~~~~~~~~~~~~
/home/matt/quakespasm/Quake/lodepng.c:1855:6: note: Assuming 'frequencies_ll' is non-null
 1855 |   if(!frequencies_ll || !frequencies_d || !frequencies_cl) error = 83; /*alloc fail*/
      |      ^~~~~~~~~~~~~~~
/home/matt/quakespasm/Quake/lodepng.c:1855:6: note: Left side of '||' is false
/home/matt/quakespasm/Quake/lodepng.c:1855:25: note: Assuming 'frequencies_d' is non-null
 1855 |   if(!frequencies_ll || !frequencies_d || !frequencies_cl) error = 83; /*alloc fail*/
      |                         ^~~~~~~~~~~~~~
/home/matt/quakespasm/Quake/lodepng.c:1855:6: note: Left side of '||' is false
 1855 |   if(!frequencies_ll || !frequencies_d || !frequencies_cl) error = 83; /*alloc fail*/
      |      ^
/home/matt/quakespasm/Quake/lodepng.c:1855:43: note: Assuming 'frequencies_cl' is non-null
 1855 |   if(!frequencies_ll || !frequencies_d || !frequencies_cl) error = 83; /*alloc fail*/
      |                                           ^~~~~~~~~~~~~~~
/home/matt/quakespasm/Quake/lodepng.c:1855:3: note: Taking false branch
 1855 |   if(!frequencies_ll || !frequencies_d || !frequencies_cl) error = 83; /*alloc fail*/
      |   ^
/home/matt/quakespasm/Quake/lodepng.c:1859:3: note: Loop condition is true.  Entering loop body
 1859 |   while(!error) {
      |   ^
/home/matt/quakespasm/Quake/lodepng.c:1864:8: note: Assuming field 'use_lz77' is not equal to 0
 1864 |     if(settings->use_lz77) {
      |        ^~~~~~~~~~~~~~~~~~
/home/matt/quakespasm/Quake/lodepng.c:1864:5: note: Taking true branch
 1864 |     if(settings->use_lz77) {
      |     ^
/home/matt/quakespasm/Quake/lodepng.c:1867:10: note: Assuming 'error' is 0
 1867 |       if(error) break;
      |          ^~~~~
/home/matt/quakespasm/Quake/lodepng.c:1867:7: note: Taking false branch
 1867 |       if(error) break;
      |       ^
/home/matt/quakespasm/Quake/lodepng.c:1874:16: note: Assuming 'i' is equal to field 'size'
 1874 |     for(i = 0; i != lz77_encoded.size; ++i) {
      |                ^~~~~~~~~~~~~~~~~~~~~~
/home/matt/quakespasm/Quake/lodepng.c:1874:5: note: Loop condition is false. Execution continues on line 1883
 1874 |     for(i = 0; i != lz77_encoded.size; ++i) {
      |     ^
/home/matt/quakespasm/Quake/lodepng.c:1887:8: note: Assuming 'error' is 0
 1887 |     if(error) break;
      |        ^~~~~
/home/matt/quakespasm/Quake/lodepng.c:1887:5: note: Taking false branch
 1887 |     if(error) break;
      |     ^
/home/matt/quakespasm/Quake/lodepng.c:1890:8: note: Assuming 'error' is 0
 1890 |     if(error) break;
      |        ^~~~~
/home/matt/quakespasm/Quake/lodepng.c:1890:5: note: Taking false branch
 1890 |     if(error) break;
      |     ^
/home/matt/quakespasm/Quake/lodepng.c:1892:19: note: Assuming field 'numcodes' is < 286
 1892 |     numcodes_ll = LODEPNG_MIN(tree_ll.numcodes, 286);
      |                   ^
/home/matt/quakespasm/Quake/lodepng.c:142:29: note: expanded from macro 'LODEPNG_MIN'
  142 | #define LODEPNG_MIN(a, b) (((a) < (b)) ? (a) : (b))
      |                             ^~~~~~~~~
/home/matt/quakespasm/Quake/lodepng.c:1892:19: note: '?' condition is true
 1892 |     numcodes_ll = LODEPNG_MIN(tree_ll.numcodes, 286);
      |                   ^
/home/matt/quakespasm/Quake/lodepng.c:142:28: note: expanded from macro 'LODEPNG_MIN'
  142 | #define LODEPNG_MIN(a, b) (((a) < (b)) ? (a) : (b))
      |                            ^
/home/matt/quakespasm/Quake/lodepng.c:1893:18: note: Assuming field 'numcodes' is < 30
 1893 |     numcodes_d = LODEPNG_MIN(tree_d.numcodes, 30);
      |                  ^
/home/matt/quakespasm/Quake/lodepng.c:142:29: note: expanded from macro 'LODEPNG_MIN'
  142 | #define LODEPNG_MIN(a, b) (((a) < (b)) ? (a) : (b))
      |                             ^~~~~~~~~
/home/matt/quakespasm/Quake/lodepng.c:1893:18: note: '?' condition is true
 1893 |     numcodes_d = LODEPNG_MIN(tree_d.numcodes, 30);
      |                  ^
/home/matt/quakespasm/Quake/lodepng.c:142:28: note: expanded from macro 'LODEPNG_MIN'
  142 | #define LODEPNG_MIN(a, b) (((a) < (b)) ? (a) : (b))
      |                            ^
/home/matt/quakespasm/Quake/lodepng.c:1898:31: note: Calling 'lodepng_malloc'
 1898 |     bitlen_lld_e = (unsigned*)lodepng_malloc(numcodes_lld * sizeof(*bitlen_lld_e));
      |                               ^~~~~~~~~~~~~~~~~~~~~~~~~~~~~~~~~~~~~~~~~~~~~~~~~~~~
/home/matt/quakespasm/Quake/lodepng.c:78:10: note: Storing uninitialized value
   78 |   return malloc(size);
      |          ^~~~~~~~~~~~
/home/matt/quakespasm/Quake/lodepng.c:78:3: note: Returning pointer, which participates in a condition later
   78 |   return malloc(size);
      |   ^~~~~~~~~~~~~~~~~~~
/home/matt/quakespasm/Quake/lodepng.c:1898:31: note: Returning from 'lodepng_malloc'
 1898 |     bitlen_lld_e = (unsigned*)lodepng_malloc(numcodes_lld * sizeof(*bitlen_lld_e));
      |                               ^~~~~~~~~~~~~~~~~~~~~~~~~~~~~~~~~~~~~~~~~~~~~~~~~~~~
/home/matt/quakespasm/Quake/lodepng.c:1899:8: note: Assuming 'bitlen_lld' is non-null
 1899 |     if(!bitlen_lld || !bitlen_lld_e) ERROR_BREAK(83); /*alloc fail*/
      |        ^~~~~~~~~~~
/home/matt/quakespasm/Quake/lodepng.c:1899:8: note: Left side of '||' is false
/home/matt/quakespasm/Quake/lodepng.c:1899:23: note: Assuming 'bitlen_lld_e' is non-null
 1899 |     if(!bitlen_lld || !bitlen_lld_e) ERROR_BREAK(83); /*alloc fail*/
      |                       ^~~~~~~~~~~~~
/home/matt/quakespasm/Quake/lodepng.c:1899:5: note: Taking false branch
 1899 |     if(!bitlen_lld || !bitlen_lld_e) ERROR_BREAK(83); /*alloc fail*/
      |     ^
/home/matt/quakespasm/Quake/lodepng.c:1902:16: note: Assuming 'i' is not equal to 'numcodes_ll'
 1902 |     for(i = 0; i != numcodes_ll; ++i) bitlen_lld[i] = tree_ll.lengths[i];
      |                ^~~~~~~~~~~~~~~~
/home/matt/quakespasm/Quake/lodepng.c:1902:5: note: Loop condition is true.  Entering loop body
 1902 |     for(i = 0; i != numcodes_ll; ++i) bitlen_lld[i] = tree_ll.lengths[i];
      |     ^
/home/matt/quakespasm/Quake/lodepng.c:1902:16: note: Assuming 'i' is equal to 'numcodes_ll'
 1902 |     for(i = 0; i != numcodes_ll; ++i) bitlen_lld[i] = tree_ll.lengths[i];
      |                ^~~~~~~~~~~~~~~~
/home/matt/quakespasm/Quake/lodepng.c:1902:5: note: Loop condition is false. Execution continues on line 1903
 1902 |     for(i = 0; i != numcodes_ll; ++i) bitlen_lld[i] = tree_ll.lengths[i];
      |     ^
/home/matt/quakespasm/Quake/lodepng.c:1903:16: note: Assuming 'i' is equal to 'numcodes_d'
 1903 |     for(i = 0; i != numcodes_d; ++i) bitlen_lld[numcodes_ll + i] = tree_d.lengths[i];
      |                ^~~~~~~~~~~~~~~
/home/matt/quakespasm/Quake/lodepng.c:1903:5: note: Loop condition is false. Execution continues on line 1907
 1903 |     for(i = 0; i != numcodes_d; ++i) bitlen_lld[numcodes_ll + i] = tree_d.lengths[i];
      |     ^
/home/matt/quakespasm/Quake/lodepng.c:1907:5: note: Loop condition is true.  Entering loop body
 1907 |     for(i = 0; i != numcodes_lld; ++i) {
      |     ^
/home/matt/quakespasm/Quake/lodepng.c:1909:38: note: Left side of '&&' is false
 1909 |       while(i + j + 1 < numcodes_lld && bitlen_lld[i + j + 1] == bitlen_lld[i]) ++j;
      |                                      ^
/home/matt/quakespasm/Quake/lodepng.c:1911:10: note: Assuming the condition is false
 1911 |       if(bitlen_lld[i] == 0 && j >= 2) /*repeat code for zeroes*/ {
      |          ^~~~~~~~~~~~~~~~~~
/home/matt/quakespasm/Quake/lodepng.c:1911:29: note: Left side of '&&' is false
 1911 |       if(bitlen_lld[i] == 0 && j >= 2) /*repeat code for zeroes*/ {
      |                             ^
/home/matt/quakespasm/Quake/lodepng.c:1922:17: note: 'j' is < 3
 1922 |       } else if(j >= 3) /*repeat code for value other than zero*/ {
      |                 ^
/home/matt/quakespasm/Quake/lodepng.c:1922:14: note: Taking false branch
 1922 |       } else if(j >= 3) /*repeat code for value other than zero*/ {
      |              ^
/home/matt/quakespasm/Quake/lodepng.c:1907:5: note: Loop condition is false. Execution continues on line 1942
 1907 |     for(i = 0; i != numcodes_lld; ++i) {
      |     ^
/home/matt/quakespasm/Quake/lodepng.c:1942:5: note: Loop condition is true.  Entering loop body
 1942 |     for(i = 0; i != numcodes_lld_e; ++i) {
      |     ^
/home/matt/quakespasm/Quake/lodepng.c:1946:10: note: Assuming the condition is true
 1946 |       if(bitlen_lld_e[i] >= 16) ++i;
      |          ^~~~~~~~~~~~~~~~~~~~~
/home/matt/quakespasm/Quake/lodepng.c:1946:7: note: Taking true branch
 1946 |       if(bitlen_lld_e[i] >= 16) ++i;
      |       ^
/home/matt/quakespasm/Quake/lodepng.c:1942:37: note: The value 2 is assigned to 'i'
 1942 |     for(i = 0; i != numcodes_lld_e; ++i) {
      |                                     ^~~
/home/matt/quakespasm/Quake/lodepng.c:1942:5: note: Loop condition is true.  Entering loop body
 1942 |     for(i = 0; i != numcodes_lld_e; ++i) {
      |     ^
/home/matt/quakespasm/Quake/lodepng.c:1943:9: note: Array subscript is undefined
 1943 |       ++frequencies_cl[bitlen_lld_e[i]];
      |         ^              ~~~~~~~~~~~~~~~
/home/matt/quakespasm/Quake/lodepng.c:2456:47: warning: The left expression of the compound assignment is an uninitialized value. The computed value will also be garbage [clang-analyzer-core.uninitialized.Assign]
 2456 |   if(bit == 0) bitstream[(*bitpointer) >> 3u] &=  (unsigned char)(~(1u << (7u - ((*bitpointer) & 7u))));
      |                                               ^
/home/matt/quakespasm/Quake/lodepng.c:5956:7: note: Assuming field 'colortype' is not equal to LCT_PALETTE
 5956 |   if((info_png->color.colortype == LCT_PALETTE || state->encoder.force_palette)
      |       ^~~~~~~~~~~~~~~~~~~~~~~~~~~~~~~~~~~~~~~~
/home/matt/quakespasm/Quake/lodepng.c:5956:7: note: Left side of '||' is false
/home/matt/quakespasm/Quake/lodepng.c:5956:51: note: Assuming field 'force_palette' is 0
 5956 |   if((info_png->color.colortype == LCT_PALETTE || state->encoder.force_palette)
      |                                                   ^~~~~~~~~~~~~~~~~~~~~~~~~~~~
/home/matt/quakespasm/Quake/lodepng.c:5957:7: note: Left side of '&&' is false
 5957 |       && (info_png->color.palettesize == 0 || info_png->color.palettesize > 256)) {
      |       ^
/home/matt/quakespasm/Quake/lodepng.c:5965:6: note: Assuming field 'btype' is <= 2
 5965 |   if(state->encoder.zlibsettings.btype > 2) {
      |      ^~~~~~~~~~~~~~~~~~~~~~~~~~~~~~~~~~~~~
/home/matt/quakespasm/Quake/lodepng.c:5965:3: note: Taking false branch
 5965 |   if(state->encoder.zlibsettings.btype > 2) {
      |   ^
/home/matt/quakespasm/Quake/lodepng.c:5969:6: note: Assuming field 'interlace_method' is <= 1
 5969 |   if(info_png->interlace_method > 1) {
      |      ^~~~~~~~~~~~~~~~~~~~~~~~~~~~~~
/home/matt/quakespasm/Quake/lodepng.c:5969:3: note: Taking false branch
 5969 |   if(info_png->interlace_method > 1) {
      |   ^
/home/matt/quakespasm/Quake/lodepng.c:5974:13: note: Field 'error' is 0
 5974 |   if(state->error) goto cleanup; /*error: invalid color type given*/
      |             ^
/home/matt/quakespasm/Quake/lodepng.c:5974:3: note: Taking false branch
 5974 |   if(state->error) goto cleanup; /*error: invalid color type given*/
      |   ^
/home/matt/quakespasm/Quake/lodepng.c:5976:13: note: Field 'error' is 0
 5976 |   if(state->error) goto cleanup; /*error: invalid color type given*/
      |             ^
/home/matt/quakespasm/Quake/lodepng.c:5976:3: note: Taking false branch
 5976 |   if(state->error) goto cleanup; /*error: invalid color type given*/
      |   ^
/home/matt/quakespasm/Quake/lodepng.c:5980:6: note: Assuming field 'auto_convert' is 0
 5980 |   if(state->encoder.auto_convert) {
      |      ^~~~~~~~~~~~~~~~~~~~~~~~~~~
/home/matt/quakespasm/Quake/lodepng.c:5980:3: note: Taking false branch
 5980 |   if(state->encoder.auto_convert) {
      |   ^
/home/matt/quakespasm/Quake/lodepng.c:6085:6: note: Assuming field 'iccp_defined' is 0
 6085 |   if(info_png->iccp_defined) {
      |      ^~~~~~~~~~~~~~~~~~~~~~
/home/matt/quakespasm/Quake/lodepng.c:6085:3: note: Taking false branch
 6085 |   if(info_png->iccp_defined) {
      |   ^
/home/matt/quakespasm/Quake/lodepng.c:6101:3: note: Taking false branch
 6101 |   if(!lodepng_color_mode_equal(&state->info_raw, &info.color)) {
      |   ^
/home/matt/quakespasm/Quake/lodepng.c:6116:20: note: Calling 'preProcessScanlines'
 6116 |     state->error = preProcessScanlines(&data, &datasize, image, w, h, &info, &state->encoder);
      |                    ^~~~~~~~~~~~~~~~~~~~~~~~~~~~~~~~~~~~~~~~~~~~~~~~~~~~~~~~~~~~~~~~~~~~~~~~~~
/home/matt/quakespasm/Quake/lodepng.c:5843:6: note: Assuming field 'interlace_method' is equal to 0
 5843 |   if(info_png->interlace_method == 0) {
      |      ^~~~~~~~~~~~~~~~~~~~~~~~~~~~~~~
/home/matt/quakespasm/Quake/lodepng.c:5843:3: note: Taking true branch
 5843 |   if(info_png->interlace_method == 0) {
      |   ^
/home/matt/quakespasm/Quake/lodepng.c:5846:8: note: Assuming the condition is false
 5846 |     if(!(*out) && (*outsize)) error = 83; /*alloc fail*/
      |        ^~~~~~~
/home/matt/quakespasm/Quake/lodepng.c:5846:16: note: Left side of '&&' is false
 5846 |     if(!(*out) && (*outsize)) error = 83; /*alloc fail*/
      |                ^
/home/matt/quakespasm/Quake/lodepng.c:5848:9: note: 'error' is 0
 5848 |     if(!error) {
      |         ^~~~~
/home/matt/quakespasm/Quake/lodepng.c:5848:5: note: Taking true branch
 5848 |     if(!error) {
      |     ^
/home/matt/quakespasm/Quake/lodepng.c:5850:10: note: Assuming 'bpp' is < 8
 5850 |       if(bpp < 8 && w * bpp != ((w * bpp + 7u) / 8u) * 8u) {
      |          ^~~~~~~
/home/matt/quakespasm/Quake/lodepng.c:5850:10: note: Left side of '&&' is true
/home/matt/quakespasm/Quake/lodepng.c:5850:21: note: Assuming the condition is true
 5850 |       if(bpp < 8 && w * bpp != ((w * bpp + 7u) / 8u) * 8u) {
      |                     ^~~~~~~~~~~~~~~~~~~~~~~~~~~~~~~~~~~~~
/home/matt/quakespasm/Quake/lodepng.c:5850:7: note: Taking true branch
 5850 |       if(bpp < 8 && w * bpp != ((w * bpp + 7u) / 8u) * 8u) {
      |       ^
/home/matt/quakespasm/Quake/lodepng.c:5851:49: note: Calling 'lodepng_malloc'
 5851 |         unsigned char* padded = (unsigned char*)lodepng_malloc(h * ((w * bpp + 7u) / 8u));
      |                                                 ^~~~~~~~~~~~~~~~~~~~~~~~~~~~~~~~~~~~~~~~~
/home/matt/quakespasm/Quake/lodepng.c:78:10: note: Storing uninitialized value
   78 |   return malloc(size);
      |          ^~~~~~~~~~~~
/home/matt/quakespasm/Quake/lodepng.c:5851:49: note: Returning from 'lodepng_malloc'
 5851 |         unsigned char* padded = (unsigned char*)lodepng_malloc(h * ((w * bpp + 7u) / 8u));
      |                                                 ^~~~~~~~~~~~~~~~~~~~~~~~~~~~~~~~~~~~~~~~~
/home/matt/quakespasm/Quake/lodepng.c:5852:12: note: Assuming 'padded' is non-null
 5852 |         if(!padded) error = 83; /*alloc fail*/
      |            ^~~~~~~
/home/matt/quakespasm/Quake/lodepng.c:5852:9: note: Taking false branch
 5852 |         if(!padded) error = 83; /*alloc fail*/
      |         ^
/home/matt/quakespasm/Quake/lodepng.c:5853:13: note: 'error' is 0
 5853 |         if(!error) {
      |             ^~~~~
/home/matt/quakespasm/Quake/lodepng.c:5853:9: note: Taking true branch
 5853 |         if(!error) {
      |         ^
/home/matt/quakespasm/Quake/lodepng.c:5854:11: note: Calling 'addPaddingBits'
 5854 |           addPaddingBits(padded, in, ((w * bpp + 7u) / 8u) * 8u, w * bpp, h);
      |           ^~~~~~~~~~~~~~~~~~~~~~~~~~~~~~~~~~~~~~~~~~~~~~~~~~~~~~~~~~~~~~~~~~
/home/matt/quakespasm/Quake/lodepng.c:5768:14: note: Assuming 'y' is not equal to 'h'
 5768 |   for(y = 0; y != h; ++y) {
      |              ^~~~~~
/home/matt/quakespasm/Quake/lodepng.c:5768:3: note: Loop condition is true.  Entering loop body
 5768 |   for(y = 0; y != h; ++y) {
      |   ^
/home/matt/quakespasm/Quake/lodepng.c:5770:16: note: Assuming 'x' is < 'ilinebits'
 5770 |     for(x = 0; x < ilinebits; ++x) {
      |                ^~~~~~~~~~~~~
/home/matt/quakespasm/Quake/lodepng.c:5770:5: note: Loop condition is true.  Entering loop body
 5770 |     for(x = 0; x < ilinebits; ++x) {
      |     ^
/home/matt/quakespasm/Quake/lodepng.c:5772:7: note: Calling 'setBitOfReversedStream'
 5772 |       setBitOfReversedStream(&obp, out, bit);
      |       ^~~~~~~~~~~~~~~~~~~~~~~~~~~~~~~~~~~~~~
/home/matt/quakespasm/Quake/lodepng.c:2456:6: note: Assuming 'bit' is equal to 0
 2456 |   if(bit == 0) bitstream[(*bitpointer) >> 3u] &=  (unsigned char)(~(1u << (7u - ((*bitpointer) & 7u))));
      |      ^~~~~~~~
/home/matt/quakespasm/Quake/lodepng.c:2456:3: note: Taking true branch
 2456 |   if(bit == 0) bitstream[(*bitpointer) >> 3u] &=  (unsigned char)(~(1u << (7u - ((*bitpointer) & 7u))));
      |   ^
/home/matt/quakespasm/Quake/lodepng.c:2456:47: note: The left expression of the compound assignment is an uninitialized value. The computed value will also be garbage
 2456 |   if(bit == 0) bitstream[(*bitpointer) >> 3u] &=  (unsigned char)(~(1u << (7u - ((*bitpointer) & 7u))));
      |                ~~~~~~~~~~~~~~~~~~~~~~~~~~~~~~ ^
/home/matt/quakespasm/Quake/lodepng.c:2457:47: warning: The left expression of the compound assignment is an uninitialized value. The computed value will also be garbage [clang-analyzer-core.uninitialized.Assign]
 2457 |   else         bitstream[(*bitpointer) >> 3u] |=  (1u << (7u - ((*bitpointer) & 7u)));
      |                                               ^
/home/matt/quakespasm/Quake/lodepng.c:5956:7: note: Assuming field 'colortype' is not equal to LCT_PALETTE
 5956 |   if((info_png->color.colortype == LCT_PALETTE || state->encoder.force_palette)
      |       ^~~~~~~~~~~~~~~~~~~~~~~~~~~~~~~~~~~~~~~~
/home/matt/quakespasm/Quake/lodepng.c:5956:7: note: Left side of '||' is false
/home/matt/quakespasm/Quake/lodepng.c:5956:51: note: Assuming field 'force_palette' is 0
 5956 |   if((info_png->color.colortype == LCT_PALETTE || state->encoder.force_palette)
      |                                                   ^~~~~~~~~~~~~~~~~~~~~~~~~~~~
/home/matt/quakespasm/Quake/lodepng.c:5957:7: note: Left side of '&&' is false
 5957 |       && (info_png->color.palettesize == 0 || info_png->color.palettesize > 256)) {
      |       ^
/home/matt/quakespasm/Quake/lodepng.c:5965:6: note: Assuming field 'btype' is <= 2
 5965 |   if(state->encoder.zlibsettings.btype > 2) {
      |      ^~~~~~~~~~~~~~~~~~~~~~~~~~~~~~~~~~~~~
/home/matt/quakespasm/Quake/lodepng.c:5965:3: note: Taking false branch
 5965 |   if(state->encoder.zlibsettings.btype > 2) {
      |   ^
/home/matt/quakespasm/Quake/lodepng.c:5969:6: note: Assuming field 'interlace_method' is <= 1
 5969 |   if(info_png->interlace_method > 1) {
      |      ^~~~~~~~~~~~~~~~~~~~~~~~~~~~~~
/home/matt/quakespasm/Quake/lodepng.c:5969:3: note: Taking false branch
 5969 |   if(info_png->interlace_method > 1) {
      |   ^
/home/matt/quakespasm/Quake/lodepng.c:5974:13: note: Field 'error' is 0
 5974 |   if(state->error) goto cleanup; /*error: invalid color type given*/
      |             ^
/home/matt/quakespasm/Quake/lodepng.c:5974:3: note: Taking false branch
 5974 |   if(state->error) goto cleanup; /*error: invalid color type given*/
      |   ^
/home/matt/quakespasm/Quake/lodepng.c:5976:13: note: Field 'error' is 0
 5976 |   if(state->error) goto cleanup; /*error: invalid color type given*/
      |             ^
/home/matt/quakespasm/Quake/lodepng.c:5976:3: note: Taking false branch
 5976 |   if(state->error) goto cleanup; /*error: invalid color type given*/
      |   ^
/home/matt/quakespasm/Quake/lodepng.c:5980:6: note: Assuming field 'auto_convert' is 0
 5980 |   if(state->encoder.auto_convert) {
      |      ^~~~~~~~~~~~~~~~~~~~~~~~~~~
/home/matt/quakespasm/Quake/lodepng.c:5980:3: note: Taking false branch
 5980 |   if(state->encoder.auto_convert) {
      |   ^
/home/matt/quakespasm/Quake/lodepng.c:6085:6: note: Assuming field 'iccp_defined' is 0
 6085 |   if(info_png->iccp_defined) {
      |      ^~~~~~~~~~~~~~~~~~~~~~
/home/matt/quakespasm/Quake/lodepng.c:6085:3: note: Taking false branch
 6085 |   if(info_png->iccp_defined) {
      |   ^
/home/matt/quakespasm/Quake/lodepng.c:6101:3: note: Taking false branch
 6101 |   if(!lodepng_color_mode_equal(&state->info_raw, &info.color)) {
      |   ^
/home/matt/quakespasm/Quake/lodepng.c:6116:20: note: Calling 'preProcessScanlines'
 6116 |     state->error = preProcessScanlines(&data, &datasize, image, w, h, &info, &state->encoder);
      |                    ^~~~~~~~~~~~~~~~~~~~~~~~~~~~~~~~~~~~~~~~~~~~~~~~~~~~~~~~~~~~~~~~~~~~~~~~~~
/home/matt/quakespasm/Quake/lodepng.c:5843:6: note: Assuming field 'interlace_method' is equal to 0
 5843 |   if(info_png->interlace_method == 0) {
      |      ^~~~~~~~~~~~~~~~~~~~~~~~~~~~~~~
/home/matt/quakespasm/Quake/lodepng.c:5843:3: note: Taking true branch
 5843 |   if(info_png->interlace_method == 0) {
      |   ^
/home/matt/quakespasm/Quake/lodepng.c:5846:8: note: Assuming the condition is false
 5846 |     if(!(*out) && (*outsize)) error = 83; /*alloc fail*/
      |        ^~~~~~~
/home/matt/quakespasm/Quake/lodepng.c:5846:16: note: Left side of '&&' is false
 5846 |     if(!(*out) && (*outsize)) error = 83; /*alloc fail*/
      |                ^
/home/matt/quakespasm/Quake/lodepng.c:5848:9: note: 'error' is 0
 5848 |     if(!error) {
      |         ^~~~~
/home/matt/quakespasm/Quake/lodepng.c:5848:5: note: Taking true branch
 5848 |     if(!error) {
      |     ^
/home/matt/quakespasm/Quake/lodepng.c:5850:10: note: Assuming 'bpp' is < 8
 5850 |       if(bpp < 8 && w * bpp != ((w * bpp + 7u) / 8u) * 8u) {
      |          ^~~~~~~
/home/matt/quakespasm/Quake/lodepng.c:5850:10: note: Left side of '&&' is true
/home/matt/quakespasm/Quake/lodepng.c:5850:21: note: Assuming the condition is true
 5850 |       if(bpp < 8 && w * bpp != ((w * bpp + 7u) / 8u) * 8u) {
      |                     ^~~~~~~~~~~~~~~~~~~~~~~~~~~~~~~~~~~~~
/home/matt/quakespasm/Quake/lodepng.c:5850:7: note: Taking true branch
 5850 |       if(bpp < 8 && w * bpp != ((w * bpp + 7u) / 8u) * 8u) {
      |       ^
/home/matt/quakespasm/Quake/lodepng.c:5851:49: note: Calling 'lodepng_malloc'
 5851 |         unsigned char* padded = (unsigned char*)lodepng_malloc(h * ((w * bpp + 7u) / 8u));
      |                                                 ^~~~~~~~~~~~~~~~~~~~~~~~~~~~~~~~~~~~~~~~~
/home/matt/quakespasm/Quake/lodepng.c:78:10: note: Storing uninitialized value
   78 |   return malloc(size);
      |          ^~~~~~~~~~~~
/home/matt/quakespasm/Quake/lodepng.c:5851:49: note: Returning from 'lodepng_malloc'
 5851 |         unsigned char* padded = (unsigned char*)lodepng_malloc(h * ((w * bpp + 7u) / 8u));
      |                                                 ^~~~~~~~~~~~~~~~~~~~~~~~~~~~~~~~~~~~~~~~~
/home/matt/quakespasm/Quake/lodepng.c:5852:12: note: Assuming 'padded' is non-null
 5852 |         if(!padded) error = 83; /*alloc fail*/
      |            ^~~~~~~
/home/matt/quakespasm/Quake/lodepng.c:5852:9: note: Taking false branch
 5852 |         if(!padded) error = 83; /*alloc fail*/
      |         ^
/home/matt/quakespasm/Quake/lodepng.c:5853:13: note: 'error' is 0
 5853 |         if(!error) {
      |             ^~~~~
/home/matt/quakespasm/Quake/lodepng.c:5853:9: note: Taking true branch
 5853 |         if(!error) {
      |         ^
/home/matt/quakespasm/Quake/lodepng.c:5854:11: note: Calling 'addPaddingBits'
 5854 |           addPaddingBits(padded, in, ((w * bpp + 7u) / 8u) * 8u, w * bpp, h);
      |           ^~~~~~~~~~~~~~~~~~~~~~~~~~~~~~~~~~~~~~~~~~~~~~~~~~~~~~~~~~~~~~~~~~
/home/matt/quakespasm/Quake/lodepng.c:5768:14: note: Assuming 'y' is not equal to 'h'
 5768 |   for(y = 0; y != h; ++y) {
      |              ^~~~~~
/home/matt/quakespasm/Quake/lodepng.c:5768:3: note: Loop condition is true.  Entering loop body
 5768 |   for(y = 0; y != h; ++y) {
      |   ^
/home/matt/quakespasm/Quake/lodepng.c:5770:16: note: Assuming 'x' is < 'ilinebits'
 5770 |     for(x = 0; x < ilinebits; ++x) {
      |                ^~~~~~~~~~~~~
/home/matt/quakespasm/Quake/lodepng.c:5770:5: note: Loop condition is true.  Entering loop body
 5770 |     for(x = 0; x < ilinebits; ++x) {
      |     ^
/home/matt/quakespasm/Quake/lodepng.c:5772:7: note: Calling 'setBitOfReversedStream'
 5772 |       setBitOfReversedStream(&obp, out, bit);
      |       ^~~~~~~~~~~~~~~~~~~~~~~~~~~~~~~~~~~~~~
/home/matt/quakespasm/Quake/lodepng.c:2456:6: note: Assuming 'bit' is not equal to 0
 2456 |   if(bit == 0) bitstream[(*bitpointer) >> 3u] &=  (unsigned char)(~(1u << (7u - ((*bitpointer) & 7u))));
      |      ^~~~~~~~
/home/matt/quakespasm/Quake/lodepng.c:2456:3: note: Taking false branch
 2456 |   if(bit == 0) bitstream[(*bitpointer) >> 3u] &=  (unsigned char)(~(1u << (7u - ((*bitpointer) & 7u))));
      |   ^
/home/matt/quakespasm/Quake/lodepng.c:2457:47: note: The left expression of the compound assignment is an uninitialized value. The computed value will also be garbage
 2457 |   else         bitstream[(*bitpointer) >> 3u] |=  (1u << (7u - ((*bitpointer) & 7u)));
      |                ~~~~~~~~~~~~~~~~~~~~~~~~~~~~~~ ^
/home/matt/quakespasm/Quake/lodepng.c:2477:11: warning: comparison between 'signed char' and 'unsigned char' [bugprone-signed-char-misuse]
 2477 |   return (chunk[4] == type[0] && chunk[5] == type[1] && chunk[6] == type[2] && chunk[7] == type[3]);
      |           ^
/home/matt/quakespasm/Quake/lodepng.c:2477:34: warning: comparison between 'signed char' and 'unsigned char' [bugprone-signed-char-misuse]
 2477 |   return (chunk[4] == type[0] && chunk[5] == type[1] && chunk[6] == type[2] && chunk[7] == type[3]);
      |                                  ^
/home/matt/quakespasm/Quake/lodepng.c:2477:57: warning: comparison between 'signed char' and 'unsigned char' [bugprone-signed-char-misuse]
 2477 |   return (chunk[4] == type[0] && chunk[5] == type[1] && chunk[6] == type[2] && chunk[7] == type[3]);
      |                                                         ^
/home/matt/quakespasm/Quake/lodepng.c:2477:80: warning: comparison between 'signed char' and 'unsigned char' [bugprone-signed-char-misuse]
 2477 |   return (chunk[4] == type[0] && chunk[5] == type[1] && chunk[6] == type[2] && chunk[7] == type[3]);
      |                                                                                ^
/home/matt/quakespasm/Quake/lodepng.c:2637:5: warning: switch has 2 consecutive identical branches [bugprone-branch-clone]
 2637 |     case LCT_GREY_ALPHA: if(!(                                 bd == 8 || bd == 16)) return 37; break;
      |     ^
/home/matt/quakespasm/Quake/lodepng.c:2638:102: note: last of these clones ends here
 2638 |     case LCT_RGBA:       if(!(                                 bd == 8 || bd == 16)) return 37; break;
      |                                                                                                      ^
/home/matt/quakespasm/Quake/lodepng.c:2639:5: warning: switch has 2 consecutive identical branches [bugprone-branch-clone]
 2639 |     case LCT_MAX_OCTET_VALUE: return 31; /* invalid color type */
      |     ^
/home/matt/quakespasm/Quake/lodepng.c:2640:23: note: last of these clones ends here
 2640 |     default: return 31; /* invalid color type */
      |                       ^
/home/matt/quakespasm/Quake/lodepng.c:2652:5: warning: switch has 2 consecutive identical branches [bugprone-branch-clone]
 2652 |     case LCT_MAX_OCTET_VALUE: return 0; /* invalid color type */
      |     ^
/home/matt/quakespasm/Quake/lodepng.c:2653:22: note: last of these clones ends here
 2653 |     default: return 0; /*invalid color type*/
      |                      ^
/home/matt/quakespasm/Quake/lodepng.c:2800:2: warning: nested redundant #ifdef; consider removing it [readability-redundant-preprocessor]
 2800 | #ifdef LODEPNG_COMPILE_PNG
      |  ^
/home/matt/quakespasm/Quake/lodepng.c:2371:2: note: previous #ifdef was here
 2371 | #ifdef LODEPNG_COMPILE_PNG
      |  ^
/home/matt/quakespasm/Quake/lodepng.c:2887:16: warning: multilevel pointer conversion from 'char **' to 'void *', please use explicit cast [bugprone-multi-level-implicit-pointer-conversion]
 2887 |   lodepng_free(info->text_keys);
      |                ^
/home/matt/quakespasm/Quake/lodepng.c:2888:16: warning: multilevel pointer conversion from 'char **' to 'void *', please use explicit cast [bugprone-multi-level-implicit-pointer-conversion]
 2888 |   lodepng_free(info->text_strings);
      |                ^
/home/matt/quakespasm/Quake/lodepng.c:2903:46: warning: multilevel pointer conversion from 'char **' to 'void *', please use explicit cast [bugprone-multi-level-implicit-pointer-conversion]
 2903 |   char** new_keys = (char**)(lodepng_realloc(info->text_keys, sizeof(char*) * (info->text_num + 1)));
      |                                              ^
/home/matt/quakespasm/Quake/lodepng.c:2904:49: warning: multilevel pointer conversion from 'char **' to 'void *', please use explicit cast [bugprone-multi-level-implicit-pointer-conversion]
 2904 |   char** new_strings = (char**)(lodepng_realloc(info->text_strings, sizeof(char*) * (info->text_num + 1)));
      |                                                 ^
/home/matt/quakespasm/Quake/lodepng.c:2945:16: warning: multilevel pointer conversion from 'char **' to 'void *', please use explicit cast [bugprone-multi-level-implicit-pointer-conversion]
 2945 |   lodepng_free(info->itext_keys);
      |                ^
/home/matt/quakespasm/Quake/lodepng.c:2946:16: warning: multilevel pointer conversion from 'char **' to 'void *', please use explicit cast [bugprone-multi-level-implicit-pointer-conversion]
 2946 |   lodepng_free(info->itext_langtags);
      |                ^
/home/matt/quakespasm/Quake/lodepng.c:2947:16: warning: multilevel pointer conversion from 'char **' to 'void *', please use explicit cast [bugprone-multi-level-implicit-pointer-conversion]
 2947 |   lodepng_free(info->itext_transkeys);
      |                ^
/home/matt/quakespasm/Quake/lodepng.c:2948:16: warning: multilevel pointer conversion from 'char **' to 'void *', please use explicit cast [bugprone-multi-level-implicit-pointer-conversion]
 2948 |   lodepng_free(info->itext_strings);
      |                ^
/home/matt/quakespasm/Quake/lodepng.c:2971:46: warning: multilevel pointer conversion from 'char **' to 'void *', please use explicit cast [bugprone-multi-level-implicit-pointer-conversion]
 2971 |   char** new_keys = (char**)(lodepng_realloc(info->itext_keys, sizeof(char*) * (info->itext_num + 1)));
      |                                              ^
/home/matt/quakespasm/Quake/lodepng.c:2972:50: warning: multilevel pointer conversion from 'char **' to 'void *', please use explicit cast [bugprone-multi-level-implicit-pointer-conversion]
 2972 |   char** new_langtags = (char**)(lodepng_realloc(info->itext_langtags, sizeof(char*) * (info->itext_num + 1)));
      |                                                  ^
/home/matt/quakespasm/Quake/lodepng.c:2973:51: warning: multilevel pointer conversion from 'char **' to 'void *', please use explicit cast [bugprone-multi-level-implicit-pointer-conversion]
 2973 |   char** new_transkeys = (char**)(lodepng_realloc(info->itext_transkeys, sizeof(char*) * (info->itext_num + 1)));
      |                                                   ^
/home/matt/quakespasm/Quake/lodepng.c:2974:49: warning: multilevel pointer conversion from 'char **' to 'void *', please use explicit cast [bugprone-multi-level-implicit-pointer-conversion]
 2974 |   char** new_strings = (char**)(lodepng_realloc(info->itext_strings, sizeof(char*) * (info->itext_num + 1)));
      |                                                 ^
/home/matt/quakespasm/Quake/lodepng.c:3116:18: warning: multilevel pointer conversion from 'ColorTree **' (aka 'struct ColorTree **') to 'void *', please use explicit cast [bugprone-multi-level-implicit-pointer-conversion]
 3116 |   lodepng_memset(tree->children, 0, 16 * sizeof(*tree->children));
      |                  ^
/home/matt/quakespasm/Quake/lodepng.c:3120:13: warning: function 'color_tree_cleanup' is within a recursive call chain [misc-no-recursion]
 3120 | static void color_tree_cleanup(ColorTree* tree) {
      |             ^
/home/matt/quakespasm/Quake/lodepng.c:3120:13: note: example recursive call chain, starting from function 'color_tree_cleanup'
/home/matt/quakespasm/Quake/lodepng.c:3124:7: note: Frame #1: function 'color_tree_cleanup' calls function 'color_tree_cleanup' here:
 3124 |       color_tree_cleanup(tree->children[i]);
      |       ^
/home/matt/quakespasm/Quake/lodepng.c:3124:7: note: ... which was the starting point of the recursive call chain; there may be other cycles
/home/matt/quakespasm/Quake/lodepng.c:3387:33: warning: result of multiplication in type 'unsigned int' is used as a pointer offset after an implicit widening conversion to type 'size_t' [bugprone-implicit-widening-of-multiplication-result]
 3387 |         lodepng_memcpy(buffer, &mode->palette[index * 4], 4);
      |                                 ^
/home/matt/quakespasm/Quake/lodepng.c:3387:47: note: make conversion explicit to silence this warning
   35 |         lodepng_memcpy(buffer, &mode->palette[index * 4], 4);
      |                                               ^~~~~~~~~
      |                                               (size_t)()
/home/matt/quakespasm/Quake/lodepng.c:3387:47: note: perform multiplication in a wider type
 3387 |         lodepng_memcpy(buffer, &mode->palette[index * 4], 4);
      |                                               ^~~~~
      |                                               (size_t)
/home/matt/quakespasm/Quake/lodepng.c:3394:33: warning: result of multiplication in type 'unsigned int' is used as a pointer offset after an implicit widening conversion to type 'size_t' [bugprone-implicit-widening-of-multiplication-result]
 3394 |         lodepng_memcpy(buffer, &mode->palette[index * 4], 4);
      |                                 ^
/home/matt/quakespasm/Quake/lodepng.c:3394:47: note: make conversion explicit to silence this warning
 3394 |         lodepng_memcpy(buffer, &mode->palette[index * 4], 4);
      |                                               ^~~~~~~~~
      |                                               (size_t)()
/home/matt/quakespasm/Quake/lodepng.c:3394:47: note: perform multiplication in a wider type
 3394 |         lodepng_memcpy(buffer, &mode->palette[index * 4], 4);
      |                                               ^~~~~
      |                                               (size_t)
/home/matt/quakespasm/Quake/lodepng.c:3461:33: warning: result of multiplication in type 'unsigned int' is used as a pointer offset after an implicit widening conversion to type 'size_t' [bugprone-implicit-widening-of-multiplication-result]
 3461 |         lodepng_memcpy(buffer, &mode->palette[index * 4], 3);
      |                                 ^
/home/matt/quakespasm/Quake/lodepng.c:3461:47: note: make conversion explicit to silence this warning
 3461 |         lodepng_memcpy(buffer, &mode->palette[index * 4], 3);
      |                                               ^~~~~~~~~
      |                                               (size_t)()
/home/matt/quakespasm/Quake/lodepng.c:3461:47: note: perform multiplication in a wider type
 3461 |         lodepng_memcpy(buffer, &mode->palette[index * 4], 3);
      |                                               ^~~~~
      |                                               (size_t)
/home/matt/quakespasm/Quake/lodepng.c:3468:33: warning: result of multiplication in type 'unsigned int' is used as a pointer offset after an implicit widening conversion to type 'size_t' [bugprone-implicit-widening-of-multiplication-result]
 3468 |         lodepng_memcpy(buffer, &mode->palette[index * 4], 3);
      |                                 ^
/home/matt/quakespasm/Quake/lodepng.c:3468:47: note: make conversion explicit to silence this warning
 3468 |         lodepng_memcpy(buffer, &mode->palette[index * 4], 3);
      |                                               ^~~~~~~~~
      |                                               (size_t)()
/home/matt/quakespasm/Quake/lodepng.c:3468:47: note: perform multiplication in a wider type
 3468 |         lodepng_memcpy(buffer, &mode->palette[index * 4], 3);
      |                                               ^~~~~
      |                                               (size_t)
/home/matt/quakespasm/Quake/lodepng.c:3765:65: warning: repeated branch body in conditional chain [bugprone-branch-clone]
 3765 |         if(a != 65535 && (a != 0 || (stats->key && !matchkey))) {
      |                                                                 ^
/home/matt/quakespasm/Quake/lodepng.c:3769:10: note: end of the original
 3769 |         } else if(a == 0 && !stats->alpha && !stats->key) {
      |          ^
/home/matt/quakespasm/Quake/lodepng.c:3774:57: note: clone 1 starts here
 3774 |         } else if(a == 65535 && stats->key && matchkey) {
      |                                                         ^
/home/matt/quakespasm/Quake/lodepng.c:3791:11: warning: Value stored to 'alpha_done' is never read [clang-analyzer-deadcode.DeadStores]
 3791 |           alpha_done = 1;
      |           ^            ~
/home/matt/quakespasm/Quake/lodepng.c:3791:11: note: Value stored to 'alpha_done' is never read
 3791 |           alpha_done = 1;
      |           ^            ~
/home/matt/quakespasm/Quake/lodepng.c:3815:63: warning: repeated branch body in conditional chain [bugprone-branch-clone]
 3815 |         if(a != 255 && (a != 0 || (stats->key && !matchkey))) {
      |                                                               ^
/home/matt/quakespasm/Quake/lodepng.c:3820:10: note: end of the original
 3820 |         } else if(a == 0 && !stats->alpha && !stats->key) {
      |          ^
/home/matt/quakespasm/Quake/lodepng.c:3825:55: note: clone 1 starts here
 3825 |         } else if(a == 255 && stats->key && matchkey) {
      |                                                       ^
/home/matt/quakespasm/Quake/lodepng.c:3861:11: warning: Value stored to 'alpha_done' is never read [clang-analyzer-deadcode.DeadStores]
 3861 |           alpha_done = 1;
      |           ^            ~
/home/matt/quakespasm/Quake/lodepng.c:3861:11: note: Value stored to 'alpha_done' is never read
 3861 |           alpha_done = 1;
      |           ^            ~
/home/matt/quakespasm/Quake/lodepng.c:4027:53: warning: performing an implicit widening conversion to type 'size_t' (aka 'unsigned long') of a multiplication performed in type 'unsigned int' [bugprone-implicit-widening-of-multiplication-result]
 4027 |     padded_passstart[i + 1] = padded_passstart[i] + passh[i] * ((passw[i] * bpp + 7u) / 8u);
      |                                                     ^
/home/matt/quakespasm/Quake/lodepng.c:4027:53: note: make conversion explicit to silence this warning
 4027 |     padded_passstart[i + 1] = padded_passstart[i] + passh[i] * ((passw[i] * bpp + 7u) / 8u);
      |                                                     ^~~~~~~~~~~~~~~~~~~~~~~~~~~~~~~~~~~~~~~
      |                                                     (size_t)(                              )
/home/matt/quakespasm/Quake/lodepng.c:4027:53: note: perform multiplication in a wider type
 4027 |     padded_passstart[i + 1] = padded_passstart[i] + passh[i] * ((passw[i] * bpp + 7u) / 8u);
      |                                                     ^~~~~~~~
      |                                                     (size_t)
/home/matt/quakespasm/Quake/lodepng.c:4357:34: warning: performing an implicit widening conversion to type 'size_t' (aka 'unsigned long') of a multiplication performed in type 'unsigned int' [bugprone-implicit-widening-of-multiplication-result]
 4357 |       removePaddingBits(out, in, w * bpp, ((w * bpp + 7u) / 8u) * 8u, h);
      |                                  ^
/home/matt/quakespasm/Quake/lodepng.c:4357:34: note: make conversion explicit to silence this warning
 4357 |       removePaddingBits(out, in, w * bpp, ((w * bpp + 7u) / 8u) * 8u, h);
      |                                  ^~~~~~~
      |                                  (size_t)( )
/home/matt/quakespasm/Quake/lodepng.c:4357:34: note: perform multiplication in a wider type
 4357 |       removePaddingBits(out, in, w * bpp, ((w * bpp + 7u) / 8u) * 8u, h);
      |                                  ^
      |                                  (size_t)
/home/matt/quakespasm/Quake/lodepng.c:4357:43: warning: performing an implicit widening conversion to type 'size_t' (aka 'unsigned long') of a multiplication performed in type 'unsigned int' [bugprone-implicit-widening-of-multiplication-result]
 4357 |       removePaddingBits(out, in, w * bpp, ((w * bpp + 7u) / 8u) * 8u, h);
      |                                           ^
/home/matt/quakespasm/Quake/lodepng.c:4357:43: note: make conversion explicit to silence this warning
 4357 |       removePaddingBits(out, in, w * bpp, ((w * bpp + 7u) / 8u) * 8u, h);
      |                                           ^~~~~~~~~~~~~~~~~~~~~~~~~~
      |                                           (size_t)(                 )
/home/matt/quakespasm/Quake/lodepng.c:4357:43: note: perform multiplication in a wider type
 4357 |       removePaddingBits(out, in, w * bpp, ((w * bpp + 7u) / 8u) * 8u, h);
      |                                           ^~~~~~~~~~~~~~~~~~~~
      |                                            (size_t)
/home/matt/quakespasm/Quake/lodepng.c:4374:72: warning: performing an implicit widening conversion to type 'size_t' (aka 'unsigned long') of a multiplication performed in type 'unsigned int' [bugprone-implicit-widening-of-multiplication-result]
 4374 |         removePaddingBits(&in[passstart[i]], &in[padded_passstart[i]], passw[i] * bpp,
      |                                                                        ^
/home/matt/quakespasm/Quake/lodepng.c:4374:72: note: make conversion explicit to silence this warning
 4374 |         removePaddingBits(&in[passstart[i]], &in[padded_passstart[i]], passw[i] * bpp,
      |                                                                        ^~~~~~~~~~~~~~
      |                                                                        (size_t)(     )
/home/matt/quakespasm/Quake/lodepng.c:4374:72: note: perform multiplication in a wider type
 4374 |         removePaddingBits(&in[passstart[i]], &in[padded_passstart[i]], passw[i] * bpp,
      |                                                                        ^~~~~~~~
      |                                                                        (size_t)
/home/matt/quakespasm/Quake/lodepng.c:4375:27: warning: performing an implicit widening conversion to type 'size_t' (aka 'unsigned long') of a multiplication performed in type 'unsigned int' [bugprone-implicit-widening-of-multiplication-result]
 4375 |                           ((passw[i] * bpp + 7u) / 8u) * 8u, passh[i]);
      |                           ^
/home/matt/quakespasm/Quake/lodepng.c:4375:27: note: make conversion explicit to silence this warning
 4375 |                           ((passw[i] * bpp + 7u) / 8u) * 8u, passh[i]);
      |                           ^~~~~~~~~~~~~~~~~~~~~~~~~~~~~~~~~
      |                           (size_t)(                        )
/home/matt/quakespasm/Quake/lodepng.c:4375:27: note: perform multiplication in a wider type
 4375 |                           ((passw[i] * bpp + 7u) / 8u) * 8u, passh[i]);
      |                           ^~~~~~~~~~~~~~~~~~~~~~~~~~~
      |                            (size_t)
/home/matt/quakespasm/Quake/lodepng.c:5851:64: warning: performing an implicit widening conversion to type 'size_t' (aka 'unsigned long') of a multiplication performed in type 'unsigned int' [bugprone-implicit-widening-of-multiplication-result]
 5851 |         unsigned char* padded = (unsigned char*)lodepng_malloc(h * ((w * bpp + 7u) / 8u));
      |                                                                ^
/home/matt/quakespasm/Quake/lodepng.c:5851:64: note: make conversion explicit to silence this warning
 5851 |         unsigned char* padded = (unsigned char*)lodepng_malloc(h * ((w * bpp + 7u) / 8u));
      |                                                                ^~~~~~~~~~~~~~~~~~~~~~~~~
      |                                                                (size_t)(                )
/home/matt/quakespasm/Quake/lodepng.c:5851:64: note: perform multiplication in a wider type
 5851 |         unsigned char* padded = (unsigned char*)lodepng_malloc(h * ((w * bpp + 7u) / 8u));
      |                                                                ^
      |                                                                (size_t)
/home/matt/quakespasm/Quake/lodepng.c:5854:38: warning: performing an implicit widening conversion to type 'size_t' (aka 'unsigned long') of a multiplication performed in type 'unsigned int' [bugprone-implicit-widening-of-multiplication-result]
 5854 |           addPaddingBits(padded, in, ((w * bpp + 7u) / 8u) * 8u, w * bpp, h);
      |                                      ^
/home/matt/quakespasm/Quake/lodepng.c:5854:38: note: make conversion explicit to silence this warning
 5854 |           addPaddingBits(padded, in, ((w * bpp + 7u) / 8u) * 8u, w * bpp, h);
      |                                      ^~~~~~~~~~~~~~~~~~~~~~~~~~
      |                                      (size_t)(                 )
/home/matt/quakespasm/Quake/lodepng.c:5854:38: note: perform multiplication in a wider type
 5854 |           addPaddingBits(padded, in, ((w * bpp + 7u) / 8u) * 8u, w * bpp, h);
      |                                      ^~~~~~~~~~~~~~~~~~~~
      |                                       (size_t)
/home/matt/quakespasm/Quake/lodepng.c:5854:66: warning: performing an implicit widening conversion to type 'size_t' (aka 'unsigned long') of a multiplication performed in type 'unsigned int' [bugprone-implicit-widening-of-multiplication-result]
 5854 |           addPaddingBits(padded, in, ((w * bpp + 7u) / 8u) * 8u, w * bpp, h);
      |                                                                  ^
/home/matt/quakespasm/Quake/lodepng.c:5854:66: note: make conversion explicit to silence this warning
 5854 |           addPaddingBits(padded, in, ((w * bpp + 7u) / 8u) * 8u, w * bpp, h);
      |                                                                  ^~~~~~~
      |                                                                  (size_t)( )
/home/matt/quakespasm/Quake/lodepng.c:5854:66: note: perform multiplication in a wider type
 5854 |           addPaddingBits(padded, in, ((w * bpp + 7u) / 8u) * 8u, w * bpp, h);
      |                                                                  ^
      |                                                                  (size_t)
/home/matt/quakespasm/Quake/lodepng.c:5886:26: warning: performing an implicit widening conversion to type 'size_t' (aka 'unsigned long') of a multiplication performed in type 'unsigned int' [bugprone-implicit-widening-of-multiplication-result]
 5886 |                          ((passw[i] * bpp + 7u) / 8u) * 8u, passw[i] * bpp, passh[i]);
      |                          ^
/home/matt/quakespasm/Quake/lodepng.c:5886:26: note: make conversion explicit to silence this warning
 5886 |                          ((passw[i] * bpp + 7u) / 8u) * 8u, passw[i] * bpp, passh[i]);
      |                          ^~~~~~~~~~~~~~~~~~~~~~~~~~~~~~~~~
      |                          (size_t)(                        )
/home/matt/quakespasm/Quake/lodepng.c:5886:26: note: perform multiplication in a wider type
 5886 |                          ((passw[i] * bpp + 7u) / 8u) * 8u, passw[i] * bpp, passh[i]);
      |                          ^~~~~~~~~~~~~~~~~~~~~~~~~~~
      |                           (size_t)
/home/matt/quakespasm/Quake/lodepng.c:5886:61: warning: performing an implicit widening conversion to type 'size_t' (aka 'unsigned long') of a multiplication performed in type 'unsigned int' [bugprone-implicit-widening-of-multiplication-result]
 5886 |                          ((passw[i] * bpp + 7u) / 8u) * 8u, passw[i] * bpp, passh[i]);
      |                                                             ^
/home/matt/quakespasm/Quake/lodepng.c:5886:61: note: make conversion explicit to silence this warning
 5886 |                          ((passw[i] * bpp + 7u) / 8u) * 8u, passw[i] * bpp, passh[i]);
      |                                                             ^~~~~~~~~~~~~~
      |                                                             (size_t)(     )
/home/matt/quakespasm/Quake/lodepng.c:5886:61: note: perform multiplication in a wider type
 5886 |                          ((passw[i] * bpp + 7u) / 8u) * 8u, passw[i] * bpp, passh[i]);
      |                                                             ^~~~~~~~
      |                                                             (size_t)
/home/matt/quakespasm/Quake/lodepng.c:6337:3: warning: switching on non-enum value without default case may not cover all cases [bugprone-switch-missing-default-case]
 6337 |   switch(code) {
      |   ^
/home/matt/quakespasm/Quake/lodepng.c:6342:5: warning: switch has 3 consecutive identical branches [bugprone-branch-clone]
 6342 |     case 13: return "problem while processing dynamic deflate block";
      |     ^
/home/matt/quakespasm/Quake/lodepng.c:6344:69: note: last of these clones ends here
 6344 |     case 15: return "problem while processing dynamic deflate block";
      |                                                                     ^
/home/matt/quakespasm/Quake/lodepng.c:6383:5: warning: switch has 2 consecutive identical branches [bugprone-branch-clone]
 6383 |     case 49: return "jumped past memory while generating dynamic huffman tree";
      |     ^
/home/matt/quakespasm/Quake/lodepng.c:6384:79: note: last of these clones ends here
 6384 |     case 50: return "jumped past memory while generating dynamic huffman tree";
      |                                                                               ^
/home/matt/quakespasm/Quake/lodepng.h:764:9: warning: initial values in enum 'LodePNGFilterStrategy' are not consistent, consider explicit initialization of all, none or only the first enumerator [cert-int09-c,readability-enum-initial-value]
  764 | typedef enum LodePNGFilterStrategy {
      |         ^
  765 |   /*every filter at zero*/
  766 |   LFS_ZERO = 0,
  767 |   /*every filter at 1, 2, 3 or 4 (paeth), unlike LFS_ZERO not a good choice, but for testing*/
  768 |   LFS_ONE = 1,
  769 |   LFS_TWO = 2,
  770 |   LFS_THREE = 3,
  771 |   LFS_FOUR = 4,
  772 |   /*Use filter that gives minimum sum, as described in the official PNG filter heuristic.*/
  773 |   LFS_MINSUM,
      |             
      |              = 5
  774 |   /*Use the filter type that gives smallest Shannon entropy for this scanline. Depending
  775 |   on the image, this is better or worse than minsum.*/
  776 |   LFS_ENTROPY,
      |              
      |               = 6
/home/matt/quakespasm/Quake/main_sdl.c:59:2: warning: the value returned by this function should not be disregarded; neglecting it may lead to errors [cert-err33-c]
   59 |         atexit(Sys_AtExit);
      |         ^~~~~~~~~~~~~~~~~~
/home/matt/quakespasm/Quake/main_sdl.c:59:2: note: cast the expression to void to silence this warning
/home/matt/quakespasm/Quake/main_sdl.c:162:2: warning: misleading indentation: statement is indented too deeply [readability-misleading-indentation]
  162 |         return 0;
      |         ^
/home/matt/quakespasm/Quake/main_sdl.c:115:2: note: did you mean this line to be inside this 'if'
  115 |         if (isDedicated)
      |         ^
/home/matt/quakespasm/Quake/mathlib.h:25:9: warning: declaration uses identifier '__MATHLIB_H', which is a reserved identifier [bugprone-reserved-identifier,cert-dcl37-c,cert-dcl51-cpp]
   25 | #define __MATHLIB_H
      |         ^~~~~~~~~~~
      |         MATHLIB_H
/home/matt/quakespasm/Quake/mathlib.h:80:7: warning: declaration uses identifier '_DotProduct', which is a reserved identifier; cannot be fixed because 'DotProduct' would conflict with a macro definition [bugprone-reserved-identifier,cert-dcl37-c,cert-dcl51-cpp]
   80 | vec_t _DotProduct (vec3_t v1, vec3_t v2);
      |       ^
/home/matt/quakespasm/Quake/mathlib.h:81:6: warning: declaration uses identifier '_VectorSubtract', which is a reserved identifier; cannot be fixed because 'VectorSubtract' would conflict with a macro definition [bugprone-reserved-identifier,cert-dcl37-c,cert-dcl51-cpp]
   81 | void _VectorSubtract (vec3_t veca, vec3_t vecb, vec3_t out);
      |      ^
/home/matt/quakespasm/Quake/mathlib.h:82:6: warning: declaration uses identifier '_VectorAdd', which is a reserved identifier; cannot be fixed because 'VectorAdd' would conflict with a macro definition [bugprone-reserved-identifier,cert-dcl37-c,cert-dcl51-cpp]
   82 | void _VectorAdd (vec3_t veca, vec3_t vecb, vec3_t out);
      |      ^
/home/matt/quakespasm/Quake/mathlib.h:83:6: warning: declaration uses identifier '_VectorCopy', which is a reserved identifier; cannot be fixed because 'VectorCopy' would conflict with a macro definition [bugprone-reserved-identifier,cert-dcl37-c,cert-dcl51-cpp]
   83 | void _VectorCopy (vec3_t in, vec3_t out);
      |      ^
/home/matt/quakespasm/Quake/menu.c:276:2: warning: switching on non-enum value without default case may not cover all cases [bugprone-switch-missing-default-case]
  276 |         switch (key)
      |         ^
/home/matt/quakespasm/Quake/menu.c:307:3: warning: switching on non-enum value without default case may not cover all cases [bugprone-switch-missing-default-case]
  307 |                 switch (m_main_cursor)
      |                 ^
/home/matt/quakespasm/Quake/menu.c:366:2: warning: switching on non-enum value without default case may not cover all cases [bugprone-switch-missing-default-case]
  366 |         switch (key)
      |         ^
/home/matt/quakespasm/Quake/menu.c:390:3: warning: switching on non-enum value without default case may not cover all cases [bugprone-switch-missing-default-case]
  390 |                 switch (m_singleplayer_cursor)
      |                 ^
/home/matt/quakespasm/Quake/menu.c:442:7: warning: 'fscanf' used to convert a string to an integer value, but function will not report conversion errors; consider using 'strtol' instead [cert-err34-c]
  442 |                 if (fscanf(f, "%i\n", &version) != 1 ||
      |                     ^
/home/matt/quakespasm/Quake/menu.c:444:4: warning: the value returned by this function should not be disregarded; neglecting it may lead to errors [cert-err33-c]
  444 |                         fclose(f);
      |                         ^~~~~~~~~
/home/matt/quakespasm/Quake/menu.c:444:4: note: cast the expression to void to silence this warning
/home/matt/quakespasm/Quake/menu.c:456:3: warning: the value returned by this function should not be disregarded; neglecting it may lead to errors [cert-err33-c]
  456 |                 fclose (f);
      |                 ^~~~~~~~~~
/home/matt/quakespasm/Quake/menu.c:456:3: note: cast the expression to void to silence this warning
/home/matt/quakespasm/Quake/menu.c:522:2: warning: switching on non-enum value without default case may not cover all cases [bugprone-switch-missing-default-case]
  522 |         switch (k)
      |         ^
/home/matt/quakespasm/Quake/menu.c:567:2: warning: switching on non-enum value without default case may not cover all cases [bugprone-switch-missing-default-case]
  567 |         switch (k)
      |         ^
/home/matt/quakespasm/Quake/menu.c:639:2: warning: switching on non-enum value without default case may not cover all cases [bugprone-switch-missing-default-case]
  639 |         switch (key)
      |         ^
/home/matt/quakespasm/Quake/menu.c:662:3: warning: switching on non-enum value without default case may not cover all cases [bugprone-switch-missing-default-case]
  662 |                 switch (m_multiplayer_cursor)
      |                 ^
/home/matt/quakespasm/Quake/menu.c:664:3: warning: switch has 2 consecutive identical branches [bugprone-branch-clone]
  664 |                 case 0:
      |                 ^
/home/matt/quakespasm/Quake/menu.c:672:9: note: last of these clones ends here
  672 |                         break;
      |                              ^
/home/matt/quakespasm/Quake/menu.c:748:2: warning: switching on non-enum value without default case may not cover all cases [bugprone-switch-missing-default-case]
  748 |         switch (k)
      |         ^
/home/matt/quakespasm/Quake/menu.c:839:2: warning: switching on non-enum value without default case may not cover all cases [bugprone-switch-missing-default-case]
  839 |         switch (setup_cursor)
      |         ^
/home/matt/quakespasm/Quake/menu.c:941:2: warning: switching on non-enum value without default case may not cover all cases [bugprone-switch-missing-default-case]
  941 |         switch (k)
      |         ^
/home/matt/quakespasm/Quake/menu.c:1031:2: warning: switching on non-enum value without default case may not cover all cases [bugprone-switch-missing-default-case]
 1031 |         switch (options_cursor)
      |         ^
/home/matt/quakespasm/Quake/menu.c:1034:8: warning: result of integer division used in a floating point context; possible loss of precision [bugprone-integer-division]
 1034 |                 l = ((vid.width + 31) / 32) / 10.0;
      |                      ^
/home/matt/quakespasm/Quake/menu.c:1264:2: warning: switching on non-enum value without default case may not cover all cases [bugprone-switch-missing-default-case]
 1264 |         switch (k)
      |         ^
/home/matt/quakespasm/Quake/menu.c:1484:4: warning: the value returned by this function should not be disregarded; neglecting it may lead to errors [cert-err33-c]
 1484 |                         sprintf (cmd, "bind \"%s\" \"%s\"\n", Key_KeynumToString (k), bindnames[keys_cursor][0]);
      |                         ^~~~~~~~~~~~~~~~~~~~~~~~~~~~~~~~~~~~~~~~~~~~~~~~~~~~~~~~~~~~~~~~~~~~~~~~~~~~~~~~~~~~~~~~
/home/matt/quakespasm/Quake/menu.c:1484:4: note: cast the expression to void to silence this warning
/home/matt/quakespasm/Quake/menu.c:1493:2: warning: switching on non-enum value without default case may not cover all cases [bugprone-switch-missing-default-case]
 1493 |         switch (k)
      |         ^
/home/matt/quakespasm/Quake/menu.c:1581:2: warning: switching on non-enum value without default case may not cover all cases [bugprone-switch-missing-default-case]
 1581 |         switch (key)
      |         ^
/home/matt/quakespasm/Quake/menu.c:1622:14: warning: rand() has limited randomness [cert-msc30-c,cert-msc50-cpp]
 1622 |         msgNumber = rand()&7;
      |                     ^
/home/matt/quakespasm/Quake/menu.c:1684:6: warning: function 'M_Quit_Draw' is within a recursive call chain [misc-no-recursion]
 1684 | void M_Quit_Draw (void) //johnfitz -- modified for new quit message
      |      ^
/home/matt/quakespasm/Quake/menu.c:2563:6: note: example recursive call chain, starting from function 'M_Draw'
 2563 | void M_Draw (void)
      |      ^
/home/matt/quakespasm/Quake/menu.c:2641:3: note: Frame #1: function 'M_Draw' calls function 'M_Quit_Draw' here:
 2641 |                 M_Quit_Draw ();
      |                 ^
/home/matt/quakespasm/Quake/menu.c:1695:3: note: Frame #2: function 'M_Quit_Draw' calls function 'M_Draw' here:
 1695 |                 M_Draw ();
      |                 ^
/home/matt/quakespasm/Quake/menu.c:1695:3: note: ... which was the starting point of the recursive call chain; there may be other cycles
/home/matt/quakespasm/Quake/menu.c:1738:2: warning: the value returned by this function should not be disregarded; neglecting it may lead to errors [cert-err33-c]
 1738 |         sprintf(lanConfig_portname, "%u", lanConfig_port);
      |         ^~~~~~~~~~~~~~~~~~~~~~~~~~~~~~~~~~~~~~~~~~~~~~~~~
/home/matt/quakespasm/Quake/menu.c:1738:2: note: cast the expression to void to silence this warning
/home/matt/quakespasm/Quake/menu.c:1810:2: warning: switching on non-enum value without default case may not cover all cases [bugprone-switch-missing-default-case]
 1810 |         switch (key)
      |         ^
/home/matt/quakespasm/Quake/menu.c:1890:3: warning: Value stored to 'l' is never read [clang-analyzer-deadcode.DeadStores]
 1890 |                 l = lanConfig_port;
      |                 ^   ~~~~~~~~~~~~~~
/home/matt/quakespasm/Quake/menu.c:1890:3: note: Value stored to 'l' is never read
 1890 |                 l = lanConfig_port;
      |                 ^   ~~~~~~~~~~~~~~
/home/matt/quakespasm/Quake/menu.c:1893:2: warning: the value returned by this function should not be disregarded; neglecting it may lead to errors [cert-err33-c]
 1893 |         sprintf(lanConfig_portname, "%u", lanConfig_port);
      |         ^~~~~~~~~~~~~~~~~~~~~~~~~~~~~~~~~~~~~~~~~~~~~~~~~
/home/matt/quakespasm/Quake/menu.c:1893:2: note: cast the expression to void to silence this warning
/home/matt/quakespasm/Quake/menu.c:1901:2: warning: switching on non-enum value without default case may not cover all cases [bugprone-switch-missing-default-case]
 1901 |         switch (lanConfig_cursor)
      |         ^
/home/matt/quakespasm/Quake/menu.c:2230:2: warning: switching on non-enum value without default case may not cover all cases [bugprone-switch-missing-default-case]
 2230 |         switch (gameoptions_cursor)
      |         ^
/home/matt/quakespasm/Quake/menu.c:2322:2: warning: switching on non-enum value without default case may not cover all cases [bugprone-switch-missing-default-case]
 2322 |         switch (key)
      |         ^
/home/matt/quakespasm/Quake/menu.c:2563:6: warning: function 'M_Draw' is within a recursive call chain [misc-no-recursion]
 2563 | void M_Draw (void)
      |      ^
/home/matt/quakespasm/Quake/menu.h:24:9: warning: declaration uses identifier '_QUAKE_MENU_H', which is a reserved identifier [bugprone-reserved-identifier,cert-dcl37-c,cert-dcl51-cpp]
   24 | #define _QUAKE_MENU_H
      |         ^~~~~~~~~~~~~
      |         QUAKE_MENU_H
/home/matt/quakespasm/Quake/miniz.c:222:9: warning: macro argument should be enclosed in parentheses [bugprone-macro-parentheses]
  222 |         c = *pIn_buf_cur++;                                                                                                                                      \
      |         ^
      |         ()
/home/matt/quakespasm/Quake/miniz.c:252:9: warning: macro argument should be enclosed in parentheses [bugprone-macro-parentheses]
  252 |         b = bit_buf & ((1 << (n)) - 1);      \
      |         ^
      |         ()
/home/matt/quakespasm/Quake/miniz.c:265:16: warning: macro argument should be enclosed in parentheses [bugprone-macro-parentheses]
  265 |         temp = pLookUp[bit_buf & (TINFL_FAST_LOOKUP_SIZE - 1)];                \
      |                ^      
      |                (      )
/home/matt/quakespasm/Quake/miniz.c:277:24: warning: macro argument should be enclosed in parentheses [bugprone-macro-parentheses]
  277 |                 temp = pTree[~temp + ((bit_buf >> code_len++) & 1)];           \
      |                        ^    
      |                        (    )
/home/matt/quakespasm/Quake/miniz.c:311:21: warning: macro argument should be enclosed in parentheses [bugprone-macro-parentheses]
  311 |         if ((temp = pLookUp[bit_buf & (TINFL_FAST_LOOKUP_SIZE - 1)]) >= 0)                                                          \
      |                     ^      
      |                     (      )
/home/matt/quakespasm/Quake/miniz.c:318:24: warning: macro argument should be enclosed in parentheses [bugprone-macro-parentheses]
  318 |                 temp = pTree[~temp + ((bit_buf >> code_len++) & 1)];                                                                \
      |                        ^    
      |                        (    )
/home/matt/quakespasm/Quake/miniz.c:321:9: warning: macro argument should be enclosed in parentheses [bugprone-macro-parentheses]
  321 |         sym = temp;                                                                                                                 \
      |         ^
      |         (  )
/home/matt/quakespasm/Quake/miniz.c:338:14: warning: function 'tinfl_decompress' exceeds recommended size/complexity thresholds [readability-function-size]
  338 | tinfl_status tinfl_decompress(tinfl_decompressor *r, const mz_uint8 *pIn_buf_next, size_t *pIn_buf_size, mz_uint8 *pOut_buf_start, mz_uint8 *pOut_buf_next, size_t *pOut_buf_size, const mz_uint32 decomp_flags)
      |              ^
/home/matt/quakespasm/Quake/miniz.c:338:14: note: 953 statements (threshold 800)
/home/matt/quakespasm/Quake/miniz.c:377:5: warning: switching on non-enum value without default case may not cover all cases [bugprone-switch-missing-default-case]
  377 |     TINFL_CR_BEGIN
      |     ^
/home/matt/quakespasm/Quake/miniz.c:192:5: note: expanded from macro 'TINFL_CR_BEGIN'
  192 |     switch (r->m_state) \
      |     ^
/home/matt/quakespasm/Quake/miniz.c:387:99: warning: either cast from 'unsigned int' to 'size_t' (aka 'unsigned long') is ineffective, or there is loss of precision before the conversion [bugprone-misplaced-widening-cast]
  387 |             counter |= (((1U << (8U + (r->m_zhdr0 >> 4))) > 32768U) || ((out_buf_size_mask + 1) < (size_t)(1U << (8U + (r->m_zhdr0 >> 4)))));
      |                                                                                                   ^
/home/matt/quakespasm/Quake/miniz.c:408:26: warning: an assignment within an 'if' condition is bug-prone [bugprone-assignment-in-if-condition]
  408 |             if ((counter = (r->m_raw_header[0] | (r->m_raw_header[1] << 8))) != (mz_uint)(0xFFFF ^ (r->m_raw_header[2] | (r->m_raw_header[3] << 8))))
      |                  ~~~~~~~~^~~~~~~~~~~~~~~~~~~~~~~~~~~~~~~~~~~~~~~~~~~~~~~~~~
/home/matt/quakespasm/Quake/miniz.c:408:26: note: if it should be an assignment, move it out of the 'if' condition
/home/matt/quakespasm/Quake/miniz.c:408:26: note: if it is meant to be an equality check, change '=' to '=='
/home/matt/quakespasm/Quake/miniz.c:434:17: warning: Null pointer passed to 1st parameter expecting 'nonnull' [clang-analyzer-core.NonNullParamChecker]
  434 |                 TINFL_MEMCPY(pOut_buf_cur, pIn_buf_cur, n);
      |                 ^
/home/matt/quakespasm/Quake/miniz.c:188:31: note: expanded from macro 'TINFL_MEMCPY'
  188 | #define TINFL_MEMCPY(d, s, l) memcpy(d, s, l)
      |                               ^      ~
/home/matt/quakespasm/Quake/miniz.c:354:15: note: 'pOut_buf_cur' initialized here
  354 |     mz_uint8 *pOut_buf_cur = pOut_buf_next, *const pOut_buf_end = pOut_buf_next ? pOut_buf_next + *pOut_buf_size : NULL;
      |               ^~~~~~~~~~~~
/home/matt/quakespasm/Quake/miniz.c:354:67: note: Assuming 'pOut_buf_next' is null
  354 |     mz_uint8 *pOut_buf_cur = pOut_buf_next, *const pOut_buf_end = pOut_buf_next ? pOut_buf_next + *pOut_buf_size : NULL;
      |                                                                   ^~~~~~~~~~~~~
/home/matt/quakespasm/Quake/miniz.c:354:67: note: '?' condition is false
/home/matt/quakespasm/Quake/miniz.c:355:33: note: Assuming the condition is true
  355 |     size_t out_buf_size_mask = (decomp_flags & TINFL_FLAG_USING_NON_WRAPPING_OUTPUT_BUF) ? (size_t)-1 : ((pOut_buf_next - pOut_buf_start) + *pOut_buf_size) - 1, dist_from_out_buf_start;
      |                                 ^~~~~~~~~~~~~~~~~~~~~~~~~~~~~~~~~~~~~~~~~~~~~~~~~~~~~~~
/home/matt/quakespasm/Quake/miniz.c:355:32: note: '?' condition is true
  355 |     size_t out_buf_size_mask = (decomp_flags & TINFL_FLAG_USING_NON_WRAPPING_OUTPUT_BUF) ? (size_t)-1 : ((pOut_buf_next - pOut_buf_start) + *pOut_buf_size) - 1, dist_from_out_buf_start;
      |                                ^
/home/matt/quakespasm/Quake/miniz.c:358:9: note: Left side of '||' is false
  358 |     if (((out_buf_size_mask + 1) & out_buf_size_mask) || (pOut_buf_next < pOut_buf_start))
      |         ^
/home/matt/quakespasm/Quake/miniz.c:358:59: note: Assuming 'pOut_buf_next' is >= 'pOut_buf_start'
  358 |     if (((out_buf_size_mask + 1) & out_buf_size_mask) || (pOut_buf_next < pOut_buf_start))
      |                                                           ^~~~~~~~~~~~~~~~~~~~~~~~~~~~~~
/home/matt/quakespasm/Quake/miniz.c:358:5: note: Taking false branch
  358 |     if (((out_buf_size_mask + 1) & out_buf_size_mask) || (pOut_buf_next < pOut_buf_start))
      |     ^
/home/matt/quakespasm/Quake/miniz.c:377:5: note: Control jumps to 'case 38:'  at line 431
  377 |     TINFL_CR_BEGIN
      |     ^
/home/matt/quakespasm/Quake/miniz.c:192:5: note: expanded from macro 'TINFL_CR_BEGIN'
  192 |     switch (r->m_state) \
      |     ^
/home/matt/quakespasm/Quake/miniz.c:431:21: note: Loop condition is false.  Exiting loop
  431 |                     TINFL_CR_RETURN(38, (decomp_flags & TINFL_FLAG_HAS_MORE_INPUT) ? TINFL_STATUS_NEEDS_MORE_INPUT : TINFL_STATUS_FAILED_CANNOT_MAKE_PROGRESS);
      |                     ^
/home/matt/quakespasm/Quake/miniz.c:196:5: note: expanded from macro 'TINFL_CR_RETURN'
  196 |     do                                       \
      |     ^
/home/matt/quakespasm/Quake/miniz.c:429:17: note: Loop condition is false. Execution continues on line 433
  429 |                 while (pIn_buf_cur >= pIn_buf_end)
      |                 ^
/home/matt/quakespasm/Quake/miniz.c:433:28: note: Assuming the condition is false
  433 |                 n = MZ_MIN(MZ_MIN((size_t)(pOut_buf_end - pOut_buf_cur), (size_t)(pIn_buf_end - pIn_buf_cur)), counter);
      |                            ^
/home/matt/quakespasm/Quake/miniz.h:318:24: note: expanded from macro 'MZ_MIN'
  318 | #define MZ_MIN(a, b) (((a) < (b)) ? (a) : (b))
      |                        ^
/home/matt/quakespasm/Quake/miniz.h:318:25: note: expanded from macro 'MZ_MIN'
  318 | #define MZ_MIN(a, b) (((a) < (b)) ? (a) : (b))
      |                         ^
/home/matt/quakespasm/Quake/miniz.c:433:28: note: '?' condition is false
  433 |                 n = MZ_MIN(MZ_MIN((size_t)(pOut_buf_end - pOut_buf_cur), (size_t)(pIn_buf_end - pIn_buf_cur)), counter);
      |                            ^
/home/matt/quakespasm/Quake/miniz.h:318:23: note: expanded from macro 'MZ_MIN'
  318 | #define MZ_MIN(a, b) (((a) < (b)) ? (a) : (b))
      |                       ^
/home/matt/quakespasm/Quake/miniz.c:433:21: note: Assuming the condition is false
  433 |                 n = MZ_MIN(MZ_MIN((size_t)(pOut_buf_end - pOut_buf_cur), (size_t)(pIn_buf_end - pIn_buf_cur)), counter);
      |                     ^
/home/matt/quakespasm/Quake/miniz.h:318:24: note: expanded from macro 'MZ_MIN'
  318 | #define MZ_MIN(a, b) (((a) < (b)) ? (a) : (b))
      |                        ^~~~~~~~~
/home/matt/quakespasm/Quake/miniz.c:433:21: note: '?' condition is false
  433 |                 n = MZ_MIN(MZ_MIN((size_t)(pOut_buf_end - pOut_buf_cur), (size_t)(pIn_buf_end - pIn_buf_cur)), counter);
      |                     ^
/home/matt/quakespasm/Quake/miniz.h:318:23: note: expanded from macro 'MZ_MIN'
  318 | #define MZ_MIN(a, b) (((a) < (b)) ? (a) : (b))
      |                       ^
/home/matt/quakespasm/Quake/miniz.c:434:17: note: Null pointer passed to 1st parameter expecting 'nonnull'
  434 |                 TINFL_MEMCPY(pOut_buf_cur, pIn_buf_cur, n);
      |                 ^
/home/matt/quakespasm/Quake/miniz.c:188:31: note: expanded from macro 'TINFL_MEMCPY'
  188 | #define TINFL_MEMCPY(d, s, l) memcpy(d, s, l)
      |                               ^      ~
/home/matt/quakespasm/Quake/miniz.c:523:40: warning: an assignment within an 'if' condition is bug-prone [bugprone-assignment-in-if-condition]
  523 |                     if (0 == (tree_cur = pLookUp[rev_code & (TINFL_FAST_LOOKUP_SIZE - 1)]))
      |                               ~~~~~~~~~^~~~~~~~~~~~~~~~~~~~~~~~~~~~~~~~~~~~~~~~~~~~~~~~~~
/home/matt/quakespasm/Quake/miniz.c:523:40: note: if it should be an assignment, move it out of the 'if' condition
/home/matt/quakespasm/Quake/miniz.c:523:40: note: if it is meant to be an equality check, change '=' to '=='
/home/matt/quakespasm/Quake/miniz.c:542:35: warning: Although the value stored to 'rev_code' is used in the enclosing expression, the value is never actually read from 'rev_code' [clang-analyzer-deadcode.DeadStores]
  542 |                     tree_cur -= ((rev_code >>= 1) & 1);
      |                                   ^            ~
/home/matt/quakespasm/Quake/miniz.c:542:35: note: Although the value stored to 'rev_code' is used in the enclosing expression, the value is never actually read from 'rev_code'
  542 |                     tree_cur -= ((rev_code >>= 1) & 1);
      |                                   ^            ~
/home/matt/quakespasm/Quake/miniz.c:550:25: warning: an assignment within an 'if' condition is bug-prone [bugprone-assignment-in-if-condition]
  550 |                         TINFL_HUFF_DECODE(16, dist, r->m_look_up[2], r->m_tree_2);
      |                         ^
/home/matt/quakespasm/Quake/miniz.c:311:19: note: expanded from macro 'TINFL_HUFF_DECODE'
  311 |         if ((temp = pLookUp[bit_buf & (TINFL_FAST_LOOKUP_SIZE - 1)]) >= 0)                                                          \
      |              ~~~~~^~~~~~~~~~~~~~~~~~~~~~~~~~~~~~~~~~~~~~~~~~~~~~~~~
/home/matt/quakespasm/Quake/miniz.c:550:25: note: if it should be an assignment, move it out of the 'if' condition
  550 |                         TINFL_HUFF_DECODE(16, dist, r->m_look_up[2], r->m_tree_2);
      |                         ^
/home/matt/quakespasm/Quake/miniz.c:311:19: note: expanded from macro 'TINFL_HUFF_DECODE'
  311 |         if ((temp = pLookUp[bit_buf & (TINFL_FAST_LOOKUP_SIZE - 1)]) >= 0)                                                          \
      |                   ^
/home/matt/quakespasm/Quake/miniz.c:550:25: note: if it is meant to be an equality check, change '=' to '=='
  550 |                         TINFL_HUFF_DECODE(16, dist, r->m_look_up[2], r->m_tree_2);
      |                         ^
/home/matt/quakespasm/Quake/miniz.c:311:19: note: expanded from macro 'TINFL_HUFF_DECODE'
  311 |         if ((temp = pLookUp[bit_buf & (TINFL_FAST_LOOKUP_SIZE - 1)]) >= 0)                                                          \
      |                   ^
/home/matt/quakespasm/Quake/miniz.c:560:37: warning: 'signed char' to 'mz_uint32' (aka 'unsigned int') conversion; consider casting to 'unsigned char' first. [bugprone-signed-char-misuse,cert-str34-c]
  560 |                         num_extra = "\02\03\07"[dist - 16];
      |                                     ^
/home/matt/quakespasm/Quake/miniz.c:581:25: warning: an assignment within an 'if' condition is bug-prone [bugprone-assignment-in-if-condition]
  581 |                         TINFL_HUFF_DECODE(23, counter, r->m_look_up[0], r->m_tree_0);
      |                         ^
/home/matt/quakespasm/Quake/miniz.c:311:19: note: expanded from macro 'TINFL_HUFF_DECODE'
  311 |         if ((temp = pLookUp[bit_buf & (TINFL_FAST_LOOKUP_SIZE - 1)]) >= 0)                                                          \
      |              ~~~~~^~~~~~~~~~~~~~~~~~~~~~~~~~~~~~~~~~~~~~~~~~~~~~~~~
/home/matt/quakespasm/Quake/miniz.c:581:25: note: if it should be an assignment, move it out of the 'if' condition
  581 |                         TINFL_HUFF_DECODE(23, counter, r->m_look_up[0], r->m_tree_0);
      |                         ^
/home/matt/quakespasm/Quake/miniz.c:311:19: note: expanded from macro 'TINFL_HUFF_DECODE'
  311 |         if ((temp = pLookUp[bit_buf & (TINFL_FAST_LOOKUP_SIZE - 1)]) >= 0)                                                          \
      |                   ^
/home/matt/quakespasm/Quake/miniz.c:581:25: note: if it is meant to be an equality check, change '=' to '=='
  581 |                         TINFL_HUFF_DECODE(23, counter, r->m_look_up[0], r->m_tree_0);
      |                         ^
/home/matt/quakespasm/Quake/miniz.c:311:19: note: expanded from macro 'TINFL_HUFF_DECODE'
  311 |         if ((temp = pLookUp[bit_buf & (TINFL_FAST_LOOKUP_SIZE - 1)]) >= 0)                                                          \
      |                   ^
/home/matt/quakespasm/Quake/miniz.c:612:35: warning: an assignment within an 'if' condition is bug-prone [bugprone-assignment-in-if-condition]
  612 |                         if ((sym2 = r->m_look_up[0][bit_buf & (TINFL_FAST_LOOKUP_SIZE - 1)]) >= 0)
      |                              ~~~~~^~~~~~~~~~~~~~~~~~~~~~~~~~~~~~~~~~~~~~~~~~~~~~~~~~~~~~~~~
/home/matt/quakespasm/Quake/miniz.c:612:35: note: if it should be an assignment, move it out of the 'if' condition
/home/matt/quakespasm/Quake/miniz.c:612:35: note: if it is meant to be an equality check, change '=' to '=='
/home/matt/quakespasm/Quake/miniz.c:639:35: warning: an assignment within an 'if' condition is bug-prone [bugprone-assignment-in-if-condition]
  639 |                         if ((sym2 = r->m_look_up[0][bit_buf & (TINFL_FAST_LOOKUP_SIZE - 1)]) >= 0)
      |                              ~~~~~^~~~~~~~~~~~~~~~~~~~~~~~~~~~~~~~~~~~~~~~~~~~~~~~~~~~~~~~~
/home/matt/quakespasm/Quake/miniz.c:639:35: note: if it should be an assignment, move it out of the 'if' condition
/home/matt/quakespasm/Quake/miniz.c:639:35: note: if it is meant to be an equality check, change '=' to '=='
/home/matt/quakespasm/Quake/miniz.c:663:30: warning: an assignment within an 'if' condition is bug-prone [bugprone-assignment-in-if-condition]
  663 |                 if ((counter &= 511) == 256)
      |                      ~~~~~~~~^~~~~~
/home/matt/quakespasm/Quake/miniz.c:663:30: note: if it should be an assignment, move it out of the 'if' condition
/home/matt/quakespasm/Quake/miniz.c:663:30: note: if it is meant to be an equality check, change '=' to '=='
/home/matt/quakespasm/Quake/miniz.c:675:17: warning: an assignment within an 'if' condition is bug-prone [bugprone-assignment-in-if-condition]
  675 |                 TINFL_HUFF_DECODE(26, dist, r->m_look_up[1], r->m_tree_1);
      |                 ^
/home/matt/quakespasm/Quake/miniz.c:311:19: note: expanded from macro 'TINFL_HUFF_DECODE'
  311 |         if ((temp = pLookUp[bit_buf & (TINFL_FAST_LOOKUP_SIZE - 1)]) >= 0)                                                          \
      |              ~~~~~^~~~~~~~~~~~~~~~~~~~~~~~~~~~~~~~~~~~~~~~~~~~~~~~~
/home/matt/quakespasm/Quake/miniz.c:675:17: note: if it should be an assignment, move it out of the 'if' condition
  675 |                 TINFL_HUFF_DECODE(26, dist, r->m_look_up[1], r->m_tree_1);
      |                 ^
/home/matt/quakespasm/Quake/miniz.c:311:19: note: expanded from macro 'TINFL_HUFF_DECODE'
  311 |         if ((temp = pLookUp[bit_buf & (TINFL_FAST_LOOKUP_SIZE - 1)]) >= 0)                                                          \
      |                   ^
/home/matt/quakespasm/Quake/miniz.c:675:17: note: if it is meant to be an equality check, change '=' to '=='
  675 |                 TINFL_HUFF_DECODE(26, dist, r->m_look_up[1], r->m_tree_1);
      |                 ^
/home/matt/quakespasm/Quake/miniz.c:311:19: note: expanded from macro 'TINFL_HUFF_DECODE'
  311 |         if ((temp = pLookUp[bit_buf & (TINFL_FAST_LOOKUP_SIZE - 1)]) >= 0)                                                          \
      |                   ^
/home/matt/quakespasm/Quake/miniz.c:712:7: warning: Null pointer passed to 1st parameter expecting 'nonnull' [clang-analyzer-core.NonNullParamChecker]
  712 |                                                 memcpy(pOut_buf_cur, pSrc, sizeof(mz_uint32)*2);
      |                                                 ^      ~~~~~~~~~~~~
/home/matt/quakespasm/Quake/miniz.c:354:15: note: 'pOut_buf_cur' initialized here
  354 |     mz_uint8 *pOut_buf_cur = pOut_buf_next, *const pOut_buf_end = pOut_buf_next ? pOut_buf_next + *pOut_buf_size : NULL;
      |               ^~~~~~~~~~~~
/home/matt/quakespasm/Quake/miniz.c:354:67: note: Assuming 'pOut_buf_next' is null
  354 |     mz_uint8 *pOut_buf_cur = pOut_buf_next, *const pOut_buf_end = pOut_buf_next ? pOut_buf_next + *pOut_buf_size : NULL;
      |                                                                   ^~~~~~~~~~~~~
/home/matt/quakespasm/Quake/miniz.c:354:67: note: '?' condition is false
/home/matt/quakespasm/Quake/miniz.c:355:33: note: Assuming the condition is false
  355 |     size_t out_buf_size_mask = (decomp_flags & TINFL_FLAG_USING_NON_WRAPPING_OUTPUT_BUF) ? (size_t)-1 : ((pOut_buf_next - pOut_buf_start) + *pOut_buf_size) - 1, dist_from_out_buf_start;
      |                                 ^~~~~~~~~~~~~~~~~~~~~~~~~~~~~~~~~~~~~~~~~~~~~~~~~~~~~~~
/home/matt/quakespasm/Quake/miniz.c:355:32: note: '?' condition is false
  355 |     size_t out_buf_size_mask = (decomp_flags & TINFL_FLAG_USING_NON_WRAPPING_OUTPUT_BUF) ? (size_t)-1 : ((pOut_buf_next - pOut_buf_start) + *pOut_buf_size) - 1, dist_from_out_buf_start;
      |                                ^
/home/matt/quakespasm/Quake/miniz.c:358:10: note: Assuming the condition is false
  358 |     if (((out_buf_size_mask + 1) & out_buf_size_mask) || (pOut_buf_next < pOut_buf_start))
      |          ^~~~~~~~~~~~~~~~~~~~~~~~~~~~~~~~~~~~~~~~~~~
/home/matt/quakespasm/Quake/miniz.c:358:9: note: Left side of '||' is false
  358 |     if (((out_buf_size_mask + 1) & out_buf_size_mask) || (pOut_buf_next < pOut_buf_start))
      |         ^
/home/matt/quakespasm/Quake/miniz.c:358:59: note: Assuming 'pOut_buf_next' is >= 'pOut_buf_start'
  358 |     if (((out_buf_size_mask + 1) & out_buf_size_mask) || (pOut_buf_next < pOut_buf_start))
      |                                                           ^~~~~~~~~~~~~~~~~~~~~~~~~~~~~~
/home/matt/quakespasm/Quake/miniz.c:358:5: note: Taking false branch
  358 |     if (((out_buf_size_mask + 1) & out_buf_size_mask) || (pOut_buf_next < pOut_buf_start))
      |     ^
/home/matt/quakespasm/Quake/miniz.c:377:5: note: Control jumps to 'case 27:'  at line 681
  377 |     TINFL_CR_BEGIN
      |     ^
/home/matt/quakespasm/Quake/miniz.c:192:5: note: expanded from macro 'TINFL_CR_BEGIN'
  192 |     switch (r->m_state) \
      |     ^
/home/matt/quakespasm/Quake/miniz.c:681:21: note: Loop condition is false.  Exiting loop
  681 |                     TINFL_GET_BITS(27, extra_bits, num_extra);
      |                     ^
/home/matt/quakespasm/Quake/miniz.c:250:13: note: expanded from macro 'TINFL_GET_BITS'
  250 |             TINFL_NEED_BITS(state_index, n); \
      |             ^
/home/matt/quakespasm/Quake/miniz.c:230:9: note: expanded from macro 'TINFL_NEED_BITS'
  230 |         TINFL_GET_BYTE(state_index, c);                \
      |         ^
/home/matt/quakespasm/Quake/miniz.c:220:13: note: expanded from macro 'TINFL_GET_BYTE'
  220 |             TINFL_CR_RETURN(state_index, (decomp_flags & TINFL_FLAG_HAS_MORE_INPUT) ? TINFL_STATUS_NEEDS_MORE_INPUT : TINFL_STATUS_FAILED_CANNOT_MAKE_PROGRESS); \
      |             ^
/home/matt/quakespasm/Quake/miniz.c:196:5: note: expanded from macro 'TINFL_CR_RETURN'
  196 |     do                                       \
      |     ^
/home/matt/quakespasm/Quake/miniz.c:681:21: note: Loop condition is false. Execution continues on line 681
  681 |                     TINFL_GET_BITS(27, extra_bits, num_extra);
      |                     ^
/home/matt/quakespasm/Quake/miniz.c:250:13: note: expanded from macro 'TINFL_GET_BITS'
  250 |             TINFL_NEED_BITS(state_index, n); \
      |             ^
/home/matt/quakespasm/Quake/miniz.c:230:9: note: expanded from macro 'TINFL_NEED_BITS'
  230 |         TINFL_GET_BYTE(state_index, c);                \
      |         ^
/home/matt/quakespasm/Quake/miniz.c:218:9: note: expanded from macro 'TINFL_GET_BYTE'
  218 |         while (pIn_buf_cur >= pIn_buf_end)                                                                                                                       \
      |         ^
/home/matt/quakespasm/Quake/miniz.c:681:21: note: Loop condition is false.  Exiting loop
  681 |                     TINFL_GET_BITS(27, extra_bits, num_extra);
      |                     ^
/home/matt/quakespasm/Quake/miniz.c:250:13: note: expanded from macro 'TINFL_GET_BITS'
  250 |             TINFL_NEED_BITS(state_index, n); \
      |             ^
/home/matt/quakespasm/Quake/miniz.c:230:9: note: expanded from macro 'TINFL_NEED_BITS'
  230 |         TINFL_GET_BYTE(state_index, c);                \
      |         ^
/home/matt/quakespasm/Quake/miniz.c:216:5: note: expanded from macro 'TINFL_GET_BYTE'
  216 |     do                                                                                                                                                           \
      |     ^
/home/matt/quakespasm/Quake/miniz.c:681:21: note: Assuming right operand of bit shift is less than 64
  681 |                     TINFL_GET_BITS(27, extra_bits, num_extra);
      |                     ^
/home/matt/quakespasm/Quake/miniz.c:250:13: note: expanded from macro 'TINFL_GET_BITS'
  250 |             TINFL_NEED_BITS(state_index, n); \
      |             ^~~~~~~~~~~~~~~~~~~~~~~~~~~~~~~
/home/matt/quakespasm/Quake/miniz.c:231:21: note: expanded from macro 'TINFL_NEED_BITS'
  231 |         bit_buf |= (((tinfl_bit_buf_t)c) << num_bits); \
      |                     ^~~~~~~~~~~~~~~~~~~~~~~~~~~~~~~~
/home/matt/quakespasm/Quake/miniz.c:681:21: note: Assuming 'num_bits' is >= 'num_extra'
  681 |                     TINFL_GET_BITS(27, extra_bits, num_extra);
      |                     ^
/home/matt/quakespasm/Quake/miniz.c:250:13: note: expanded from macro 'TINFL_GET_BITS'
  250 |             TINFL_NEED_BITS(state_index, n); \
      |             ^~~~~~~~~~~~~~~~~~~~~~~~~~~~~~~
/home/matt/quakespasm/Quake/miniz.c:233:14: note: expanded from macro 'TINFL_NEED_BITS'
  233 |     } while (num_bits < (mz_uint)(n))
      |              ^~~~~~~~~~~~~~~~~~~~~~~
/home/matt/quakespasm/Quake/miniz.c:681:21: note: Loop condition is false.  Exiting loop
  681 |                     TINFL_GET_BITS(27, extra_bits, num_extra);
      |                     ^
/home/matt/quakespasm/Quake/miniz.c:250:13: note: expanded from macro 'TINFL_GET_BITS'
  250 |             TINFL_NEED_BITS(state_index, n); \
      |             ^
/home/matt/quakespasm/Quake/miniz.c:227:5: note: expanded from macro 'TINFL_NEED_BITS'
  227 |     do                                                 \
      |     ^
/home/matt/quakespasm/Quake/miniz.c:681:21: note: Assuming right operand of bit shift is less than 32
  681 |                     TINFL_GET_BITS(27, extra_bits, num_extra);
      |                     ^
/home/matt/quakespasm/Quake/miniz.c:252:25: note: expanded from macro 'TINFL_GET_BITS'
  252 |         b = bit_buf & ((1 << (n)) - 1);      \
      |                         ^~~~~~~~
/home/matt/quakespasm/Quake/miniz.c:681:21: note: Loop condition is false.  Exiting loop
  681 |                     TINFL_GET_BITS(27, extra_bits, num_extra);
      |                     ^
/home/matt/quakespasm/Quake/miniz.c:246:5: note: expanded from macro 'TINFL_GET_BITS'
  246 |     do                                       \
      |     ^
/home/matt/quakespasm/Quake/miniz.c:686:22: note: Assuming 'dist' is not equal to 0
  686 |                 if ((dist == 0 || dist > dist_from_out_buf_start || dist_from_out_buf_start == 0) && (decomp_flags & TINFL_FLAG_USING_NON_WRAPPING_OUTPUT_BUF))
      |                      ^~~~~~~~~
/home/matt/quakespasm/Quake/miniz.c:686:22: note: Left side of '||' is false
/home/matt/quakespasm/Quake/miniz.c:686:35: note: 'dist' is > 'dist_from_out_buf_start'
  686 |                 if ((dist == 0 || dist > dist_from_out_buf_start || dist_from_out_buf_start == 0) && (decomp_flags & TINFL_FLAG_USING_NON_WRAPPING_OUTPUT_BUF))
      |                                   ^~~~
/home/matt/quakespasm/Quake/miniz.c:686:66: note: Left side of '||' is true
  686 |                 if ((dist == 0 || dist > dist_from_out_buf_start || dist_from_out_buf_start == 0) && (decomp_flags & TINFL_FLAG_USING_NON_WRAPPING_OUTPUT_BUF))
      |                                                                  ^
/home/matt/quakespasm/Quake/miniz.c:686:17: note: Taking false branch
  686 |                 if ((dist == 0 || dist > dist_from_out_buf_start || dist_from_out_buf_start == 0) && (decomp_flags & TINFL_FLAG_USING_NON_WRAPPING_OUTPUT_BUF))
      |                 ^
/home/matt/quakespasm/Quake/miniz.c:693:22: note: 'pOut_buf_cur' is <= 'pSrc'
  693 |                 if ((MZ_MAX(pOut_buf_cur, pSrc) + counter) > pOut_buf_end)
      |                      ^
/home/matt/quakespasm/Quake/miniz.h:317:24: note: expanded from macro 'MZ_MAX'
  317 | #define MZ_MAX(a, b) (((a) > (b)) ? (a) : (b))
      |                        ^~~
/home/matt/quakespasm/Quake/miniz.c:693:22: note: '?' condition is false
  693 |                 if ((MZ_MAX(pOut_buf_cur, pSrc) + counter) > pOut_buf_end)
      |                      ^
/home/matt/quakespasm/Quake/miniz.h:317:23: note: expanded from macro 'MZ_MAX'
  317 | #define MZ_MAX(a, b) (((a) > (b)) ? (a) : (b))
      |                       ^
/home/matt/quakespasm/Quake/miniz.c:693:17: note: Taking false branch
  693 |                 if ((MZ_MAX(pOut_buf_cur, pSrc) + counter) > pOut_buf_end)
      |                 ^
/home/matt/quakespasm/Quake/miniz.c:706:27: note: Assuming 'counter' is >= 9
  706 |                 else if ((counter >= 9) && (counter <= dist))
      |                           ^~~~~~~~~~~~
/home/matt/quakespasm/Quake/miniz.c:706:26: note: Left side of '&&' is true
  706 |                 else if ((counter >= 9) && (counter <= dist))
      |                          ^
/home/matt/quakespasm/Quake/miniz.c:706:45: note: Assuming 'counter' is <= 'dist'
  706 |                 else if ((counter >= 9) && (counter <= dist))
      |                                             ^~~~~~~~~~~~~~~
/home/matt/quakespasm/Quake/miniz.c:706:22: note: Taking true branch
  706 |                 else if ((counter >= 9) && (counter <= dist))
      |                      ^
/home/matt/quakespasm/Quake/miniz.c:712:7: note: Null pointer passed to 1st parameter expecting 'nonnull'
  712 |                                                 memcpy(pOut_buf_cur, pSrc, sizeof(mz_uint32)*2);
      |                                                 ^      ~~~~~~~~~~~~
/home/matt/quakespasm/Quake/miniz.c:719:34: warning: an assignment within an 'if' condition is bug-prone [bugprone-assignment-in-if-condition]
  719 |                     if ((counter &= 7) < 3)
      |                          ~~~~~~~~^~~~
/home/matt/quakespasm/Quake/miniz.c:719:34: note: if it should be an assignment, move it out of the 'if' condition
/home/matt/quakespasm/Quake/miniz.c:719:34: note: if it is meant to be an equality check, change '=' to '=='
/home/matt/quakespasm/Quake/miniz.c:734:39: warning: Array access (from variable 'pSrc') results in a null pointer dereference [clang-analyzer-core.NullDereference]
  734 |                     pOut_buf_cur[0] = pSrc[0];
      |                                       ^~~~
/home/matt/quakespasm/Quake/miniz.c:354:67: note: Assuming 'pOut_buf_next' is null
  354 |     mz_uint8 *pOut_buf_cur = pOut_buf_next, *const pOut_buf_end = pOut_buf_next ? pOut_buf_next + *pOut_buf_size : NULL;
      |                                                                   ^~~~~~~~~~~~~
/home/matt/quakespasm/Quake/miniz.c:354:67: note: '?' condition is false
/home/matt/quakespasm/Quake/miniz.c:355:33: note: Assuming the condition is false
  355 |     size_t out_buf_size_mask = (decomp_flags & TINFL_FLAG_USING_NON_WRAPPING_OUTPUT_BUF) ? (size_t)-1 : ((pOut_buf_next - pOut_buf_start) + *pOut_buf_size) - 1, dist_from_out_buf_start;
      |                                 ^~~~~~~~~~~~~~~~~~~~~~~~~~~~~~~~~~~~~~~~~~~~~~~~~~~~~~~
/home/matt/quakespasm/Quake/miniz.c:355:32: note: '?' condition is false
  355 |     size_t out_buf_size_mask = (decomp_flags & TINFL_FLAG_USING_NON_WRAPPING_OUTPUT_BUF) ? (size_t)-1 : ((pOut_buf_next - pOut_buf_start) + *pOut_buf_size) - 1, dist_from_out_buf_start;
      |                                ^
/home/matt/quakespasm/Quake/miniz.c:358:10: note: Assuming the condition is false
  358 |     if (((out_buf_size_mask + 1) & out_buf_size_mask) || (pOut_buf_next < pOut_buf_start))
      |          ^~~~~~~~~~~~~~~~~~~~~~~~~~~~~~~~~~~~~~~~~~~
/home/matt/quakespasm/Quake/miniz.c:358:9: note: Left side of '||' is false
  358 |     if (((out_buf_size_mask + 1) & out_buf_size_mask) || (pOut_buf_next < pOut_buf_start))
      |         ^
/home/matt/quakespasm/Quake/miniz.c:358:59: note: Assuming 'pOut_buf_next' is >= 'pOut_buf_start'
  358 |     if (((out_buf_size_mask + 1) & out_buf_size_mask) || (pOut_buf_next < pOut_buf_start))
      |                                                           ^~~~~~~~~~~~~~~~~~~~~~~~~~~~~~
/home/matt/quakespasm/Quake/miniz.c:358:5: note: Taking false branch
  358 |     if (((out_buf_size_mask + 1) & out_buf_size_mask) || (pOut_buf_next < pOut_buf_start))
      |     ^
/home/matt/quakespasm/Quake/miniz.c:377:5: note: Control jumps to 'case 27:'  at line 681
  377 |     TINFL_CR_BEGIN
      |     ^
/home/matt/quakespasm/Quake/miniz.c:192:5: note: expanded from macro 'TINFL_CR_BEGIN'
  192 |     switch (r->m_state) \
      |     ^
/home/matt/quakespasm/Quake/miniz.c:681:21: note: Loop condition is false.  Exiting loop
  681 |                     TINFL_GET_BITS(27, extra_bits, num_extra);
      |                     ^
/home/matt/quakespasm/Quake/miniz.c:250:13: note: expanded from macro 'TINFL_GET_BITS'
  250 |             TINFL_NEED_BITS(state_index, n); \
      |             ^
/home/matt/quakespasm/Quake/miniz.c:230:9: note: expanded from macro 'TINFL_NEED_BITS'
  230 |         TINFL_GET_BYTE(state_index, c);                \
      |         ^
/home/matt/quakespasm/Quake/miniz.c:220:13: note: expanded from macro 'TINFL_GET_BYTE'
  220 |             TINFL_CR_RETURN(state_index, (decomp_flags & TINFL_FLAG_HAS_MORE_INPUT) ? TINFL_STATUS_NEEDS_MORE_INPUT : TINFL_STATUS_FAILED_CANNOT_MAKE_PROGRESS); \
      |             ^
/home/matt/quakespasm/Quake/miniz.c:196:5: note: expanded from macro 'TINFL_CR_RETURN'
  196 |     do                                       \
      |     ^
/home/matt/quakespasm/Quake/miniz.c:681:21: note: Loop condition is false. Execution continues on line 681
  681 |                     TINFL_GET_BITS(27, extra_bits, num_extra);
      |                     ^
/home/matt/quakespasm/Quake/miniz.c:250:13: note: expanded from macro 'TINFL_GET_BITS'
  250 |             TINFL_NEED_BITS(state_index, n); \
      |             ^
/home/matt/quakespasm/Quake/miniz.c:230:9: note: expanded from macro 'TINFL_NEED_BITS'
  230 |         TINFL_GET_BYTE(state_index, c);                \
      |         ^
/home/matt/quakespasm/Quake/miniz.c:218:9: note: expanded from macro 'TINFL_GET_BYTE'
  218 |         while (pIn_buf_cur >= pIn_buf_end)                                                                                                                       \
      |         ^
/home/matt/quakespasm/Quake/miniz.c:681:21: note: Loop condition is false.  Exiting loop
  681 |                     TINFL_GET_BITS(27, extra_bits, num_extra);
      |                     ^
/home/matt/quakespasm/Quake/miniz.c:250:13: note: expanded from macro 'TINFL_GET_BITS'
  250 |             TINFL_NEED_BITS(state_index, n); \
      |             ^
/home/matt/quakespasm/Quake/miniz.c:230:9: note: expanded from macro 'TINFL_NEED_BITS'
  230 |         TINFL_GET_BYTE(state_index, c);                \
      |         ^
/home/matt/quakespasm/Quake/miniz.c:216:5: note: expanded from macro 'TINFL_GET_BYTE'
  216 |     do                                                                                                                                                           \
      |     ^
/home/matt/quakespasm/Quake/miniz.c:681:21: note: Assuming right operand of bit shift is less than 64
  681 |                     TINFL_GET_BITS(27, extra_bits, num_extra);
      |                     ^
/home/matt/quakespasm/Quake/miniz.c:250:13: note: expanded from macro 'TINFL_GET_BITS'
  250 |             TINFL_NEED_BITS(state_index, n); \
      |             ^~~~~~~~~~~~~~~~~~~~~~~~~~~~~~~
/home/matt/quakespasm/Quake/miniz.c:231:21: note: expanded from macro 'TINFL_NEED_BITS'
  231 |         bit_buf |= (((tinfl_bit_buf_t)c) << num_bits); \
      |                     ^~~~~~~~~~~~~~~~~~~~~~~~~~~~~~~~
/home/matt/quakespasm/Quake/miniz.c:681:21: note: Assuming 'num_bits' is >= 'num_extra'
  681 |                     TINFL_GET_BITS(27, extra_bits, num_extra);
      |                     ^
/home/matt/quakespasm/Quake/miniz.c:250:13: note: expanded from macro 'TINFL_GET_BITS'
  250 |             TINFL_NEED_BITS(state_index, n); \
      |             ^~~~~~~~~~~~~~~~~~~~~~~~~~~~~~~
/home/matt/quakespasm/Quake/miniz.c:233:14: note: expanded from macro 'TINFL_NEED_BITS'
  233 |     } while (num_bits < (mz_uint)(n))
      |              ^~~~~~~~~~~~~~~~~~~~~~~
/home/matt/quakespasm/Quake/miniz.c:681:21: note: Loop condition is false.  Exiting loop
  681 |                     TINFL_GET_BITS(27, extra_bits, num_extra);
      |                     ^
/home/matt/quakespasm/Quake/miniz.c:250:13: note: expanded from macro 'TINFL_GET_BITS'
  250 |             TINFL_NEED_BITS(state_index, n); \
      |             ^
/home/matt/quakespasm/Quake/miniz.c:227:5: note: expanded from macro 'TINFL_NEED_BITS'
  227 |     do                                                 \
      |     ^
/home/matt/quakespasm/Quake/miniz.c:681:21: note: Assuming right operand of bit shift is less than 32
  681 |                     TINFL_GET_BITS(27, extra_bits, num_extra);
      |                     ^
/home/matt/quakespasm/Quake/miniz.c:252:25: note: expanded from macro 'TINFL_GET_BITS'
  252 |         b = bit_buf & ((1 << (n)) - 1);      \
      |                         ^~~~~~~~
/home/matt/quakespasm/Quake/miniz.c:681:21: note: Loop condition is false.  Exiting loop
  681 |                     TINFL_GET_BITS(27, extra_bits, num_extra);
      |                     ^
/home/matt/quakespasm/Quake/miniz.c:246:5: note: expanded from macro 'TINFL_GET_BITS'
  246 |     do                                       \
      |     ^
/home/matt/quakespasm/Quake/miniz.c:686:22: note: Assuming 'dist' is equal to 0
  686 |                 if ((dist == 0 || dist > dist_from_out_buf_start || dist_from_out_buf_start == 0) && (decomp_flags & TINFL_FLAG_USING_NON_WRAPPING_OUTPUT_BUF))
      |                      ^~~~~~~~~
/home/matt/quakespasm/Quake/miniz.c:686:32: note: Left side of '||' is true
  686 |                 if ((dist == 0 || dist > dist_from_out_buf_start || dist_from_out_buf_start == 0) && (decomp_flags & TINFL_FLAG_USING_NON_WRAPPING_OUTPUT_BUF))
      |                                ^
/home/matt/quakespasm/Quake/miniz.c:686:17: note: Taking false branch
  686 |                 if ((dist == 0 || dist > dist_from_out_buf_start || dist_from_out_buf_start == 0) && (decomp_flags & TINFL_FLAG_USING_NON_WRAPPING_OUTPUT_BUF))
      |                 ^
/home/matt/quakespasm/Quake/miniz.c:691:17: note: Null pointer value stored to 'pSrc'
  691 |                 pSrc = pOut_buf_start + ((dist_from_out_buf_start - dist) & out_buf_size_mask);
      |                 ^~~~~~~~~~~~~~~~~~~~~~~~~~~~~~~~~~~~~~~~~~~~~~~~~~~~~~~~~~~~~~~~~~~~~~~~~~~~~~
/home/matt/quakespasm/Quake/miniz.c:693:22: note: 'pOut_buf_cur' is <= 'pSrc'
  693 |                 if ((MZ_MAX(pOut_buf_cur, pSrc) + counter) > pOut_buf_end)
      |                      ^
/home/matt/quakespasm/Quake/miniz.h:317:24: note: expanded from macro 'MZ_MAX'
  317 | #define MZ_MAX(a, b) (((a) > (b)) ? (a) : (b))
      |                        ^~~
/home/matt/quakespasm/Quake/miniz.c:693:22: note: '?' condition is false
  693 |                 if ((MZ_MAX(pOut_buf_cur, pSrc) + counter) > pOut_buf_end)
      |                      ^
/home/matt/quakespasm/Quake/miniz.h:317:23: note: expanded from macro 'MZ_MAX'
  317 | #define MZ_MAX(a, b) (((a) > (b)) ? (a) : (b))
      |                       ^
/home/matt/quakespasm/Quake/miniz.c:693:17: note: Taking false branch
  693 |                 if ((MZ_MAX(pOut_buf_cur, pSrc) + counter) > pOut_buf_end)
      |                 ^
/home/matt/quakespasm/Quake/miniz.c:706:27: note: Assuming 'counter' is < 9
  706 |                 else if ((counter >= 9) && (counter <= dist))
      |                           ^~~~~~~~~~~~
/home/matt/quakespasm/Quake/miniz.c:706:41: note: Left side of '&&' is false
  706 |                 else if ((counter >= 9) && (counter <= dist))
      |                                         ^
/home/matt/quakespasm/Quake/miniz.c:732:23: note: Assuming 'counter' is > 2
  732 |                 while(counter>2)
      |                       ^~~~~~~~~
/home/matt/quakespasm/Quake/miniz.c:732:17: note: Loop condition is true.  Entering loop body
  732 |                 while(counter>2)
      |                 ^
/home/matt/quakespasm/Quake/miniz.c:734:39: note: Array access (from variable 'pSrc') results in a null pointer dereference
  734 |                     pOut_buf_cur[0] = pSrc[0];
      |                                       ^~~~
/home/matt/quakespasm/Quake/miniz.c:743:39: warning: Array access (from variable 'pSrc') results in a null pointer dereference [clang-analyzer-core.NullDereference]
  743 |                     pOut_buf_cur[0] = pSrc[0];
      |                                       ^~~~
/home/matt/quakespasm/Quake/miniz.c:354:67: note: Assuming 'pOut_buf_next' is null
  354 |     mz_uint8 *pOut_buf_cur = pOut_buf_next, *const pOut_buf_end = pOut_buf_next ? pOut_buf_next + *pOut_buf_size : NULL;
      |                                                                   ^~~~~~~~~~~~~
/home/matt/quakespasm/Quake/miniz.c:354:67: note: '?' condition is false
/home/matt/quakespasm/Quake/miniz.c:355:33: note: Assuming the condition is false
  355 |     size_t out_buf_size_mask = (decomp_flags & TINFL_FLAG_USING_NON_WRAPPING_OUTPUT_BUF) ? (size_t)-1 : ((pOut_buf_next - pOut_buf_start) + *pOut_buf_size) - 1, dist_from_out_buf_start;
      |                                 ^~~~~~~~~~~~~~~~~~~~~~~~~~~~~~~~~~~~~~~~~~~~~~~~~~~~~~~
/home/matt/quakespasm/Quake/miniz.c:355:32: note: '?' condition is false
  355 |     size_t out_buf_size_mask = (decomp_flags & TINFL_FLAG_USING_NON_WRAPPING_OUTPUT_BUF) ? (size_t)-1 : ((pOut_buf_next - pOut_buf_start) + *pOut_buf_size) - 1, dist_from_out_buf_start;
      |                                ^
/home/matt/quakespasm/Quake/miniz.c:358:10: note: Assuming the condition is false
  358 |     if (((out_buf_size_mask + 1) & out_buf_size_mask) || (pOut_buf_next < pOut_buf_start))
      |          ^~~~~~~~~~~~~~~~~~~~~~~~~~~~~~~~~~~~~~~~~~~
/home/matt/quakespasm/Quake/miniz.c:358:9: note: Left side of '||' is false
  358 |     if (((out_buf_size_mask + 1) & out_buf_size_mask) || (pOut_buf_next < pOut_buf_start))
      |         ^
/home/matt/quakespasm/Quake/miniz.c:358:59: note: Assuming 'pOut_buf_next' is >= 'pOut_buf_start'
  358 |     if (((out_buf_size_mask + 1) & out_buf_size_mask) || (pOut_buf_next < pOut_buf_start))
      |                                                           ^~~~~~~~~~~~~~~~~~~~~~~~~~~~~~
/home/matt/quakespasm/Quake/miniz.c:358:5: note: Taking false branch
  358 |     if (((out_buf_size_mask + 1) & out_buf_size_mask) || (pOut_buf_next < pOut_buf_start))
      |     ^
/home/matt/quakespasm/Quake/miniz.c:377:5: note: Control jumps to 'case 27:'  at line 681
  377 |     TINFL_CR_BEGIN
      |     ^
/home/matt/quakespasm/Quake/miniz.c:192:5: note: expanded from macro 'TINFL_CR_BEGIN'
  192 |     switch (r->m_state) \
      |     ^
/home/matt/quakespasm/Quake/miniz.c:681:21: note: Loop condition is false.  Exiting loop
  681 |                     TINFL_GET_BITS(27, extra_bits, num_extra);
      |                     ^
/home/matt/quakespasm/Quake/miniz.c:250:13: note: expanded from macro 'TINFL_GET_BITS'
  250 |             TINFL_NEED_BITS(state_index, n); \
      |             ^
/home/matt/quakespasm/Quake/miniz.c:230:9: note: expanded from macro 'TINFL_NEED_BITS'
  230 |         TINFL_GET_BYTE(state_index, c);                \
      |         ^
/home/matt/quakespasm/Quake/miniz.c:220:13: note: expanded from macro 'TINFL_GET_BYTE'
  220 |             TINFL_CR_RETURN(state_index, (decomp_flags & TINFL_FLAG_HAS_MORE_INPUT) ? TINFL_STATUS_NEEDS_MORE_INPUT : TINFL_STATUS_FAILED_CANNOT_MAKE_PROGRESS); \
      |             ^
/home/matt/quakespasm/Quake/miniz.c:196:5: note: expanded from macro 'TINFL_CR_RETURN'
  196 |     do                                       \
      |     ^
/home/matt/quakespasm/Quake/miniz.c:681:21: note: Loop condition is false. Execution continues on line 681
  681 |                     TINFL_GET_BITS(27, extra_bits, num_extra);
      |                     ^
/home/matt/quakespasm/Quake/miniz.c:250:13: note: expanded from macro 'TINFL_GET_BITS'
  250 |             TINFL_NEED_BITS(state_index, n); \
      |             ^
/home/matt/quakespasm/Quake/miniz.c:230:9: note: expanded from macro 'TINFL_NEED_BITS'
  230 |         TINFL_GET_BYTE(state_index, c);                \
      |         ^
/home/matt/quakespasm/Quake/miniz.c:218:9: note: expanded from macro 'TINFL_GET_BYTE'
  218 |         while (pIn_buf_cur >= pIn_buf_end)                                                                                                                       \
      |         ^
/home/matt/quakespasm/Quake/miniz.c:681:21: note: Loop condition is false.  Exiting loop
  681 |                     TINFL_GET_BITS(27, extra_bits, num_extra);
      |                     ^
/home/matt/quakespasm/Quake/miniz.c:250:13: note: expanded from macro 'TINFL_GET_BITS'
  250 |             TINFL_NEED_BITS(state_index, n); \
      |             ^
/home/matt/quakespasm/Quake/miniz.c:230:9: note: expanded from macro 'TINFL_NEED_BITS'
  230 |         TINFL_GET_BYTE(state_index, c);                \
      |         ^
/home/matt/quakespasm/Quake/miniz.c:216:5: note: expanded from macro 'TINFL_GET_BYTE'
  216 |     do                                                                                                                                                           \
      |     ^
/home/matt/quakespasm/Quake/miniz.c:681:21: note: Assuming right operand of bit shift is less than 64
  681 |                     TINFL_GET_BITS(27, extra_bits, num_extra);
      |                     ^
/home/matt/quakespasm/Quake/miniz.c:250:13: note: expanded from macro 'TINFL_GET_BITS'
  250 |             TINFL_NEED_BITS(state_index, n); \
      |             ^~~~~~~~~~~~~~~~~~~~~~~~~~~~~~~
/home/matt/quakespasm/Quake/miniz.c:231:21: note: expanded from macro 'TINFL_NEED_BITS'
  231 |         bit_buf |= (((tinfl_bit_buf_t)c) << num_bits); \
      |                     ^~~~~~~~~~~~~~~~~~~~~~~~~~~~~~~~
/home/matt/quakespasm/Quake/miniz.c:681:21: note: Assuming 'num_bits' is >= 'num_extra'
  681 |                     TINFL_GET_BITS(27, extra_bits, num_extra);
      |                     ^
/home/matt/quakespasm/Quake/miniz.c:250:13: note: expanded from macro 'TINFL_GET_BITS'
  250 |             TINFL_NEED_BITS(state_index, n); \
      |             ^~~~~~~~~~~~~~~~~~~~~~~~~~~~~~~
/home/matt/quakespasm/Quake/miniz.c:233:14: note: expanded from macro 'TINFL_NEED_BITS'
  233 |     } while (num_bits < (mz_uint)(n))
      |              ^~~~~~~~~~~~~~~~~~~~~~~
/home/matt/quakespasm/Quake/miniz.c:681:21: note: Loop condition is false.  Exiting loop
  681 |                     TINFL_GET_BITS(27, extra_bits, num_extra);
      |                     ^
/home/matt/quakespasm/Quake/miniz.c:250:13: note: expanded from macro 'TINFL_GET_BITS'
  250 |             TINFL_NEED_BITS(state_index, n); \
      |             ^
/home/matt/quakespasm/Quake/miniz.c:227:5: note: expanded from macro 'TINFL_NEED_BITS'
  227 |     do                                                 \
      |     ^
/home/matt/quakespasm/Quake/miniz.c:681:21: note: Assuming right operand of bit shift is less than 32
  681 |                     TINFL_GET_BITS(27, extra_bits, num_extra);
      |                     ^
/home/matt/quakespasm/Quake/miniz.c:252:25: note: expanded from macro 'TINFL_GET_BITS'
  252 |         b = bit_buf & ((1 << (n)) - 1);      \
      |                         ^~~~~~~~
/home/matt/quakespasm/Quake/miniz.c:681:21: note: Loop condition is false.  Exiting loop
  681 |                     TINFL_GET_BITS(27, extra_bits, num_extra);
      |                     ^
/home/matt/quakespasm/Quake/miniz.c:246:5: note: expanded from macro 'TINFL_GET_BITS'
  246 |     do                                       \
      |     ^
/home/matt/quakespasm/Quake/miniz.c:686:22: note: Assuming 'dist' is equal to 0
  686 |                 if ((dist == 0 || dist > dist_from_out_buf_start || dist_from_out_buf_start == 0) && (decomp_flags & TINFL_FLAG_USING_NON_WRAPPING_OUTPUT_BUF))
      |                      ^~~~~~~~~
/home/matt/quakespasm/Quake/miniz.c:686:32: note: Left side of '||' is true
  686 |                 if ((dist == 0 || dist > dist_from_out_buf_start || dist_from_out_buf_start == 0) && (decomp_flags & TINFL_FLAG_USING_NON_WRAPPING_OUTPUT_BUF))
      |                                ^
/home/matt/quakespasm/Quake/miniz.c:686:17: note: Taking false branch
  686 |                 if ((dist == 0 || dist > dist_from_out_buf_start || dist_from_out_buf_start == 0) && (decomp_flags & TINFL_FLAG_USING_NON_WRAPPING_OUTPUT_BUF))
      |                 ^
/home/matt/quakespasm/Quake/miniz.c:691:17: note: Null pointer value stored to 'pSrc'
  691 |                 pSrc = pOut_buf_start + ((dist_from_out_buf_start - dist) & out_buf_size_mask);
      |                 ^~~~~~~~~~~~~~~~~~~~~~~~~~~~~~~~~~~~~~~~~~~~~~~~~~~~~~~~~~~~~~~~~~~~~~~~~~~~~~
/home/matt/quakespasm/Quake/miniz.c:693:22: note: 'pOut_buf_cur' is <= 'pSrc'
  693 |                 if ((MZ_MAX(pOut_buf_cur, pSrc) + counter) > pOut_buf_end)
      |                      ^
/home/matt/quakespasm/Quake/miniz.h:317:24: note: expanded from macro 'MZ_MAX'
  317 | #define MZ_MAX(a, b) (((a) > (b)) ? (a) : (b))
      |                        ^~~
/home/matt/quakespasm/Quake/miniz.c:693:22: note: '?' condition is false
  693 |                 if ((MZ_MAX(pOut_buf_cur, pSrc) + counter) > pOut_buf_end)
      |                      ^
/home/matt/quakespasm/Quake/miniz.h:317:23: note: expanded from macro 'MZ_MAX'
  317 | #define MZ_MAX(a, b) (((a) > (b)) ? (a) : (b))
      |                       ^
/home/matt/quakespasm/Quake/miniz.c:693:17: note: Taking false branch
  693 |                 if ((MZ_MAX(pOut_buf_cur, pSrc) + counter) > pOut_buf_end)
      |                 ^
/home/matt/quakespasm/Quake/miniz.c:706:27: note: Assuming 'counter' is < 9
  706 |                 else if ((counter >= 9) && (counter <= dist))
      |                           ^~~~~~~~~~~~
/home/matt/quakespasm/Quake/miniz.c:706:41: note: Left side of '&&' is false
  706 |                 else if ((counter >= 9) && (counter <= dist))
      |                                         ^
/home/matt/quakespasm/Quake/miniz.c:732:23: note: Assuming 'counter' is <= 2
  732 |                 while(counter>2)
      |                       ^~~~~~~~~
/home/matt/quakespasm/Quake/miniz.c:732:17: note: Loop condition is false. Execution continues on line 741
  732 |                 while(counter>2)
      |                 ^
/home/matt/quakespasm/Quake/miniz.c:741:21: note: Assuming 'counter' is > 0
  741 |                 if (counter > 0)
      |                     ^~~~~~~~~~~
/home/matt/quakespasm/Quake/miniz.c:741:17: note: Taking true branch
  741 |                 if (counter > 0)
      |                 ^
/home/matt/quakespasm/Quake/miniz.c:743:39: note: Array access (from variable 'pSrc') results in a null pointer dereference
  743 |                     pOut_buf_cur[0] = pSrc[0];
      |                                       ^~~~
/home/matt/quakespasm/Quake/miniz.c:1021:25: warning: an assignment within an 'if' condition is bug-prone [bugprone-assignment-in-if-condition]
 1021 |     if (NULL == (pNew_p = pZip->m_pRealloc(pZip->m_pAlloc_opaque, pArray->m_p, pArray->m_element_size, new_capacity)))
      |                  ~~~~~~~^~~~~~~~~~~~~~~~~~~~~~~~~~~~~~~~~~~~~~~~~~~~~~~~~~~~~~~~~~~~~~~~~~~~~~~~~~~~~~~~~~~~~~~~~~~~
/home/matt/quakespasm/Quake/miniz.c:1021:25: note: if it should be an assignment, move it out of the 'if' condition
/home/matt/quakespasm/Quake/miniz.c:1021:25: note: if it is meant to be an equality check, change '=' to '=='
/home/matt/quakespasm/Quake/miniz.c:1064:33: warning: an assignment within an 'if' condition is bug-prone [bugprone-assignment-in-if-condition]
 1064 |     if (NULL == (pZip->m_pState = (mz_zip_internal_state *)pZip->m_pAlloc(pZip->m_pAlloc_opaque, 1, sizeof(mz_zip_internal_state))))
      |                  ~~~~~~~~~~~~~~~^~~~~~~~~~~~~~~~~~~~~~~~~~~~~~~~~~~~~~~~~~~~~~~~~~~~~~~~~~~~~~~~~~~~~~~~~~~~~~~~~~~~~~~~~~~~~~~~~~
/home/matt/quakespasm/Quake/miniz.c:1064:33: note: if it should be an assignment, move it out of the 'if' condition
/home/matt/quakespasm/Quake/miniz.c:1064:33: note: if it is meant to be an equality check, change '=' to '=='
/home/matt/quakespasm/Quake/miniz.c:1091:16: warning: an assignment within an 'if' condition is bug-prone [bugprone-assignment-in-if-condition]
 1091 |         if ((l = MZ_TOLOWER(*pL)) != (r = MZ_TOLOWER(*pR)))
      |              ~~^~~~~~~~~~~~~~~~~
/home/matt/quakespasm/Quake/miniz.c:1091:16: note: if it should be an assignment, move it out of the 'if' condition
/home/matt/quakespasm/Quake/miniz.c:1091:16: note: if it is meant to be an equality check, change '=' to '=='
/home/matt/quakespasm/Quake/miniz.c:1091:41: warning: an assignment within an 'if' condition is bug-prone [bugprone-assignment-in-if-condition]
 1091 |         if ((l = MZ_TOLOWER(*pL)) != (r = MZ_TOLOWER(*pR)))
      |                                       ~~^~~~~~~~~~~~~~~~~
/home/matt/quakespasm/Quake/miniz.c:1091:41: note: if it should be an assignment, move it out of the 'if' condition
/home/matt/quakespasm/Quake/miniz.c:1091:41: note: if it is meant to be an equality check, change '=' to '=='
/home/matt/quakespasm/Quake/miniz.c:1103:9: warning: macro argument should be enclosed in parentheses [bugprone-macro-parentheses]
 1103 |         a = b;               \
      |         ^
      |         ()
/home/matt/quakespasm/Quake/miniz.c:1104:9: warning: macro argument should be enclosed in parentheses [bugprone-macro-parentheses]
 1104 |         b = t;               \
      |         ^
      |         ()
/home/matt/quakespasm/Quake/miniz.c:1129:24: warning: an assignment within an 'if' condition is bug-prone [bugprone-assignment-in-if-condition]
 1129 |             if ((child = (root << 1U) + 1U) >= size)
      |                  ~~~~~~^~~~~~~~~~~~~~~~~~~
/home/matt/quakespasm/Quake/miniz.c:1129:24: note: if it should be an assignment, move it out of the 'if' condition
/home/matt/quakespasm/Quake/miniz.c:1129:24: note: if it is meant to be an equality check, change '=' to '=='
/home/matt/quakespasm/Quake/miniz.c:1149:24: warning: an assignment within an 'if' condition is bug-prone [bugprone-assignment-in-if-condition]
 1149 |             if ((child = (root << 1U) + 1U) >= end)
      |                  ~~~~~~^~~~~~~~~~~~~~~~~~~
/home/matt/quakespasm/Quake/miniz.c:1149:24: note: if it should be an assignment, move it out of the 'if' condition
/home/matt/quakespasm/Quake/miniz.c:1149:24: note: if it is meant to be an equality check, change '=' to '=='
/home/matt/quakespasm/Quake/miniz.c:1269:9: warning: Assigned value is garbage or undefined [clang-analyzer-core.uninitialized.Assign]
 1269 |         mz_uint32 zip64_total_num_of_disks = MZ_READ_LE32(pZip64_locator + MZ_ZIP64_ECDL_TOTAL_NUMBER_OF_DISKS_OFS);
      |         ^
/home/matt/quakespasm/Quake/miniz.c:1216:33: note: Assuming the condition is false
 1216 |     mz_bool sort_central_dir = ((flags & MZ_ZIP_FLAG_DO_NOT_SORT_CENTRAL_DIRECTORY) == 0);
      |                                 ^~~~~~~~~~~~~~~~~~~~~~~~~~~~~~~~~~~~~~~~~~~~~~~~~~~~~~~~
/home/matt/quakespasm/Quake/miniz.c:1226:9: note: Assuming field 'm_archive_size' is >= MZ_ZIP_END_OF_CENTRAL_DIR_HEADER_SIZE
 1226 |     if (pZip->m_archive_size < MZ_ZIP_END_OF_CENTRAL_DIR_HEADER_SIZE)
      |         ^~~~~~~~~~~~~~~~~~~~~~~~~~~~~~~~~~~~~~~~~~~~~~~~~~~~~~~~~~~~
/home/matt/quakespasm/Quake/miniz.c:1226:5: note: Taking false branch
 1226 |     if (pZip->m_archive_size < MZ_ZIP_END_OF_CENTRAL_DIR_HEADER_SIZE)
      |     ^
/home/matt/quakespasm/Quake/miniz.c:1229:9: note: Assuming the condition is false
 1229 |     if (!mz_zip_reader_locate_header_sig(pZip, MZ_ZIP_END_OF_CENTRAL_DIR_HEADER_SIG, MZ_ZIP_END_OF_CENTRAL_DIR_HEADER_SIZE, &cur_file_ofs))
      |         ^~~~~~~~~~~~~~~~~~~~~~~~~~~~~~~~~~~~~~~~~~~~~~~~~~~~~~~~~~~~~~~~~~~~~~~~~~~~~~~~~~~~~~~~~~~~~~~~~~~~~~~~~~~~~~~~~~~~~~~~~~~~~~~~~~
/home/matt/quakespasm/Quake/miniz.c:1229:5: note: Taking false branch
 1229 |     if (!mz_zip_reader_locate_header_sig(pZip, MZ_ZIP_END_OF_CENTRAL_DIR_HEADER_SIG, MZ_ZIP_END_OF_CENTRAL_DIR_HEADER_SIZE, &cur_file_ofs))
      |     ^
/home/matt/quakespasm/Quake/miniz.c:1233:9: note: Assuming the condition is false
 1233 |     if (pZip->m_pRead(pZip->m_pIO_opaque, cur_file_ofs, pBuf, MZ_ZIP_END_OF_CENTRAL_DIR_HEADER_SIZE) != MZ_ZIP_END_OF_CENTRAL_DIR_HEADER_SIZE)
      |         ^~~~~~~~~~~~~~~~~~~~~~~~~~~~~~~~~~~~~~~~~~~~~~~~~~~~~~~~~~~~~~~~~~~~~~~~~~~~~~~~~~~~~~~~~~~~~~~~~~~~~~~~~~~~~~~~~~~~~~~~~~~~~~~~~~~~~
/home/matt/quakespasm/Quake/miniz.c:1233:5: note: Taking false branch
 1233 |     if (pZip->m_pRead(pZip->m_pIO_opaque, cur_file_ofs, pBuf, MZ_ZIP_END_OF_CENTRAL_DIR_HEADER_SIZE) != MZ_ZIP_END_OF_CENTRAL_DIR_HEADER_SIZE)
      |     ^
/home/matt/quakespasm/Quake/miniz.c:1236:9: note: Assuming the condition is false
 1236 |     if (MZ_READ_LE32(pBuf + MZ_ZIP_ECDH_SIG_OFS) != MZ_ZIP_END_OF_CENTRAL_DIR_HEADER_SIG)
      |         ^
/home/matt/quakespasm/Quake/miniz.h:325:25: note: expanded from macro 'MZ_READ_LE32'
  325 | #define MZ_READ_LE32(p) *((const mz_uint32 *)(p))
      |                         ^
/home/matt/quakespasm/Quake/miniz.c:1236:5: note: Taking false branch
 1236 |     if (MZ_READ_LE32(pBuf + MZ_ZIP_ECDH_SIG_OFS) != MZ_ZIP_END_OF_CENTRAL_DIR_HEADER_SIG)
      |     ^
/home/matt/quakespasm/Quake/miniz.c:1239:9: note: Assuming the condition is false
 1239 |     if (cur_file_ofs >= (MZ_ZIP64_END_OF_CENTRAL_DIR_LOCATOR_SIZE + MZ_ZIP64_END_OF_CENTRAL_DIR_HEADER_SIZE))
      |         ^~~~~~~~~~~~~~~~~~~~~~~~~~~~~~~~~~~~~~~~~~~~~~~~~~~~~~~~~~~~~~~~~~~~~~~~~~~~~~~~~~~~~~~~~~~~~~~~~~~~
/home/matt/quakespasm/Quake/miniz.c:1239:5: note: Taking false branch
 1239 |     if (cur_file_ofs >= (MZ_ZIP64_END_OF_CENTRAL_DIR_LOCATOR_SIZE + MZ_ZIP64_END_OF_CENTRAL_DIR_HEADER_SIZE))
      |     ^
/home/matt/quakespasm/Quake/miniz.c:1267:9: note: Assuming field 'm_zip64' is not equal to 0
 1267 |     if (pZip->m_pState->m_zip64)
      |         ^~~~~~~~~~~~~~~~~~~~~~~
/home/matt/quakespasm/Quake/miniz.c:1267:5: note: Taking true branch
 1267 |     if (pZip->m_pState->m_zip64)
      |     ^
/home/matt/quakespasm/Quake/miniz.c:1269:9: note: Assigned value is garbage or undefined
 1269 |         mz_uint32 zip64_total_num_of_disks = MZ_READ_LE32(pZip64_locator + MZ_ZIP64_ECDL_TOTAL_NUMBER_OF_DISKS_OFS);
      |         ^
/home/matt/quakespasm/Quake/miniz.c:1270:46: warning: The left operand of '<<' is a garbage value [clang-analyzer-core.UndefinedBinaryOperatorResult]
 1270 |         mz_uint64 zip64_cdir_total_entries = MZ_READ_LE64(pZip64_end_of_central_dir + MZ_ZIP64_ECDH_CDIR_TOTAL_ENTRIES_OFS);
      |                                              ^
/home/matt/quakespasm/Quake/miniz.h:331:127: note: expanded from macro 'MZ_READ_LE64'
  331 | #define MZ_READ_LE64(p) (((mz_uint64)MZ_READ_LE32(p)) | (((mz_uint64)MZ_READ_LE32((const mz_uint8 *)(p) + sizeof(mz_uint32))) << 32U))
      |                                                                      ~~~~~~~~~~~~~~~~~~~~~~~~~~~~~~~~~~~~~~~~~~~~~~~~~~~~~~~  ^
/home/matt/quakespasm/Quake/miniz.c:1216:33: note: Assuming the condition is false
 1216 |     mz_bool sort_central_dir = ((flags & MZ_ZIP_FLAG_DO_NOT_SORT_CENTRAL_DIRECTORY) == 0);
      |                                 ^~~~~~~~~~~~~~~~~~~~~~~~~~~~~~~~~~~~~~~~~~~~~~~~~~~~~~~~
/home/matt/quakespasm/Quake/miniz.c:1226:9: note: Assuming field 'm_archive_size' is >= MZ_ZIP_END_OF_CENTRAL_DIR_HEADER_SIZE
 1226 |     if (pZip->m_archive_size < MZ_ZIP_END_OF_CENTRAL_DIR_HEADER_SIZE)
      |         ^~~~~~~~~~~~~~~~~~~~~~~~~~~~~~~~~~~~~~~~~~~~~~~~~~~~~~~~~~~~
/home/matt/quakespasm/Quake/miniz.c:1226:5: note: Taking false branch
 1226 |     if (pZip->m_archive_size < MZ_ZIP_END_OF_CENTRAL_DIR_HEADER_SIZE)
      |     ^
/home/matt/quakespasm/Quake/miniz.c:1229:9: note: Assuming the condition is false
 1229 |     if (!mz_zip_reader_locate_header_sig(pZip, MZ_ZIP_END_OF_CENTRAL_DIR_HEADER_SIG, MZ_ZIP_END_OF_CENTRAL_DIR_HEADER_SIZE, &cur_file_ofs))
      |         ^~~~~~~~~~~~~~~~~~~~~~~~~~~~~~~~~~~~~~~~~~~~~~~~~~~~~~~~~~~~~~~~~~~~~~~~~~~~~~~~~~~~~~~~~~~~~~~~~~~~~~~~~~~~~~~~~~~~~~~~~~~~~~~~~~
/home/matt/quakespasm/Quake/miniz.c:1229:5: note: Taking false branch
 1229 |     if (!mz_zip_reader_locate_header_sig(pZip, MZ_ZIP_END_OF_CENTRAL_DIR_HEADER_SIG, MZ_ZIP_END_OF_CENTRAL_DIR_HEADER_SIZE, &cur_file_ofs))
      |     ^
/home/matt/quakespasm/Quake/miniz.c:1233:9: note: Assuming the condition is false
 1233 |     if (pZip->m_pRead(pZip->m_pIO_opaque, cur_file_ofs, pBuf, MZ_ZIP_END_OF_CENTRAL_DIR_HEADER_SIZE) != MZ_ZIP_END_OF_CENTRAL_DIR_HEADER_SIZE)
      |         ^~~~~~~~~~~~~~~~~~~~~~~~~~~~~~~~~~~~~~~~~~~~~~~~~~~~~~~~~~~~~~~~~~~~~~~~~~~~~~~~~~~~~~~~~~~~~~~~~~~~~~~~~~~~~~~~~~~~~~~~~~~~~~~~~~~~~
/home/matt/quakespasm/Quake/miniz.c:1233:5: note: Taking false branch
 1233 |     if (pZip->m_pRead(pZip->m_pIO_opaque, cur_file_ofs, pBuf, MZ_ZIP_END_OF_CENTRAL_DIR_HEADER_SIZE) != MZ_ZIP_END_OF_CENTRAL_DIR_HEADER_SIZE)
      |     ^
/home/matt/quakespasm/Quake/miniz.c:1236:9: note: Assuming the condition is false
 1236 |     if (MZ_READ_LE32(pBuf + MZ_ZIP_ECDH_SIG_OFS) != MZ_ZIP_END_OF_CENTRAL_DIR_HEADER_SIG)
      |         ^
/home/matt/quakespasm/Quake/miniz.h:325:25: note: expanded from macro 'MZ_READ_LE32'
  325 | #define MZ_READ_LE32(p) *((const mz_uint32 *)(p))
      |                         ^
/home/matt/quakespasm/Quake/miniz.c:1236:5: note: Taking false branch
 1236 |     if (MZ_READ_LE32(pBuf + MZ_ZIP_ECDH_SIG_OFS) != MZ_ZIP_END_OF_CENTRAL_DIR_HEADER_SIG)
      |     ^
/home/matt/quakespasm/Quake/miniz.c:1239:9: note: Assuming the condition is true
 1239 |     if (cur_file_ofs >= (MZ_ZIP64_END_OF_CENTRAL_DIR_LOCATOR_SIZE + MZ_ZIP64_END_OF_CENTRAL_DIR_HEADER_SIZE))
      |         ^~~~~~~~~~~~~~~~~~~~~~~~~~~~~~~~~~~~~~~~~~~~~~~~~~~~~~~~~~~~~~~~~~~~~~~~~~~~~~~~~~~~~~~~~~~~~~~~~~~~
/home/matt/quakespasm/Quake/miniz.c:1239:5: note: Taking true branch
 1239 |     if (cur_file_ofs >= (MZ_ZIP64_END_OF_CENTRAL_DIR_LOCATOR_SIZE + MZ_ZIP64_END_OF_CENTRAL_DIR_HEADER_SIZE))
      |     ^
/home/matt/quakespasm/Quake/miniz.c:1241:13: note: Assuming the condition is false
 1241 |         if (pZip->m_pRead(pZip->m_pIO_opaque, cur_file_ofs - MZ_ZIP64_END_OF_CENTRAL_DIR_LOCATOR_SIZE, pZip64_locator, MZ_ZIP64_END_OF_CENTRAL_DIR_LOCATOR_SIZE) == MZ_ZIP64_END_OF_CENTRAL_DIR_LOCATOR_SIZE)
      |             ^~~~~~~~~~~~~~~~~~~~~~~~~~~~~~~~~~~~~~~~~~~~~~~~~~~~~~~~~~~~~~~~~~~~~~~~~~~~~~~~~~~~~~~~~~~~~~~~~~~~~~~~~~~~~~~~~~~~~~~~~~~~~~~~~~~~~~~~~~~~~~~~~~~~~~~~~~~~~~~~~~~~~~~~~~~~~~~~~~~~~~~~~~~~~~~~
/home/matt/quakespasm/Quake/miniz.c:1241:9: note: Taking false branch
 1241 |         if (pZip->m_pRead(pZip->m_pIO_opaque, cur_file_ofs - MZ_ZIP64_END_OF_CENTRAL_DIR_LOCATOR_SIZE, pZip64_locator, MZ_ZIP64_END_OF_CENTRAL_DIR_LOCATOR_SIZE) == MZ_ZIP64_END_OF_CENTRAL_DIR_LOCATOR_SIZE)
      |         ^
/home/matt/quakespasm/Quake/miniz.c:1267:9: note: Assuming field 'm_zip64' is not equal to 0
 1267 |     if (pZip->m_pState->m_zip64)
      |         ^~~~~~~~~~~~~~~~~~~~~~~
/home/matt/quakespasm/Quake/miniz.c:1267:5: note: Taking true branch
 1267 |     if (pZip->m_pState->m_zip64)
      |     ^
/home/matt/quakespasm/Quake/miniz.c:1270:46: note: The left operand of '<<' is a garbage value
 1270 |         mz_uint64 zip64_cdir_total_entries = MZ_READ_LE64(pZip64_end_of_central_dir + MZ_ZIP64_ECDH_CDIR_TOTAL_ENTRIES_OFS);
      |                                              ^
/home/matt/quakespasm/Quake/miniz.h:331:127: note: expanded from macro 'MZ_READ_LE64'
  331 | #define MZ_READ_LE64(p) (((mz_uint64)MZ_READ_LE32(p)) | (((mz_uint64)MZ_READ_LE32((const mz_uint8 *)(p) + sizeof(mz_uint32))) << 32U))
      |                                                                      ~~~~~~~~~~~~~~~~~~~~~~~~~~~~~~~~~~~~~~~~~~~~~~~~~~~~~~~  ^
/home/matt/quakespasm/Quake/miniz.c:1445:36: warning: an assignment within an 'if' condition is bug-prone [bugprone-assignment-in-if-condition]
 1445 |             if ((total_header_size = MZ_ZIP_CENTRAL_DIR_HEADER_SIZE + MZ_READ_LE16(p + MZ_ZIP_CDH_FILENAME_LEN_OFS) + MZ_READ_LE16(p + MZ_ZIP_CDH_EXTRA_LEN_OFS) + MZ_READ_LE16(p + MZ_ZIP_CDH_COMMENT_LEN_OFS)) > n)
      |                  ~~~~~~~~~~~~~~~~~~^~~~~~~~~~~~~~~~~~~~~~~~~~~~~~~~~~~~~~~~~~~~~~~~~~~~~~~~~~~~~~~~~~~~~~~~~~~~~~~~~~~~~~~~~~~~~~~~~~~~~~~~~~~~~~~~~~~~~~~~~~~~~~~~~~~~~~~~~~~~~~~~~~~~~~~~~~~~~~~~~~~~~~~~~~~~
/home/matt/quakespasm/Quake/miniz.c:1445:36: note: if it should be an assignment, move it out of the 'if' condition
/home/matt/quakespasm/Quake/miniz.c:1445:36: note: if it is meant to be an equality check, change '=' to '=='
/home/matt/quakespasm/Quake/miniz.c:1704:25: warning: Value stored to 'pField_data' is never read [clang-analyzer-deadcode.DeadStores]
 1704 |                         pField_data += sizeof(mz_uint64);
      |                         ^              ~~~~~~~~~~~~~~~~~
/home/matt/quakespasm/Quake/miniz.c:1704:25: note: Value stored to 'pField_data' is never read
 1704 |                         pField_data += sizeof(mz_uint64);
      |                         ^              ~~~~~~~~~~~~~~~~~
/home/matt/quakespasm/Quake/miniz.c:1705:25: warning: Value stored to 'field_data_remaining' is never read [clang-analyzer-deadcode.DeadStores]
 1705 |                         field_data_remaining -= sizeof(mz_uint64);
      |                         ^                       ~~~~~~~~~~~~~~~~~
/home/matt/quakespasm/Quake/miniz.c:1705:25: note: Value stored to 'field_data_remaining' is never read
 1705 |                         field_data_remaining -= sizeof(mz_uint64);
      |                         ^                       ~~~~~~~~~~~~~~~~~
/home/matt/quakespasm/Quake/miniz.c:1740:16: warning: an assignment within an 'if' condition is bug-prone [bugprone-assignment-in-if-condition]
 1740 |         if ((l = MZ_TOLOWER(*pL)) != (r = MZ_TOLOWER(*pR)))
      |              ~~^~~~~~~~~~~~~~~~~
/home/matt/quakespasm/Quake/miniz.c:1740:16: note: if it should be an assignment, move it out of the 'if' condition
/home/matt/quakespasm/Quake/miniz.c:1740:16: note: if it is meant to be an equality check, change '=' to '=='
/home/matt/quakespasm/Quake/miniz.c:1740:41: warning: an assignment within an 'if' condition is bug-prone [bugprone-assignment-in-if-condition]
 1740 |         if ((l = MZ_TOLOWER(*pL)) != (r = MZ_TOLOWER(*pR)))
      |                                       ~~^~~~~~~~~~~~~~~~~
/home/matt/quakespasm/Quake/miniz.c:1740:41: note: if it should be an assignment, move it out of the 'if' condition
/home/matt/quakespasm/Quake/miniz.c:1740:41: note: if it is meant to be an equality check, change '=' to '=='
/home/matt/quakespasm/Quake/miniz.c:1883:5: warning: misleading indentation: statement is indented too deeply [readability-misleading-indentation]
 1883 |     if ((file_stat.m_is_directory) || (!file_stat.m_comp_size))
      |     ^
/home/matt/quakespasm/Quake/miniz.c:1876:5: note: did you mean this line to be inside this 'if'
 1876 |     if (st) {
      |     ^
/home/matt/quakespasm/Quake/miniz.c:1955:32: warning: an assignment within an 'if' condition is bug-prone [bugprone-assignment-in-if-condition]
 1955 |         if (NULL == (pRead_buf = pZip->m_pAlloc(pZip->m_pAlloc_opaque, 1, (size_t)read_buf_size)))
      |                      ~~~~~~~~~~^~~~~~~~~~~~~~~~~~~~~~~~~~~~~~~~~~~~~~~~~~~~~~~~~~~~~~~~~~~~~~~~~
/home/matt/quakespasm/Quake/miniz.c:1955:32: note: if it should be an assignment, move it out of the 'if' condition
/home/matt/quakespasm/Quake/miniz.c:1955:32: note: if it is meant to be an equality check, change '=' to '=='
/home/matt/quakespasm/Quake/miniz.c:2040:23: warning: an assignment within an 'if' condition is bug-prone [bugprone-assignment-in-if-condition]
 2040 |     if (NULL == (pBuf = pZip->m_pAlloc(pZip->m_pAlloc_opaque, 1, (size_t)alloc_size)))
      |                  ~~~~~^~~~~~~~~~~~~~~~~~~~~~~~~~~~~~~~~~~~~~~~~~~~~~~~~~~~~~~~~~~~~~
/home/matt/quakespasm/Quake/miniz.c:2040:23: note: if it should be an assignment, move it out of the 'if' condition
/home/matt/quakespasm/Quake/miniz.c:2040:23: note: if it is meant to be an equality check, change '=' to '=='
/home/matt/quakespasm/Quake/miniz.h:321:52: warning: macro argument should be enclosed in parentheses [bugprone-macro-parentheses]
  321 | #define MZ_CLEAR_PTR(obj) memset((obj), 0, sizeof(*obj))
      |                                                    ^  
      |                                                    (  )
/home/matt/quakespasm/Quake/miniz.h:430:193: warning: parameter 'decomp_flags' is const-qualified in the function declaration; const-qualification of parameters only has an effect in function definitions [readability-avoid-const-params-in-decls]
  430 | MINIZ_EXPORT tinfl_status tinfl_decompress(tinfl_decompressor *r, const mz_uint8 *pIn_buf_next, size_t *pIn_buf_size, mz_uint8 *pOut_buf_start, mz_uint8 *pOut_buf_next, size_t *pOut_buf_size, const mz_uint32 decomp_flags);
      |                                                                                                                                                                                                 ^~~~~
/home/matt/quakespasm/Quake/modelgen.h:23:9: warning: declaration uses identifier '_MODELGEN_H', which is a reserved identifier [bugprone-reserved-identifier,cert-dcl37-c,cert-dcl51-cpp]
   23 | #define _MODELGEN_H
      |         ^~~~~~~~~~~
      |         MODELGEN_H
/home/matt/quakespasm/Quake/net.h:32:9: warning: declaration uses identifier '_QUAKE_NET_H', which is a reserved identifier [bugprone-reserved-identifier,cert-dcl37-c,cert-dcl51-cpp]
   32 | #define _QUAKE_NET_H
      |         ^~~~~~~~~~~~
      |         QUAKE_NET_H
/home/matt/quakespasm/Quake/net_defs.h:25:9: warning: declaration uses identifier '__NET_DEFS_H', which is a reserved identifier [bugprone-reserved-identifier,cert-dcl37-c,cert-dcl51-cpp]
   25 | #define __NET_DEFS_H
      |         ^~~~~~~~~~~~
      |         NET_DEFS_H
/home/matt/quakespasm/Quake/net_defs.h:249:16: warning: declaration uses identifier '_PollProcedure', which is a reserved identifier [bugprone-reserved-identifier,cert-dcl37-c,cert-dcl51-cpp]
  249 | typedef struct _PollProcedure
      |                ^~~~~~~~~~~~~~
      |                PollProcedure
  250 | {
  251 |         struct _PollProcedure   *next;
      |                ~~~~~~~~~~~~~~
      |                PollProcedure
/home/matt/quakespasm/Quake/net_dgrm.c:66:3: warning: the value returned by this function should not be disregarded; neglecting it may lead to errors [cert-err33-c]
   66 |                 sprintf (buf + n * 2, "%02x", *p++);
      |                 ^~~~~~~~~~~~~~~~~~~~~~~~~~~~~~~~~~~
/home/matt/quakespasm/Quake/net_dgrm.c:66:3: note: cast the expression to void to silence this warning
/home/matt/quakespasm/Quake/net_dgrm.c:66:12: warning: result of multiplication in type 'int' is used as a pointer offset after an implicit widening conversion to type 'ptrdiff_t' [bugprone-implicit-widening-of-multiplication-result]
   66 |                 sprintf (buf + n * 2, "%02x", *p++);
      |                          ^
/home/matt/quakespasm/Quake/net_dgrm.c:66:18: note: make conversion explicit to silence this warning
   31 |                 sprintf (buf + n * 2, "%02x", *p++);
      |                                ^~~~~
      |                                (ptrdiff_t)( )
/home/matt/quakespasm/Quake/net_dgrm.c:66:18: note: perform multiplication in a wider type
   66 |                 sprintf (buf + n * 2, "%02x", *p++);
      |                                ^
      |                                (ptrdiff_t)
/home/matt/quakespasm/Quake/net_dgrm.c:504:9: warning: an assignment within an 'if' condition is bug-prone [bugprone-assignment-in-if-condition]
  504 |         if ((p = Q_strrchr(noport, ':')) == NULL)
      |              ~~^~~~~~~~~~~~~~~~~~~~~~~~
/home/matt/quakespasm/Quake/net_dgrm.c:504:9: note: if it should be an assignment, move it out of the 'if' condition
/home/matt/quakespasm/Quake/net_dgrm.c:504:9: note: if it is meant to be an equality check, change '=' to '=='
/home/matt/quakespasm/Quake/net_dgrm.c:714:2: warning: redundant return statement at the end of a function with a void return type [readability-redundant-control-flow]
  714 |         return;
      |         ^~~~~~~
  715 | }
/home/matt/quakespasm/Quake/net_dgrm.c:858:19: warning: declaration uses identifier '_Datagram_CheckNewConnections', which is a reserved identifier [bugprone-reserved-identifier,cert-dcl37-c,cert-dcl51-cpp]
  858 | static qsocket_t *_Datagram_CheckNewConnections (void)
      |                   ^~~~~~~~~~~~~~~~~~~~~~~~~~~~~
      |                   Datagram_CheckNewConnections
/home/matt/quakespasm/Quake/net_dgrm.c:1111:13: warning: an assignment within an 'if' condition is bug-prone [bugprone-assignment-in-if-condition]
 1111 |                         if ((ret = _Datagram_CheckNewConnections ()) != NULL)
      |                              ~~~~^~~~~~~~~~~~~~~~~~~~~~~~~~~~~~~~~~
/home/matt/quakespasm/Quake/net_dgrm.c:1111:13: note: if it should be an assignment, move it out of the 'if' condition
/home/matt/quakespasm/Quake/net_dgrm.c:1111:13: note: if it is meant to be an equality check, change '=' to '=='
/home/matt/quakespasm/Quake/net_dgrm.c:1119:13: warning: declaration uses identifier '_Datagram_SearchForHosts', which is a reserved identifier [bugprone-reserved-identifier,cert-dcl37-c,cert-dcl51-cpp]
 1119 | static void _Datagram_SearchForHosts (qboolean xmit)
      |             ^~~~~~~~~~~~~~~~~~~~~~~~
      |             Datagram_SearchForHosts
/home/matt/quakespasm/Quake/net_dgrm.c:1233:19: warning: declaration uses identifier '_Datagram_Connect', which is a reserved identifier [bugprone-reserved-identifier,cert-dcl37-c,cert-dcl51-cpp]
 1233 | static qsocket_t *_Datagram_Connect (const char *host)
      |                   ^~~~~~~~~~~~~~~~~
      |                   Datagram_Connect
/home/matt/quakespasm/Quake/net_dgrm.c:1415:13: warning: an assignment within an 'if' condition is bug-prone [bugprone-assignment-in-if-condition]
 1415 |                         if ((ret = _Datagram_Connect (host)) != NULL)
      |                              ~~~~^~~~~~~~~~~~~~~~~~~~~~~~~~
/home/matt/quakespasm/Quake/net_dgrm.c:1415:13: note: if it should be an assignment, move it out of the 'if' condition
/home/matt/quakespasm/Quake/net_dgrm.c:1415:13: note: if it is meant to be an equality check, change '=' to '=='
/home/matt/quakespasm/Quake/net_dgrm.h:23:9: warning: declaration uses identifier '__NET_DATAGRAM_H', which is a reserved identifier [bugprone-reserved-identifier,cert-dcl37-c,cert-dcl51-cpp]
   23 | #define __NET_DATAGRAM_H
      |         ^~~~~~~~~~~~~~~~
      |         NET_DATAGRAM_H
/home/matt/quakespasm/Quake/net_loop.c:78:20: warning: an assignment within an 'if' condition is bug-prone [bugprone-assignment-in-if-condition]
   78 |                 if ((loop_client = NET_NewQSocket ()) == NULL)
      |                      ~~~~~~~~~~~~^~~~~~~~~~~~~~~~~~~
/home/matt/quakespasm/Quake/net_loop.c:78:20: note: if it should be an assignment, move it out of the 'if' condition
/home/matt/quakespasm/Quake/net_loop.c:78:20: note: if it is meant to be an equality check, change '=' to '=='
/home/matt/quakespasm/Quake/net_loop.c:91:20: warning: an assignment within an 'if' condition is bug-prone [bugprone-assignment-in-if-condition]
   91 |                 if ((loop_server = NET_NewQSocket ()) == NULL)
      |                      ~~~~~~~~~~~~^~~~~~~~~~~~~~~~~~~
/home/matt/quakespasm/Quake/net_loop.c:91:20: note: if it should be an assignment, move it out of the 'if' condition
/home/matt/quakespasm/Quake/net_loop.c:91:20: note: if it is meant to be an equality check, change '=' to '=='
/home/matt/quakespasm/Quake/net_loop.h:23:9: warning: declaration uses identifier '__NET_LOOP_H', which is a reserved identifier [bugprone-reserved-identifier,cert-dcl37-c,cert-dcl51-cpp]
   23 | #define __NET_LOOP_H
      |         ^~~~~~~~~~~~
      |         NET_LOOP_H
/home/matt/quakespasm/Quake/net_main.c:716:8: warning: Branch condition evaluates to a garbage value [clang-analyzer-core.uninitialized.Branch]
  716 |                         if (! msg_init[i])
      |                             ^ ~~~~~~~~~~~
/home/matt/quakespasm/Quake/net_main.c:683:41: note: Assuming 'i' is < field 'maxclients'
  683 |         for (i = 0, host_client = svs.clients; i < svs.maxclients; i++, host_client++)
      |                                                ^~~~~~~~~~~~~~~~~~
/home/matt/quakespasm/Quake/net_main.c:683:2: note: Loop condition is true.  Entering loop body
  683 |         for (i = 0, host_client = svs.clients; i < svs.maxclients; i++, host_client++)
      |         ^
/home/matt/quakespasm/Quake/net_main.c:690:7: note: Assuming field 'netconnection' is non-null
  690 |                 if (host_client->netconnection && host_client->active)
      |                     ^~~~~~~~~~~~~~~~~~~~~~~~~~
/home/matt/quakespasm/Quake/net_main.c:690:7: note: Left side of '&&' is true
/home/matt/quakespasm/Quake/net_main.c:690:37: note: Assuming field 'active' is not equal to 0
  690 |                 if (host_client->netconnection && host_client->active)
      |                                                   ^~~~~~~~~~~~~~~~~~~
/home/matt/quakespasm/Quake/net_main.c:690:3: note: Taking true branch
  690 |                 if (host_client->netconnection && host_client->active)
      |                 ^
/home/matt/quakespasm/Quake/net_main.c:692:8: note: Assuming field 'driver' is not equal to 0
  692 |                         if (IS_LOOP_DRIVER(host_client->netconnection->driver))
      |                             ^
/home/matt/quakespasm/Quake/net_defs.h:217:28: note: expanded from macro 'IS_LOOP_DRIVER'
  217 | #define IS_LOOP_DRIVER(p)       ((p) == 0)
      |                                  ^~~~~~~~
/home/matt/quakespasm/Quake/net_main.c:692:4: note: Taking false branch
  692 |                         if (IS_LOOP_DRIVER(host_client->netconnection->driver))
      |                         ^
/home/matt/quakespasm/Quake/net_main.c:683:41: note: Assuming 'i' is >= field 'maxclients'
  683 |         for (i = 0, host_client = svs.clients; i < svs.maxclients; i++, host_client++)
      |                                                ^~~~~~~~~~~~~~~~~~
/home/matt/quakespasm/Quake/net_main.c:683:2: note: Loop condition is false. Execution continues on line 710
  683 |         for (i = 0, host_client = svs.clients; i < svs.maxclients; i++, host_client++)
      |         ^
/home/matt/quakespasm/Quake/net_main.c:711:2: note: Loop condition is true.  Entering loop body
  711 |         while (count)
      |         ^
/home/matt/quakespasm/Quake/net_main.c:714:42: note: Assuming 'i' is < field 'maxclients'
  714 |                 for (i = 0, host_client = svs.clients; i < svs.maxclients; i++, host_client++)
      |                                                        ^~~~~~~~~~~~~~~~~~
/home/matt/quakespasm/Quake/net_main.c:714:3: note: Loop condition is true.  Entering loop body
  714 |                 for (i = 0, host_client = svs.clients; i < svs.maxclients; i++, host_client++)
      |                 ^
/home/matt/quakespasm/Quake/net_main.c:716:4: note: Taking true branch
  716 |                         if (! msg_init[i])
      |                         ^
/home/matt/quakespasm/Quake/net_main.c:718:5: note: Taking false branch
  718 |                                 if (NET_CanSendMessage (host_client->netconnection))
      |                                 ^
/home/matt/quakespasm/Quake/net_main.c:728:5: note:  Execution continues on line 714
  728 |                                 continue;
      |                                 ^
/home/matt/quakespasm/Quake/net_main.c:714:62: note: The value 1 is assigned to 'i'
  714 |                 for (i = 0, host_client = svs.clients; i < svs.maxclients; i++, host_client++)
      |                                                                            ^~~
/home/matt/quakespasm/Quake/net_main.c:714:42: note: Assuming 'i' is < field 'maxclients'
  714 |                 for (i = 0, host_client = svs.clients; i < svs.maxclients; i++, host_client++)
      |                                                        ^~~~~~~~~~~~~~~~~~
/home/matt/quakespasm/Quake/net_main.c:714:3: note: Loop condition is true.  Entering loop body
  714 |                 for (i = 0, host_client = svs.clients; i < svs.maxclients; i++, host_client++)
      |                 ^
/home/matt/quakespasm/Quake/net_main.c:716:8: note: Branch condition evaluates to a garbage value
  716 |                         if (! msg_init[i])
      |                             ^ ~~~~~~~~~~~
/home/matt/quakespasm/Quake/net_sys.h:25:9: warning: declaration uses identifier '__NET_SYS_H__', which is a reserved identifier [bugprone-reserved-identifier,cert-dcl37-c,cert-dcl51-cpp]
   25 | #define __NET_SYS_H__
      |         ^~~~~~~~~~~~~
      |         NET_SYS_H_
/home/matt/quakespasm/Quake/net_udp.c:73:15: warning: an assignment within an 'if' condition is bug-prone [bugprone-assignment-in-if-condition]
   73 |                 if (!(local = gethostbyname(buff)))
      |                       ~~~~~~^~~~~~~~~~~~~~~~~~~~~
/home/matt/quakespasm/Quake/net_udp.c:73:15: note: if it should be an assignment, move it out of the 'if' condition
/home/matt/quakespasm/Quake/net_udp.c:73:15: note: if it is meant to be an equality check, change '=' to '=='
/home/matt/quakespasm/Quake/net_udp.c:92:6: warning: Call to function 'strcpy' is insecure as it does not provide bounding of the memory buffer. Replace unbounded copy functions with analogous functions that support length arguments such as 'strlcpy'. CWE-119 [clang-analyzer-security.insecureAPI.strcpy]
   92 |                                         strcpy(my_tcpip_address, com_argv[i + 1]);
      |                                         ^~~~~~
/home/matt/quakespasm/Quake/net_udp.c:92:6: note: Call to function 'strcpy' is insecure as it does not provide bounding of the memory buffer. Replace unbounded copy functions with analogous functions that support length arguments such as 'strlcpy'. CWE-119
   92 |                                         strcpy(my_tcpip_address, com_argv[i + 1]);
      |                                         ^~~~~~
/home/matt/quakespasm/Quake/net_udp.c:106:25: warning: an assignment within an 'if' condition is bug-prone [bugprone-assignment-in-if-condition]
  106 |         if ((net_controlsocket = UDP_OpenSocket(0)) == INVALID_SOCKET)
      |              ~~~~~~~~~~~~~~~~~~^~~~~~~~~~~~~~~~~~~
/home/matt/quakespasm/Quake/net_udp.c:106:25: note: if it should be an assignment, move it out of the 'if' condition
/home/matt/quakespasm/Quake/net_udp.c:106:25: note: if it is meant to be an equality check, change '=' to '=='
/home/matt/quakespasm/Quake/net_udp.c:117:2: warning: Call to function 'strcpy' is insecure as it does not provide bounding of the memory buffer. Replace unbounded copy functions with analogous functions that support length arguments such as 'strlcpy'. CWE-119 [clang-analyzer-security.insecureAPI.strcpy]
  117 |         strcpy(my_tcpip_address, UDP_AddrToString (&addr));
      |         ^~~~~~
/home/matt/quakespasm/Quake/net_udp.c:117:2: note: Call to function 'strcpy' is insecure as it does not provide bounding of the memory buffer. Replace unbounded copy functions with analogous functions that support length arguments such as 'strlcpy'. CWE-119
  117 |         strcpy(my_tcpip_address, UDP_AddrToString (&addr));
      |         ^~~~~~
/home/matt/quakespasm/Quake/net_udp.c:144:25: warning: an assignment within an 'if' condition is bug-prone [bugprone-assignment-in-if-condition]
  144 |                 if ((net_acceptsocket = UDP_OpenSocket (net_hostport)) == INVALID_SOCKET)
      |                      ~~~~~~~~~~~~~~~~~^~~~~~~~~~~~~~~~~~~~~~~~~~~~~~~
/home/matt/quakespasm/Quake/net_udp.c:144:25: note: if it should be an assignment, move it out of the 'if' condition
/home/matt/quakespasm/Quake/net_udp.c:144:25: note: if it is meant to be an equality check, change '=' to '=='
/home/matt/quakespasm/Quake/net_udp.c:165:17: warning: an assignment within an 'if' condition is bug-prone [bugprone-assignment-in-if-condition]
  165 |         if ((newsocket = socket (PF_INET, SOCK_DGRAM, IPPROTO_UDP)) == INVALID_SOCKET)
      |              ~~~~~~~~~~^~~~~~~~~~~~~~~~~~~~~~~~~~~~~~~~~~~~~~~~~~~
/home/matt/quakespasm/Quake/net_udp.c:165:17: note: if it should be an assignment, move it out of the 'if' condition
/home/matt/quakespasm/Quake/net_udp.c:165:17: note: if it is meant to be an equality check, change '=' to '=='
/home/matt/quakespasm/Quake/net_udp.c:216:2: warning: Call to function 'strcpy' is insecure as it does not provide bounding of the memory buffer. Replace unbounded copy functions with analogous functions that support length arguments such as 'strlcpy'. CWE-119 [clang-analyzer-security.insecureAPI.strcpy]
  216 |         strcpy(buff+1, in);
      |         ^~~~~~
/home/matt/quakespasm/Quake/net_udp.c:216:2: note: Call to function 'strcpy' is insecure as it does not provide bounding of the memory buffer. Replace unbounded copy functions with analogous functions that support length arguments such as 'strlcpy'. CWE-119
  216 |         strcpy(buff+1, in);
      |         ^~~~~~
/home/matt/quakespasm/Quake/net_udp.c:242:10: warning: 'atoi' used to convert a string to an integer value, but function will not report conversion errors; consider using 'strtol' instead [cert-err34-c]
  242 |                 port = atoi(b);
      |                        ^
/home/matt/quakespasm/Quake/net_udp.c:381:2: warning: the value returned by this function should not be disregarded; neglecting it may lead to errors [cert-err33-c]
  381 |         sscanf(string, "%d.%d.%d.%d:%d", &ha1, &ha2, &ha3, &ha4, &hp);
      |         ^~~~~~~~~~~~~~~~~~~~~~~~~~~~~~~~~~~~~~~~~~~~~~~~~~~~~~~~~~~~~
/home/matt/quakespasm/Quake/net_udp.c:381:2: note: cast the expression to void to silence this warning
/home/matt/quakespasm/Quake/net_udp.c:381:2: warning: 'sscanf' used to convert a string to an integer value, but function will not report conversion errors; consider using 'strtol' instead [cert-err34-c]
  381 |         sscanf(string, "%d.%d.%d.%d:%d", &ha1, &ha2, &ha3, &ha4, &hp);
      |         ^
/home/matt/quakespasm/Quake/net_udp.c:422:2: warning: Call to function 'strcpy' is insecure as it does not provide bounding of the memory buffer. Replace unbounded copy functions with analogous functions that support length arguments such as 'strlcpy'. CWE-119 [clang-analyzer-security.insecureAPI.strcpy]
  422 |         strcpy (name, UDP_AddrToString (addr));
      |         ^~~~~~
/home/matt/quakespasm/Quake/net_udp.c:422:2: note: Call to function 'strcpy' is insecure as it does not provide bounding of the memory buffer. Replace unbounded copy functions with analogous functions that support length arguments such as 'strlcpy'. CWE-119
  422 |         strcpy (name, UDP_AddrToString (addr));
      |         ^~~~~~
/home/matt/quakespasm/Quake/net_udp.h:23:9: warning: declaration uses identifier '__net_udp_h', which is a reserved identifier [bugprone-reserved-identifier,cert-dcl37-c,cert-dcl51-cpp]
   23 | #define __net_udp_h
      |         ^~~~~~~~~~~
      |         _net_udp_h
/home/matt/quakespasm/Quake/net_wins.c:37:1: error: unknown type name 'WSADATA' [clang-diagnostic-error]
   37 | WSADATA         winsockdata;
      | ^
/home/matt/quakespasm/Quake/net_wins.c:38:9: warning: declaration uses identifier '__wsaerr_static', which is a reserved identifier [bugprone-reserved-identifier,cert-dcl37-c,cert-dcl51-cpp]
   38 | #define __wsaerr_static                 /* not static: used by net_wipx.c too */
      |         ^~~~~~~~~~~~~~~
      |         _wsaerr_static
/home/matt/quakespasm/Quake/net_wins.c:111:2: warning: the value returned by this function should not be disregarded; neglecting it may lead to errors [cert-err33-c]
  111 |         sprintf(my_tcpip_address, "%ld.%ld.%ld.%ld", (addr >> 24) & 0xff, (addr >> 16) & 0xff, (addr >> 8) & 0xff, addr & 0xff);
      |         ^~~~~~~~~~~~~~~~~~~~~~~~~~~~~~~~~~~~~~~~~~~~~~~~~~~~~~~~~~~~~~~~~~~~~~~~~~~~~~~~~~~~~~~~~~~~~~~~~~~~~~~~~~~~~~~~~~~~~~~
/home/matt/quakespasm/Quake/net_wins.c:111:2: note: cast the expression to void to silence this warning
/home/matt/quakespasm/Quake/net_wins.c:167:25: warning: an assignment within an 'if' condition is bug-prone [bugprone-assignment-in-if-condition]
  167 |         if ((net_controlsocket = WINS_OpenSocket(0)) == INVALID_SOCKET)
      |              ~~~~~~~~~~~~~~~~~~^~~~~~~~~~~~~~~~~~~~
/home/matt/quakespasm/Quake/net_wins.c:167:25: note: if it should be an assignment, move it out of the 'if' condition
/home/matt/quakespasm/Quake/net_wins.c:167:25: note: if it is meant to be an equality check, change '=' to '=='
/home/matt/quakespasm/Quake/net_wins.c:205:25: warning: an assignment within an 'if' condition is bug-prone [bugprone-assignment-in-if-condition]
  205 |                 if ((net_acceptsocket = WINS_OpenSocket (net_hostport)) == INVALID_SOCKET)
      |                      ~~~~~~~~~~~~~~~~~^~~~~~~~~~~~~~~~~~~~~~~~~~~~~~~~
/home/matt/quakespasm/Quake/net_wins.c:205:25: note: if it should be an assignment, move it out of the 'if' condition
/home/matt/quakespasm/Quake/net_wins.c:205:25: note: if it is meant to be an equality check, change '=' to '=='
/home/matt/quakespasm/Quake/net_wins.c:226:17: warning: an assignment within an 'if' condition is bug-prone [bugprone-assignment-in-if-condition]
  226 |         if ((newsocket = socket (PF_INET, SOCK_DGRAM, IPPROTO_UDP)) == INVALID_SOCKET)
      |              ~~~~~~~~~~^~~~~~~~~~~~~~~~~~~~~~~~~~~~~~~~~~~~~~~~~~~
/home/matt/quakespasm/Quake/net_wins.c:226:17: note: if it should be an assignment, move it out of the 'if' condition
/home/matt/quakespasm/Quake/net_wins.c:226:17: note: if it is meant to be an equality check, change '=' to '=='
/home/matt/quakespasm/Quake/net_wins.c:434:2: warning: the value returned by this function should not be disregarded; neglecting it may lead to errors [cert-err33-c]
  434 |         sprintf(buffer, "%d.%d.%d.%d:%d", (haddr >> 24) & 0xff,
      |         ^~~~~~~~~~~~~~~~~~~~~~~~~~~~~~~~~~~~~~~~~~~~~~~~~~~~~~~
  435 |                           (haddr >> 16) & 0xff, (haddr >> 8) & 0xff, haddr & 0xff,
      |                           ~~~~~~~~~~~~~~~~~~~~~~~~~~~~~~~~~~~~~~~~~~~~~~~~~~~~~~~~
  436 |                           ntohs(((struct sockaddr_in *)addr)->sin_port));
      |                           ~~~~~~~~~~~~~~~~~~~~~~~~~~~~~~~~~~~~~~~~~~~~~~
/home/matt/quakespasm/Quake/net_wins.c:434:2: note: cast the expression to void to silence this warning
/home/matt/quakespasm/Quake/net_wins.c:446:2: warning: the value returned by this function should not be disregarded; neglecting it may lead to errors [cert-err33-c]
  446 |         sscanf(string, "%d.%d.%d.%d:%d", &ha1, &ha2, &ha3, &ha4, &hp);
      |         ^~~~~~~~~~~~~~~~~~~~~~~~~~~~~~~~~~~~~~~~~~~~~~~~~~~~~~~~~~~~~
/home/matt/quakespasm/Quake/net_wins.c:446:2: note: cast the expression to void to silence this warning
/home/matt/quakespasm/Quake/net_wins.c:446:2: warning: 'sscanf' used to convert a string to an integer value, but function will not report conversion errors; consider using 'strtol' instead [cert-err34-c]
  446 |         sscanf(string, "%d.%d.%d.%d:%d", &ha1, &ha2, &ha3, &ha4, &hp);
      |         ^
/home/matt/quakespasm/Quake/net_wins.h:23:9: warning: declaration uses identifier '__NET_WINSOCK_H', which is a reserved identifier [bugprone-reserved-identifier,cert-dcl37-c,cert-dcl51-cpp]
   23 | #define __NET_WINSOCK_H
      |         ^~~~~~~~~~~~~~~
      |         NET_WINSOCK_H
/home/matt/quakespasm/Quake/net_wipx.c:27:10: error: 'wsipx.h' file not found [clang-diagnostic-error]
   27 | #include <wsipx.h>
      |          ^~~~~~~~~
/home/matt/quakespasm/Quake/net_wipx.c:41:20: warning: declaration uses identifier '__WSAE_StrError', which is a reserved identifier [bugprone-reserved-identifier,cert-dcl37-c,cert-dcl51-cpp]
   41 | extern const char *__WSAE_StrError (int);
      |                    ^~~~~~~~~~~~~~~
      |                    WSAE_StrError
/home/matt/quakespasm/Quake/net_wipx.c:86:25: warning: an assignment within an 'if' condition is bug-prone [bugprone-assignment-in-if-condition]
   86 |         if ((net_controlsocket = WIPX_OpenSocket(0)) == INVALID_SOCKET)
      |              ~~~~~~~~~~~~~~~~~~^~~~~~~~~~~~~~~~~~~~
/home/matt/quakespasm/Quake/net_wipx.c:86:25: note: if it should be an assignment, move it out of the 'if' condition
/home/matt/quakespasm/Quake/net_wipx.c:86:25: note: if it is meant to be an equality check, change '=' to '=='
/home/matt/quakespasm/Quake/net_wipx.c:130:25: warning: an assignment within an 'if' condition is bug-prone [bugprone-assignment-in-if-condition]
  130 |                 if ((net_acceptsocket = WIPX_OpenSocket (net_hostport)) == INVALID_SOCKET)
      |                      ~~~~~~~~~~~~~~~~~^~~~~~~~~~~~~~~~~~~~~~~~~~~~~~~~
/home/matt/quakespasm/Quake/net_wipx.c:130:25: note: if it should be an assignment, move it out of the 'if' condition
/home/matt/quakespasm/Quake/net_wipx.c:130:25: note: if it is meant to be an equality check, change '=' to '=='
/home/matt/quakespasm/Quake/net_wipx.c:307:2: warning: the value returned by this function should not be disregarded; neglecting it may lead to errors [cert-err33-c]
  307 |         sprintf(buf, "%02x%02x%02x%02x:%02x%02x%02x%02x%02x%02x:%u",
      |         ^~~~~~~~~~~~~~~~~~~~~~~~~~~~~~~~~~~~~~~~~~~~~~~~~~~~~~~~~~~~
  308 |                 ((struct sockaddr_ipx *)addr)->sa_netnum[0] & 0xff,
      |                 ~~~~~~~~~~~~~~~~~~~~~~~~~~~~~~~~~~~~~~~~~~~~~~~~~~~
  309 |                 ((struct sockaddr_ipx *)addr)->sa_netnum[1] & 0xff,
      |                 ~~~~~~~~~~~~~~~~~~~~~~~~~~~~~~~~~~~~~~~~~~~~~~~~~~~
  310 |                 ((struct sockaddr_ipx *)addr)->sa_netnum[2] & 0xff,
      |                 ~~~~~~~~~~~~~~~~~~~~~~~~~~~~~~~~~~~~~~~~~~~~~~~~~~~
  311 |                 ((struct sockaddr_ipx *)addr)->sa_netnum[3] & 0xff,
      |                 ~~~~~~~~~~~~~~~~~~~~~~~~~~~~~~~~~~~~~~~~~~~~~~~~~~~
  312 |                 ((struct sockaddr_ipx *)addr)->sa_nodenum[0] & 0xff,
      |                 ~~~~~~~~~~~~~~~~~~~~~~~~~~~~~~~~~~~~~~~~~~~~~~~~~~~~
  313 |                 ((struct sockaddr_ipx *)addr)->sa_nodenum[1] & 0xff,
      |                 ~~~~~~~~~~~~~~~~~~~~~~~~~~~~~~~~~~~~~~~~~~~~~~~~~~~~
  314 |                 ((struct sockaddr_ipx *)addr)->sa_nodenum[2] & 0xff,
      |                 ~~~~~~~~~~~~~~~~~~~~~~~~~~~~~~~~~~~~~~~~~~~~~~~~~~~~
  315 |                 ((struct sockaddr_ipx *)addr)->sa_nodenum[3] & 0xff,
      |                 ~~~~~~~~~~~~~~~~~~~~~~~~~~~~~~~~~~~~~~~~~~~~~~~~~~~~
  316 |                 ((struct sockaddr_ipx *)addr)->sa_nodenum[4] & 0xff,
      |                 ~~~~~~~~~~~~~~~~~~~~~~~~~~~~~~~~~~~~~~~~~~~~~~~~~~~~
  317 |                 ((struct sockaddr_ipx *)addr)->sa_nodenum[5] & 0xff,
      |                 ~~~~~~~~~~~~~~~~~~~~~~~~~~~~~~~~~~~~~~~~~~~~~~~~~~~~
  318 |                 ntohs(((struct sockaddr_ipx *)addr)->sa_socket)
      |                 ~~~~~~~~~~~~~~~~~~~~~~~~~~~~~~~~~~~~~~~~~~~~~~~
  319 |                 );
      |                 ~
/home/matt/quakespasm/Quake/net_wipx.c:307:2: note: cast the expression to void to silence this warning
/home/matt/quakespasm/Quake/net_wipx.c:336:18: warning: macro argument should be enclosed in parentheses [bugprone-macro-parentheses]
  336 |         buf[1] = string[src + 1];                       \
      |                         ^
      |                         (  )
/home/matt/quakespasm/Quake/net_wipx.c:342:2: warning: 'sscanf' used to convert a string to an unsigned integer value, but function will not report conversion errors; consider using 'strtoul' instead [cert-err34-c]
  342 |         DO(0, sa_netnum[0]);
      |         ^
/home/matt/quakespasm/Quake/net_wipx.c:337:6: note: expanded from macro 'DO'
  337 |         if (sscanf (buf, "%x", &val) != 1)              \
      |             ^
/home/matt/quakespasm/Quake/net_wipx.c:343:2: warning: 'sscanf' used to convert a string to an unsigned integer value, but function will not report conversion errors; consider using 'strtoul' instead [cert-err34-c]
  343 |         DO(2, sa_netnum[1]);
      |         ^
/home/matt/quakespasm/Quake/net_wipx.c:337:6: note: expanded from macro 'DO'
  337 |         if (sscanf (buf, "%x", &val) != 1)              \
      |             ^
/home/matt/quakespasm/Quake/net_wipx.c:344:2: warning: 'sscanf' used to convert a string to an unsigned integer value, but function will not report conversion errors; consider using 'strtoul' instead [cert-err34-c]
  344 |         DO(4, sa_netnum[2]);
      |         ^
/home/matt/quakespasm/Quake/net_wipx.c:337:6: note: expanded from macro 'DO'
  337 |         if (sscanf (buf, "%x", &val) != 1)              \
      |             ^
/home/matt/quakespasm/Quake/net_wipx.c:345:2: warning: 'sscanf' used to convert a string to an unsigned integer value, but function will not report conversion errors; consider using 'strtoul' instead [cert-err34-c]
  345 |         DO(6, sa_netnum[3]);
      |         ^
/home/matt/quakespasm/Quake/net_wipx.c:337:6: note: expanded from macro 'DO'
  337 |         if (sscanf (buf, "%x", &val) != 1)              \
      |             ^
/home/matt/quakespasm/Quake/net_wipx.c:346:2: warning: 'sscanf' used to convert a string to an unsigned integer value, but function will not report conversion errors; consider using 'strtoul' instead [cert-err34-c]
  346 |         DO(9, sa_nodenum[0]);
      |         ^
/home/matt/quakespasm/Quake/net_wipx.c:337:6: note: expanded from macro 'DO'
  337 |         if (sscanf (buf, "%x", &val) != 1)              \
      |             ^
/home/matt/quakespasm/Quake/net_wipx.c:347:2: warning: 'sscanf' used to convert a string to an unsigned integer value, but function will not report conversion errors; consider using 'strtoul' instead [cert-err34-c]
  347 |         DO(11, sa_nodenum[1]);
      |         ^
/home/matt/quakespasm/Quake/net_wipx.c:337:6: note: expanded from macro 'DO'
  337 |         if (sscanf (buf, "%x", &val) != 1)              \
      |             ^
/home/matt/quakespasm/Quake/net_wipx.c:348:2: warning: 'sscanf' used to convert a string to an unsigned integer value, but function will not report conversion errors; consider using 'strtoul' instead [cert-err34-c]
  348 |         DO(13, sa_nodenum[2]);
      |         ^
/home/matt/quakespasm/Quake/net_wipx.c:337:6: note: expanded from macro 'DO'
  337 |         if (sscanf (buf, "%x", &val) != 1)              \
      |             ^
/home/matt/quakespasm/Quake/net_wipx.c:349:2: warning: 'sscanf' used to convert a string to an unsigned integer value, but function will not report conversion errors; consider using 'strtoul' instead [cert-err34-c]
  349 |         DO(15, sa_nodenum[3]);
      |         ^
/home/matt/quakespasm/Quake/net_wipx.c:337:6: note: expanded from macro 'DO'
  337 |         if (sscanf (buf, "%x", &val) != 1)              \
      |             ^
/home/matt/quakespasm/Quake/net_wipx.c:350:2: warning: 'sscanf' used to convert a string to an unsigned integer value, but function will not report conversion errors; consider using 'strtoul' instead [cert-err34-c]
  350 |         DO(17, sa_nodenum[4]);
      |         ^
/home/matt/quakespasm/Quake/net_wipx.c:337:6: note: expanded from macro 'DO'
  337 |         if (sscanf (buf, "%x", &val) != 1)              \
      |             ^
/home/matt/quakespasm/Quake/net_wipx.c:351:2: warning: 'sscanf' used to convert a string to an unsigned integer value, but function will not report conversion errors; consider using 'strtoul' instead [cert-err34-c]
  351 |         DO(19, sa_nodenum[5]);
      |         ^
/home/matt/quakespasm/Quake/net_wipx.c:337:6: note: expanded from macro 'DO'
  337 |         if (sscanf (buf, "%x", &val) != 1)              \
      |             ^
/home/matt/quakespasm/Quake/net_wipx.c:354:2: warning: the value returned by this function should not be disregarded; neglecting it may lead to errors [cert-err33-c]
  354 |         sscanf (&string[22], "%u", &val);
      |         ^~~~~~~~~~~~~~~~~~~~~~~~~~~~~~~~
/home/matt/quakespasm/Quake/net_wipx.c:354:2: note: cast the expression to void to silence this warning
/home/matt/quakespasm/Quake/net_wipx.c:354:2: warning: 'sscanf' used to convert a string to an unsigned integer value, but function will not report conversion errors; consider using 'strtoul' instead [cert-err34-c]
  354 |         sscanf (&string[22], "%u", &val);
      |         ^
/home/matt/quakespasm/Quake/net_wipx.c:397:3: warning: the value returned by this function should not be disregarded; neglecting it may lead to errors [cert-err33-c]
  397 |                 sprintf(buf, "00000000:%s:%u", name, net_hostport);
      |                 ^~~~~~~~~~~~~~~~~~~~~~~~~~~~~~~~~~~~~~~~~~~~~~~~~~
/home/matt/quakespasm/Quake/net_wipx.c:397:3: note: cast the expression to void to silence this warning
/home/matt/quakespasm/Quake/net_wipx.c:402:3: warning: the value returned by this function should not be disregarded; neglecting it may lead to errors [cert-err33-c]
  402 |                 sprintf(buf, "%s:%u", name, net_hostport);
      |                 ^~~~~~~~~~~~~~~~~~~~~~~~~~~~~~~~~~~~~~~~~
/home/matt/quakespasm/Quake/net_wipx.c:402:3: note: cast the expression to void to silence this warning
/home/matt/quakespasm/Quake/net_wipx.h:23:9: warning: declaration uses identifier '__NET_WINIPX_H', which is a reserved identifier [bugprone-reserved-identifier,cert-dcl37-c,cert-dcl51-cpp]
   23 | #define __NET_WINIPX_H
      |         ^~~~~~~~~~~~~~
      |         NET_WINIPX_H
/home/matt/quakespasm/Quake/pl_win.c:25:10: error: 'windows.h' file not found [clang-diagnostic-error]
   25 | #include <windows.h>
      |          ^~~~~~~~~~~
/home/matt/quakespasm/Quake/platform.h:25:9: warning: declaration uses identifier '_QUAKE_PLATFORM_H', which is a reserved identifier [bugprone-reserved-identifier,cert-dcl37-c,cert-dcl51-cpp]
   25 | #define _QUAKE_PLATFORM_H
      |         ^~~~~~~~~~~~~~~~~
      |         QUAKE_PLATFORM_H
/home/matt/quakespasm/Quake/pr_cmds.c:544:9: warning: rand() has limited randomness [cert-msc30-c,cert-msc50-cpp]
  544 |         num = (rand() & 0x7fff) / ((float)0x7fff);
      |                ^
/home/matt/quakespasm/Quake/pr_cmds.c:680:3: warning: integer to pointer cast pessimizes optimization opportunities [performance-no-int-to-ptr]
  680 |         *(int *)-4 = 0; // dump to debugger
      |          ^
/home/matt/quakespasm/Quake/pr_cmds.c:803:23: warning: 'checkpvs' may be set to null if 'realloc' fails, which may result in a leak of the original buffer [bugprone-suspicious-realloc-usage]
  803 |                 checkpvs = (byte *) realloc (checkpvs, checkpvs_capacity);
      |                 ~~~~~~~~            ^        ~~~~~~~~
/home/matt/quakespasm/Quake/pr_cmds.c:1016:3: warning: the value returned by this function should not be disregarded; neglecting it may lead to errors [cert-err33-c]
 1016 |                 sprintf (s, "%d",(int)v);
      |                 ^~~~~~~~~~~~~~~~~~~~~~~~
/home/matt/quakespasm/Quake/pr_cmds.c:1016:3: note: cast the expression to void to silence this warning
/home/matt/quakespasm/Quake/pr_cmds.c:1018:3: warning: the value returned by this function should not be disregarded; neglecting it may lead to errors [cert-err33-c]
 1018 |                 sprintf (s, "%5.1f",v);
      |                 ^~~~~~~~~~~~~~~~~~~~~~
/home/matt/quakespasm/Quake/pr_cmds.c:1018:3: note: cast the expression to void to silence this warning
/home/matt/quakespasm/Quake/pr_cmds.c:1034:2: warning: the value returned by this function should not be disregarded; neglecting it may lead to errors [cert-err33-c]
 1034 |         sprintf (s, "'%5.1f %5.1f %5.1f'", G_VECTOR(OFS_PARM0)[0], G_VECTOR(OFS_PARM0)[1], G_VECTOR(OFS_PARM0)[2]);
      |         ^~~~~~~~~~~~~~~~~~~~~~~~~~~~~~~~~~~~~~~~~~~~~~~~~~~~~~~~~~~~~~~~~~~~~~~~~~~~~~~~~~~~~~~~~~~~~~~~~~~~~~~~~~
/home/matt/quakespasm/Quake/pr_cmds.c:1034:2: note: cast the expression to void to silence this warning
/home/matt/quakespasm/Quake/pr_comp.h:23:9: warning: declaration uses identifier '__PR_COMP_H', which is a reserved identifier [bugprone-reserved-identifier,cert-dcl37-c,cert-dcl51-cpp]
   23 | #define __PR_COMP_H
      |         ^~~~~~~~~~~
      |         PR_COMP_H
/home/matt/quakespasm/Quake/pr_comp.h:30:9: warning: initial values in enum '<unnamed>' are not consistent, consider explicit initialization of all, none or only the first enumerator [cert-int09-c,readability-enum-initial-value]
   30 | typedef enum
      |         ^
   31 | {
   32 |         ev_bad = -1,
   33 |         ev_void = 0,
   34 |         ev_string,
      |                  
      |                   = 1
   35 |         ev_float,
      |                 
      |                  = 2
   36 |         ev_vector,
      |                  
      |                   = 3
   37 |         ev_entity,
      |                  
      |                   = 4
   38 |         ev_field,
      |                 
      |                  = 5
   39 |         ev_function,
      |                    
      |                     = 6
   40 |         ev_pointer
      |                   
      |                    = 7
/home/matt/quakespasm/Quake/pr_edict.c:96:20: warning: performing an implicit widening conversion to type 'unsigned long' of a multiplication performed in type 'int' [bugprone-implicit-widening-of-multiplication-result]
   96 |         memset (&e->v, 0, progs->entityfields * 4);
      |                           ^
/home/matt/quakespasm/Quake/pr_edict.c:96:20: note: make conversion explicit to silence this warning
   24 |         memset (&e->v, 0, progs->entityfields * 4);
      |                           ^~~~~~~~~~~~~~~~~~~~~~~
      |                           (unsigned long)(       )
/home/matt/quakespasm/Quake/pr_edict.c:96:20: note: perform multiplication in a wider type
   96 |         memset (&e->v, 0, progs->entityfields * 4);
      |                           ^~~~~~~~~~~~~~~~~~~
      |                           (long)
/home/matt/quakespasm/Quake/pr_edict.c:292:3: warning: Call to function 'strcpy' is insecure as it does not provide bounding of the memory buffer. Replace unbounded copy functions with analogous functions that support length arguments such as 'strlcpy'. CWE-119 [clang-analyzer-security.insecureAPI.strcpy]
  292 |                 strcpy (gefvCache[rep].field, field);
      |                 ^~~~~~
/home/matt/quakespasm/Quake/pr_edict.c:292:3: note: Call to function 'strcpy' is insecure as it does not provide bounding of the memory buffer. Replace unbounded copy functions with analogous functions that support length arguments such as 'strlcpy'. CWE-119
  292 |                 strcpy (gefvCache[rep].field, field);
      |                 ^~~~~~
/home/matt/quakespasm/Quake/pr_edict.c:300:20: warning: result of multiplication in type 'int' is used as a pointer offset after an implicit widening conversion to type 'ptrdiff_t' [bugprone-implicit-widening-of-multiplication-result]
  300 |         return (eval_t *)((char *)&ed->v + def->ofs*4);
      |                           ^
/home/matt/quakespasm/Quake/pr_edict.c:300:37: note: make conversion explicit to silence this warning
  300 |         return (eval_t *)((char *)&ed->v + def->ofs*4);
      |                                            ^~~~~~~~~~
      |                                            (ptrdiff_t)( )
/home/matt/quakespasm/Quake/pr_edict.c:300:37: note: perform multiplication in a wider type
  300 |         return (eval_t *)((char *)&ed->v + def->ofs*4);
      |                                            ^~~~~~~~
      |                                            (ptrdiff_t)
/home/matt/quakespasm/Quake/pr_edict.c:439:3: warning: Call to function 'strcat' is insecure as it does not provide bounding of the memory buffer. Replace unbounded copy functions with analogous functions that support length arguments such as 'strlcat'. CWE-119 [clang-analyzer-security.insecureAPI.strcpy]
  439 |                 strcat (line, " ");
      |                 ^~~~~~
/home/matt/quakespasm/Quake/pr_edict.c:439:3: note: Call to function 'strcat' is insecure as it does not provide bounding of the memory buffer. Replace unbounded copy functions with analogous functions that support length arguments such as 'strlcat'. CWE-119
  439 |                 strcat (line, " ");
      |                 ^~~~~~
/home/matt/quakespasm/Quake/pr_edict.c:442:3: warning: Call to function 'strcat' is insecure as it does not provide bounding of the memory buffer. Replace unbounded copy functions with analogous functions that support length arguments such as 'strlcat'. CWE-119 [clang-analyzer-security.insecureAPI.strcpy]
  442 |                 strcat (line, " ");
      |                 ^~~~~~
/home/matt/quakespasm/Quake/pr_edict.c:442:3: note: Call to function 'strcat' is insecure as it does not provide bounding of the memory buffer. Replace unbounded copy functions with analogous functions that support length arguments such as 'strlcat'. CWE-119
  442 |                 strcat (line, " ");
      |                 ^~~~~~
/home/matt/quakespasm/Quake/pr_edict.c:464:3: warning: Call to function 'strcat' is insecure as it does not provide bounding of the memory buffer. Replace unbounded copy functions with analogous functions that support length arguments such as 'strlcat'. CWE-119 [clang-analyzer-security.insecureAPI.strcpy]
  464 |                 strcat (line, " ");
      |                 ^~~~~~
/home/matt/quakespasm/Quake/pr_edict.c:464:3: note: Call to function 'strcat' is insecure as it does not provide bounding of the memory buffer. Replace unbounded copy functions with analogous functions that support length arguments such as 'strlcat'. CWE-119
  464 |                 strcat (line, " ");
      |                 ^~~~~~
/home/matt/quakespasm/Quake/pr_edict.c:467:3: warning: Call to function 'strcat' is insecure as it does not provide bounding of the memory buffer. Replace unbounded copy functions with analogous functions that support length arguments such as 'strlcat'. CWE-119 [clang-analyzer-security.insecureAPI.strcpy]
  467 |                 strcat (line, " ");
      |                 ^~~~~~
/home/matt/quakespasm/Quake/pr_edict.c:467:3: note: Call to function 'strcat' is insecure as it does not provide bounding of the memory buffer. Replace unbounded copy functions with analogous functions that support length arguments such as 'strlcat'. CWE-119
  467 |                 strcat (line, " ");
      |                 ^~~~~~
/home/matt/quakespasm/Quake/pr_edict.c:505:15: warning: result of multiplication in type 'int' is used as a pointer offset after an implicit widening conversion to type 'ptrdiff_t' [bugprone-implicit-widening-of-multiplication-result]
  505 |                 v = (int *)((char *)&ed->v + d->ofs*4);
      |                             ^
/home/matt/quakespasm/Quake/pr_edict.c:505:32: note: make conversion explicit to silence this warning
  505 |                 v = (int *)((char *)&ed->v + d->ofs*4);
      |                                              ^~~~~~~~
      |                                              (ptrdiff_t)( )
/home/matt/quakespasm/Quake/pr_edict.c:505:32: note: perform multiplication in a wider type
  505 |                 v = (int *)((char *)&ed->v + d->ofs*4);
      |                                              ^~~~~~
      |                                              (ptrdiff_t)
/home/matt/quakespasm/Quake/pr_edict.c:544:2: warning: the value returned by this function should not be disregarded; neglecting it may lead to errors [cert-err33-c]
  544 |         fprintf (f, "{\n");
      |         ^~~~~~~~~~~~~~~~~~
/home/matt/quakespasm/Quake/pr_edict.c:544:2: note: cast the expression to void to silence this warning
/home/matt/quakespasm/Quake/pr_edict.c:548:3: warning: the value returned by this function should not be disregarded; neglecting it may lead to errors [cert-err33-c]
  548 |                 fprintf (f, "}\n");
      |                 ^~~~~~~~~~~~~~~~~~
/home/matt/quakespasm/Quake/pr_edict.c:548:3: note: cast the expression to void to silence this warning
/home/matt/quakespasm/Quake/pr_edict.c:560:15: warning: result of multiplication in type 'int' is used as a pointer offset after an implicit widening conversion to type 'ptrdiff_t' [bugprone-implicit-widening-of-multiplication-result]
  560 |                 v = (int *)((char *)&ed->v + d->ofs*4);
      |                             ^
/home/matt/quakespasm/Quake/pr_edict.c:560:32: note: make conversion explicit to silence this warning
  560 |                 v = (int *)((char *)&ed->v + d->ofs*4);
      |                                              ^~~~~~~~
      |                                              (ptrdiff_t)( )
/home/matt/quakespasm/Quake/pr_edict.c:560:32: note: perform multiplication in a wider type
  560 |                 v = (int *)((char *)&ed->v + d->ofs*4);
      |                                              ^~~~~~
      |                                              (ptrdiff_t)
/home/matt/quakespasm/Quake/pr_edict.c:576:3: warning: the value returned by this function should not be disregarded; neglecting it may lead to errors [cert-err33-c]
  576 |                 fprintf (f, "\"%s\" ", name);
      |                 ^~~~~~~~~~~~~~~~~~~~~~~~~~~~
/home/matt/quakespasm/Quake/pr_edict.c:576:3: note: cast the expression to void to silence this warning
/home/matt/quakespasm/Quake/pr_edict.c:577:3: warning: the value returned by this function should not be disregarded; neglecting it may lead to errors [cert-err33-c]
  577 |                 fprintf (f, "\"%s\"\n", PR_UglyValueString(d->type, (eval_t *)v));
      |                 ^~~~~~~~~~~~~~~~~~~~~~~~~~~~~~~~~~~~~~~~~~~~~~~~~~~~~~~~~~~~~~~~~
/home/matt/quakespasm/Quake/pr_edict.c:577:3: note: cast the expression to void to silence this warning
/home/matt/quakespasm/Quake/pr_edict.c:582:3: warning: the value returned by this function should not be disregarded; neglecting it may lead to errors [cert-err33-c]
  582 |                 fprintf (f, "\"alpha\" \"%f\"\n", ENTALPHA_TOSAVE(ed->alpha));
      |                 ^~~~~~~~~~~~~~~~~~~~~~~~~~~~~~~~~~~~~~~~~~~~~~~~~~~~~~~~~~~~~
/home/matt/quakespasm/Quake/pr_edict.c:582:3: note: cast the expression to void to silence this warning
/home/matt/quakespasm/Quake/pr_edict.c:585:2: warning: the value returned by this function should not be disregarded; neglecting it may lead to errors [cert-err33-c]
  585 |         fprintf (f, "}\n");
      |         ^~~~~~~~~~~~~~~~~~
/home/matt/quakespasm/Quake/pr_edict.c:585:2: note: cast the expression to void to silence this warning
/home/matt/quakespasm/Quake/pr_edict.c:694:2: warning: the value returned by this function should not be disregarded; neglecting it may lead to errors [cert-err33-c]
  694 |         fprintf (f, "{\n");
      |         ^~~~~~~~~~~~~~~~~~
/home/matt/quakespasm/Quake/pr_edict.c:694:2: note: cast the expression to void to silence this warning
/home/matt/quakespasm/Quake/pr_edict.c:707:3: warning: the value returned by this function should not be disregarded; neglecting it may lead to errors [cert-err33-c]
  707 |                 fprintf (f, "\"%s\" ", name);
      |                 ^~~~~~~~~~~~~~~~~~~~~~~~~~~~
/home/matt/quakespasm/Quake/pr_edict.c:707:3: note: cast the expression to void to silence this warning
/home/matt/quakespasm/Quake/pr_edict.c:708:3: warning: the value returned by this function should not be disregarded; neglecting it may lead to errors [cert-err33-c]
  708 |                 fprintf (f, "\"%s\"\n", PR_UglyValueString(type, (eval_t *)&pr_globals[def->ofs]));
      |                 ^~~~~~~~~~~~~~~~~~~~~~~~~~~~~~~~~~~~~~~~~~~~~~~~~~~~~~~~~~~~~~~~~~~~~~~~~~~~~~~~~~
/home/matt/quakespasm/Quake/pr_edict.c:708:3: note: cast the expression to void to silence this warning
/home/matt/quakespasm/Quake/pr_edict.c:710:2: warning: the value returned by this function should not be disregarded; neglecting it may lead to errors [cert-err33-c]
  710 |         fprintf (f, "}\n");
      |         ^~~~~~~~~~~~~~~~~~
/home/matt/quakespasm/Quake/pr_edict.c:710:2: note: cast the expression to void to silence this warning
/home/matt/quakespasm/Quake/pr_edict.c:817:17: warning: 'atof' used to convert a string to a floating-point value, but function will not report conversion errors; consider using 'strtod' instead [cert-err34-c]
  817 |                 *(float *)d = atof (s);
      |                               ^
/home/matt/quakespasm/Quake/pr_edict.c:832:22: warning: 'atof' used to convert a string to a floating-point value, but function will not report conversion errors; consider using 'strtod' instead [cert-err34-c]
  832 |                         ((float *)d)[i] = atof (w);
      |                                           ^
/home/matt/quakespasm/Quake/pr_edict.c:846:39: warning: 'atoi' used to convert a string to an integer value, but function will not report conversion errors; consider using 'strtol' instead [cert-err34-c]
  846 |                 *(int *)d = EDICT_TO_PROG(EDICT_NUM(atoi (s)));
      |                                                     ^
/home/matt/quakespasm/Quake/pr_edict.c:854:8: warning: function 'strncmp' is called without explicitly comparing result [bugprone-suspicious-string-compare]
  854 |                         if (strncmp(s, "sky", 3) && strcmp(s, "fog"))
      |                             ^
      |                                                  != 0
/home/matt/quakespasm/Quake/pr_edict.c:897:23: warning: performing an implicit widening conversion to type 'unsigned long' of a multiplication performed in type 'int' [bugprone-implicit-widening-of-multiplication-result]
  897 |                 memset (&ent->v, 0, progs->entityfields * 4);
      |                                     ^
/home/matt/quakespasm/Quake/pr_edict.c:897:23: note: make conversion explicit to silence this warning
  897 |                 memset (&ent->v, 0, progs->entityfields * 4);
      |                                     ^~~~~~~~~~~~~~~~~~~~~~~
      |                                     (unsigned long)(       )
/home/matt/quakespasm/Quake/pr_edict.c:897:23: note: perform multiplication in a wider type
  897 |                 memset (&ent->v, 0, progs->entityfields * 4);
      |                                     ^~~~~~~~~~~~~~~~~~~
      |                                     (long)
/home/matt/quakespasm/Quake/pr_edict.c:960:8: warning: function 'strncmp' is called without explicitly comparing result [bugprone-suspicious-string-compare]
  960 |                         if (strncmp(keyname, "sky", 3) && strcmp(keyname, "fog") && strcmp(keyname, "alpha"))
      |                             ^
      |                                                        != 0
/home/matt/quakespasm/Quake/pr_edict.c:960:64: warning: function 'strcmp' is called without explicitly comparing result [bugprone-suspicious-string-compare]
  960 |                         if (strncmp(keyname, "sky", 3) && strcmp(keyname, "fog") && strcmp(keyname, "alpha"))
      |                                                                                     ^                       
      |                                                                                                              != 0
/home/matt/quakespasm/Quake/pr_edict.c:968:4: warning: Call to function 'strcpy' is insecure as it does not provide bounding of the memory buffer. Replace unbounded copy functions with analogous functions that support length arguments such as 'strlcpy'. CWE-119 [clang-analyzer-security.insecureAPI.strcpy]
  968 |                         strcpy (temp, com_token);
      |                         ^~~~~~
/home/matt/quakespasm/Quake/pr_edict.c:968:4: note: Call to function 'strcpy' is insecure as it does not provide bounding of the memory buffer. Replace unbounded copy functions with analogous functions that support length arguments such as 'strlcpy'. CWE-119
  968 |                         strcpy (temp, com_token);
      |                         ^~~~~~
/home/matt/quakespasm/Quake/pr_edict.c:969:4: warning: the value returned by this function should not be disregarded; neglecting it may lead to errors [cert-err33-c]
  969 |                         sprintf (com_token, "0 %s 0", temp);
      |                         ^~~~~~~~~~~~~~~~~~~~~~~~~~~~~~~~~~~
/home/matt/quakespasm/Quake/pr_edict.c:969:4: note: cast the expression to void to silence this warning
/home/matt/quakespasm/Quake/pr_edict.c:1267:18: warning: performing an implicit widening conversion to type 'unsigned long' of a multiplication performed in type 'int' [bugprone-implicit-widening-of-multiplication-result]
 1267 |         pr_edict_size = progs->entityfields * 4 + sizeof(edict_t) - sizeof(entvars_t);
      |                         ^
/home/matt/quakespasm/Quake/pr_edict.c:1267:18: note: make conversion explicit to silence this warning
 1267 |         pr_edict_size = progs->entityfields * 4 + sizeof(edict_t) - sizeof(entvars_t);
      |                         ^~~~~~~~~~~~~~~~~~~~~~~
      |                         (unsigned long)(       )
/home/matt/quakespasm/Quake/pr_edict.c:1267:18: note: perform multiplication in a wider type
 1267 |         pr_edict_size = progs->entityfields * 4 + sizeof(edict_t) - sizeof(entvars_t);
      |                         ^~~~~~~~~~~~~~~~~~~
      |                         (long)
/home/matt/quakespasm/Quake/pr_edict.c:1320:21: warning: result of multiplication in type 'int' is used as a pointer offset after an implicit widening conversion to type 'ptrdiff_t' [bugprone-implicit-widening-of-multiplication-result]
 1320 |         return (edict_t *)((byte *)sv.edicts + (n)*pr_edict_size);
      |                            ^
/home/matt/quakespasm/Quake/pr_edict.c:1320:41: note: make conversion explicit to silence this warning
 1320 |         return (edict_t *)((byte *)sv.edicts + (n)*pr_edict_size);
      |                                                ^~~~~~~~~~~~~~~~~
      |                                                (ptrdiff_t)(     )
/home/matt/quakespasm/Quake/pr_edict.c:1320:41: note: perform multiplication in a wider type
 1320 |         return (edict_t *)((byte *)sv.edicts + (n)*pr_edict_size);
      |                                                ^~~
      |                                                (ptrdiff_t)
/home/matt/quakespasm/Quake/pr_exec.c:508:17: warning: function 'strcmp' has suspicious implicit cast [bugprone-suspicious-string-compare]
  508 |                 OPC->_float = strcmp(PR_GetString(OPA->string), PR_GetString(OPB->string));
      |                               ^
/home/matt/quakespasm/Quake/progdefs.h:23:9: warning: declaration uses identifier '__PROGDEFS_H', which is a reserved identifier [bugprone-reserved-identifier,cert-dcl37-c,cert-dcl51-cpp]
   23 | #define __PROGDEFS_H
      |         ^~~~~~~~~~~~
      |         PROGDEFS_H
/home/matt/quakespasm/Quake/progs.h:104:46: warning: macro argument should be enclosed in parentheses [bugprone-macro-parentheses]
  104 | #define NEXT_EDICT(e)           ((edict_t *)( (byte *)e + pr_edict_size))
      |                                                       ^
      |                                                       ()
/home/matt/quakespasm/Quake/progs.h:106:40: warning: macro argument should be enclosed in parentheses [bugprone-macro-parentheses]
  106 | #define EDICT_TO_PROG(e)        (int)((byte *)e - (byte *)sv.edicts)
      |                                               ^
      |                                               ()
/home/matt/quakespasm/Quake/progs.h:107:59: warning: macro argument should be enclosed in parentheses [bugprone-macro-parentheses]
  107 | #define PROG_TO_EDICT(e)        ((edict_t *)((byte *)sv.edicts + e))
      |                                                                  ^
      |                                                                  ()
/home/matt/quakespasm/Quake/progs.h:117:34: warning: macro argument should be enclosed in parentheses [bugprone-macro-parentheses]
  117 | #define E_FLOAT(e,o)            (((float*)&e->v)[o])
      |                                            ^
      |                                            ()
/home/matt/quakespasm/Quake/progs.h:118:41: warning: macro argument should be enclosed in parentheses [bugprone-macro-parentheses]
  118 | #define E_INT(e,o)              (*(int *)&((float*)&e->v)[o])
      |                                                     ^
      |                                                     ()
/home/matt/quakespasm/Quake/progs.h:119:36: warning: macro argument should be enclosed in parentheses [bugprone-macro-parentheses]
  119 | #define E_VECTOR(e,o)           (&((float*)&e->v)[o])
      |                                             ^
      |                                             ()
/home/matt/quakespasm/Quake/progs.h:120:62: warning: macro argument should be enclosed in parentheses [bugprone-macro-parentheses]
  120 | #define E_STRING(e,o)           (PR_GetString(*(string_t *)&((float*)&e->v)[o]))
      |                                                                       ^
      |                                                                       ()
/home/matt/quakespasm/Quake/protocol.h:24:9: warning: declaration uses identifier '_QUAKE_PROTOCOL_H', which is a reserved identifier [bugprone-reserved-identifier,cert-dcl37-c,cert-dcl51-cpp]
   24 | #define _QUAKE_PROTOCOL_H
      |         ^~~~~~~~~~~~~~~~~
      |         QUAKE_PROTOCOL_H
/home/matt/quakespasm/Quake/q_ctype.h:66:2: warning: switching on non-enum value without default case may not cover all cases [bugprone-switch-missing-default-case]
   66 |         switch(c) {
      |         ^
/home/matt/quakespasm/Quake/q_sound.h:26:9: warning: declaration uses identifier '__QUAKE_SOUND__', which is a reserved identifier [bugprone-reserved-identifier,cert-dcl37-c,cert-dcl51-cpp]
   26 | #define __QUAKE_SOUND__
      |         ^~~~~~~~~~~~~~~
      |         QUAKE_SOUND_
/home/matt/quakespasm/Quake/quakedef.h:62:22: warning: macro argument should be enclosed in parentheses [bugprone-macro-parentheses]
   62 | #define Q_UNUSED(x)     (x = x) // for pesky compiler / lint warnings
      |                          ^
      |                          ()
/home/matt/quakespasm/Quake/quakedef.h:62:26: warning: macro argument should be enclosed in parentheses [bugprone-macro-parentheses]
   62 | #define Q_UNUSED(x)     (x = x) // for pesky compiler / lint warnings
      |                              ^
      |                              ()
/home/matt/quakespasm/Quake/r_alias.c:104:9: warning: integer to pointer cast pessimizes optimization opportunities [performance-no-int-to-ptr]
  104 |         return (void *) (currententity->model->vboxyzofs + (hdr->numverts_vbo * pose * sizeof (meshxyz_t)) + xyzoffs);
      |                ^
/home/matt/quakespasm/Quake/r_alias.c:104:54: warning: performing an implicit widening conversion to type 'unsigned long' of a multiplication performed in type 'int' [bugprone-implicit-widening-of-multiplication-result]
  104 |         return (void *) (currententity->model->vboxyzofs + (hdr->numverts_vbo * pose * sizeof (meshxyz_t)) + xyzoffs);
      |                                                             ^
/home/matt/quakespasm/Quake/r_alias.c:104:54: note: make conversion explicit to silence this warning
   25 |         return (void *) (currententity->model->vboxyzofs + (hdr->numverts_vbo * pose * sizeof (meshxyz_t)) + xyzoffs);
      |                                                             ^~~~~~~~~~~~~~~~~~~~~~~~
      |                                                             (unsigned long)(        )
/home/matt/quakespasm/Quake/r_alias.c:104:54: note: perform multiplication in a wider type
  104 |         return (void *) (currententity->model->vboxyzofs + (hdr->numverts_vbo * pose * sizeof (meshxyz_t)) + xyzoffs);
      |                                                             ^~~~~~~~~~~~~~~~~
      |                                                             (long)
/home/matt/quakespasm/Quake/r_alias.c:118:9: warning: integer to pointer cast pessimizes optimization opportunities [performance-no-int-to-ptr]
  118 |         return (void *)(currententity->model->vboxyzofs + (hdr->numverts_vbo * pose * sizeof (meshxyz_t)) + normaloffs);
      |                ^
/home/matt/quakespasm/Quake/r_alias.c:118:53: warning: performing an implicit widening conversion to type 'unsigned long' of a multiplication performed in type 'int' [bugprone-implicit-widening-of-multiplication-result]
  118 |         return (void *)(currententity->model->vboxyzofs + (hdr->numverts_vbo * pose * sizeof (meshxyz_t)) + normaloffs);
      |                                                            ^
/home/matt/quakespasm/Quake/r_alias.c:118:53: note: make conversion explicit to silence this warning
  118 |         return (void *)(currententity->model->vboxyzofs + (hdr->numverts_vbo * pose * sizeof (meshxyz_t)) + normaloffs);
      |                                                            ^~~~~~~~~~~~~~~~~~~~~~~~
      |                                                            (unsigned long)(        )
/home/matt/quakespasm/Quake/r_alias.c:118:53: note: perform multiplication in a wider type
  118 |         return (void *)(currententity->model->vboxyzofs + (hdr->numverts_vbo * pose * sizeof (meshxyz_t)) + normaloffs);
      |                                                            ^~~~~~~~~~~~~~~~~
      |                                                            (long)
/home/matt/quakespasm/Quake/r_alias.c:256:76: warning: integer to pointer cast pessimizes optimization opportunities [performance-no-int-to-ptr]
  256 |         GL_VertexAttribPointerFunc (texCoordsAttrIndex, 2, GL_FLOAT, GL_FALSE, 0, (void *)(intptr_t)currententity->model->vbostofs);
      |                                                                                   ^
/home/matt/quakespasm/Quake/r_alias.c:284:74: warning: integer to pointer cast pessimizes optimization opportunities [performance-no-int-to-ptr]
  284 |         glDrawElements (GL_TRIANGLES, paliashdr->numindexes, GL_UNSIGNED_SHORT, (void *)(intptr_t)currententity->model->vboindexofs);
      |                                                                                 ^
/home/matt/quakespasm/Quake/r_alias.c:383:3: warning: result of multiplication in type 'int' is used as a pointer offset after an implicit widening conversion to type 'ptrdiff_t' [bugprone-implicit-widening-of-multiplication-result]
  383 |                 verts1 += lerpdata.pose1 * paliashdr->numverts;
      |                 ^
/home/matt/quakespasm/Quake/r_alias.c:383:13: note: make conversion explicit to silence this warning
  383 |                 verts1 += lerpdata.pose1 * paliashdr->numverts;
      |                           ^~~~~~~~~~~~~~~~~~~~~~~~~~~~~~~~~~~~
      |                           (ptrdiff_t)(                        )
/home/matt/quakespasm/Quake/r_alias.c:383:13: note: perform multiplication in a wider type
  383 |                 verts1 += lerpdata.pose1 * paliashdr->numverts;
      |                           ^~~~~~~~~~~~~~
      |                           (ptrdiff_t)
/home/matt/quakespasm/Quake/r_alias.c:384:3: warning: result of multiplication in type 'int' is used as a pointer offset after an implicit widening conversion to type 'ptrdiff_t' [bugprone-implicit-widening-of-multiplication-result]
  384 |                 verts2 += lerpdata.pose2 * paliashdr->numverts;
      |                 ^
/home/matt/quakespasm/Quake/r_alias.c:384:13: note: make conversion explicit to silence this warning
  384 |                 verts2 += lerpdata.pose2 * paliashdr->numverts;
      |                           ^~~~~~~~~~~~~~~~~~~~~~~~~~~~~~~~~~~~
      |                           (ptrdiff_t)(                        )
/home/matt/quakespasm/Quake/r_alias.c:384:13: note: perform multiplication in a wider type
  384 |                 verts2 += lerpdata.pose2 * paliashdr->numverts;
      |                           ^~~~~~~~~~~~~~
      |                           (ptrdiff_t)
/home/matt/quakespasm/Quake/r_alias.c:393:3: warning: result of multiplication in type 'int' is used as a pointer offset after an implicit widening conversion to type 'ptrdiff_t' [bugprone-implicit-widening-of-multiplication-result]
  393 |                 verts1 += lerpdata.pose1 * paliashdr->numverts;
      |                 ^
/home/matt/quakespasm/Quake/r_alias.c:393:13: note: make conversion explicit to silence this warning
  393 |                 verts1 += lerpdata.pose1 * paliashdr->numverts;
      |                           ^~~~~~~~~~~~~~~~~~~~~~~~~~~~~~~~~~~~
      |                           (ptrdiff_t)(                        )
/home/matt/quakespasm/Quake/r_alias.c:393:13: note: perform multiplication in a wider type
  393 |                 verts1 += lerpdata.pose1 * paliashdr->numverts;
      |                           ^~~~~~~~~~~~~~
      |                           (ptrdiff_t)
/home/matt/quakespasm/Quake/r_alias.c:602:14: warning: rand() has limited randomness [cert-msc30-c,cert-msc50-cpp]
  602 |                 glColor3f (rand()%256/255.0f, rand()%256/255.0f, rand()%256/255.0f);
      |                            ^
/home/matt/quakespasm/Quake/r_alias.c:602:33: warning: rand() has limited randomness [cert-msc30-c,cert-msc50-cpp]
  602 |                 glColor3f (rand()%256/255.0f, rand()%256/255.0f, rand()%256/255.0f);
      |                                               ^
/home/matt/quakespasm/Quake/r_alias.c:602:52: warning: rand() has limited randomness [cert-msc30-c,cert-msc50-cpp]
  602 |                 glColor3f (rand()%256/255.0f, rand()%256/255.0f, rand()%256/255.0f);
      |                                                                  ^
/home/matt/quakespasm/Quake/r_alias.c:1153:23: warning: macro replacement list should be enclosed in parentheses [bugprone-macro-parentheses]
 1153 | #define SHADOW_SKEW_X -0.7 //skew along x axis. -0.7 to mimic glquake shadows
      |                       ^
      |                       (   )
/home/matt/quakespasm/Quake/r_brush.c:510:48: warning: performing an implicit widening conversion to type 'unsigned long' of a multiplication performed in type 'int' [bugprone-implicit-widening-of-multiplication-result]
  510 |                         lightmaps[texnum].data = (byte *) calloc(1, 4*LMBLOCK_WIDTH*LMBLOCK_HEIGHT);
      |                                                                     ^
/home/matt/quakespasm/Quake/r_brush.c:510:48: note: make conversion explicit to silence this warning
   25 |                         lightmaps[texnum].data = (byte *) calloc(1, 4*LMBLOCK_WIDTH*LMBLOCK_HEIGHT);
      |                                                                     ^~~~~~~~~~~~~~~~~~~~~~~~~~~~~~
      |                                                                     (unsigned long)(              )
/home/matt/quakespasm/Quake/r_brush.c:510:48: note: perform multiplication in a wider type
  510 |                         lightmaps[texnum].data = (byte *) calloc(1, 4*LMBLOCK_WIDTH*LMBLOCK_HEIGHT);
      |                                                                     ^~~~~~~~~~~~~~~
      |                                                                     (long)
/home/matt/quakespasm/Quake/r_brush.c:573:2: warning: result of multiplication in type 'int' is used as a pointer offset after an implicit widening conversion to type 'ptrdiff_t' [bugprone-implicit-widening-of-multiplication-result]
  573 |         base += (surf->light_t * LMBLOCK_WIDTH + surf->light_s) * lightmap_bytes;
      |         ^
/home/matt/quakespasm/Quake/r_brush.c:573:10: note: make conversion explicit to silence this warning
  573 |         base += (surf->light_t * LMBLOCK_WIDTH + surf->light_s) * lightmap_bytes;
      |                 ^~~~~~~~~~~~~~~~~~~~~~~~~~~~~~~~~~~~~~~~~~~~~~~~~~~~~~~~~~~~~~~~
      |                 (ptrdiff_t)(                                                    )
/home/matt/quakespasm/Quake/r_brush.c:573:10: note: perform multiplication in a wider type
  573 |         base += (surf->light_t * LMBLOCK_WIDTH + surf->light_s) * lightmap_bytes;
      |                 ^~~~~~~~~~~~~~~~~~~~~~~~~~~~~~~~~~~~~~~~~~~~~~
      |                  (ptrdiff_t)
/home/matt/quakespasm/Quake/r_brush.c:597:53: warning: performing an implicit widening conversion to type 'unsigned long' of a multiplication performed in type 'int' [bugprone-implicit-widening-of-multiplication-result]
  597 |         poly = (glpoly_t *) Hunk_Alloc (sizeof(glpoly_t) + (lnumverts-4) * VERTEXSIZE*sizeof(float));
      |                                                            ^
/home/matt/quakespasm/Quake/r_brush.c:597:53: note: make conversion explicit to silence this warning
  597 |         poly = (glpoly_t *) Hunk_Alloc (sizeof(glpoly_t) + (lnumverts-4) * VERTEXSIZE*sizeof(float));
      |                                                            ^~~~~~~~~~~~~~~~~~~~~~~~~~
      |                                                            (unsigned long)(          )
/home/matt/quakespasm/Quake/r_brush.c:597:53: note: perform multiplication in a wider type
  597 |         poly = (glpoly_t *) Hunk_Alloc (sizeof(glpoly_t) + (lnumverts-4) * VERTEXSIZE*sizeof(float));
      |                                                            ^~~~~~~~~~~~
      |                                                             (long)
/home/matt/quakespasm/Quake/r_brush.c:710:2: warning: switch has 2 consecutive identical branches [bugprone-branch-clone]
  710 |         case GL_RGBA:
      |         ^
/home/matt/quakespasm/Quake/r_brush.c:715:8: note: last of these clones ends here
  715 |                 break;
      |                      ^
/home/matt/quakespasm/Quake/r_brush.c:762:3: warning: the value returned by this function should not be disregarded; neglecting it may lead to errors [cert-err33-c]
  762 |                 sprintf(name, "lightmap%07i",i);
      |                 ^~~~~~~~~~~~~~~~~~~~~~~~~~~~~~~
/home/matt/quakespasm/Quake/r_brush.c:762:3: note: cast the expression to void to silence this warning
/home/matt/quakespasm/Quake/r_brush.c:860:13: warning: result of multiplication in type 'unsigned int' is used as a pointer offset after an implicit widening conversion to type 'size_t' [bugprone-implicit-widening-of-multiplication-result]
  860 |                         memcpy (&varray[VERTEXSIZE * varray_index], s->polys->verts, VERTEXSIZE * sizeof(float) * s->numedges);
      |                                  ^
/home/matt/quakespasm/Quake/r_brush.c:860:20: note: make conversion explicit to silence this warning
  860 |                         memcpy (&varray[VERTEXSIZE * varray_index], s->polys->verts, VERTEXSIZE * sizeof(float) * s->numedges);
      |                                         ^                        
      |                                         (size_t)(                )
/home/matt/quakespasm/Quake/gl_model.h:133:20: note: expanded from macro 'VERTEXSIZE'
  133 | #define VERTEXSIZE      7
      |                         ^
/home/matt/quakespasm/Quake/r_brush.c:860:20: note: perform multiplication in a wider type
  860 |                         memcpy (&varray[VERTEXSIZE * varray_index], s->polys->verts, VERTEXSIZE * sizeof(float) * s->numedges);
      |                                         ^
      |                                         (size_t)
/home/matt/quakespasm/Quake/gl_model.h:133:20: note: expanded from macro 'VERTEXSIZE'
  133 | #define VERTEXSIZE      7
      |                         ^
/home/matt/quakespasm/Quake/r_brush.c:971:13: warning: result of multiplication in type 'unsigned int' is used as a pointer offset after an implicit widening conversion to type 'size_t' [bugprone-implicit-widening-of-multiplication-result]
  971 |                         memcpy (&gl_bmodel_var_pool[VERTEXSIZE * varray_index],
      |                                  ^
/home/matt/quakespasm/Quake/r_brush.c:971:32: note: make conversion explicit to silence this warning
  971 |                         memcpy (&gl_bmodel_var_pool[VERTEXSIZE * varray_index],
      |                                                     ^                        
      |                                                     (size_t)(                )
/home/matt/quakespasm/Quake/gl_model.h:133:20: note: expanded from macro 'VERTEXSIZE'
  133 | #define VERTEXSIZE      7
      |                         ^
/home/matt/quakespasm/Quake/r_brush.c:971:32: note: perform multiplication in a wider type
  971 |                         memcpy (&gl_bmodel_var_pool[VERTEXSIZE * varray_index],
      |                                                     ^
      |                                                     (size_t)
/home/matt/quakespasm/Quake/gl_model.h:133:20: note: expanded from macro 'VERTEXSIZE'
  133 | #define VERTEXSIZE      7
      |                         ^
/home/matt/quakespasm/Quake/r_brush.c:1041:3: warning: Value stored to 'cred' is never read [clang-analyzer-deadcode.DeadStores]
 1041 |                 cred = cl_dlights[lnum].color[0] * 256.0f;
      |                 ^      ~~~~~~~~~~~~~~~~~~~~~~~~~~~~~~~~~~
/home/matt/quakespasm/Quake/r_brush.c:1041:3: note: Value stored to 'cred' is never read
 1041 |                 cred = cl_dlights[lnum].color[0] * 256.0f;
      |                 ^      ~~~~~~~~~~~~~~~~~~~~~~~~~~~~~~~~~~
/home/matt/quakespasm/Quake/r_brush.c:1042:3: warning: Value stored to 'cgreen' is never read [clang-analyzer-deadcode.DeadStores]
 1042 |                 cgreen = cl_dlights[lnum].color[1] * 256.0f;
      |                 ^        ~~~~~~~~~~~~~~~~~~~~~~~~~~~~~~~~~~
/home/matt/quakespasm/Quake/r_brush.c:1042:3: note: Value stored to 'cgreen' is never read
 1042 |                 cgreen = cl_dlights[lnum].color[1] * 256.0f;
      |                 ^        ~~~~~~~~~~~~~~~~~~~~~~~~~~~~~~~~~~
/home/matt/quakespasm/Quake/r_brush.c:1043:3: warning: Value stored to 'cblue' is never read [clang-analyzer-deadcode.DeadStores]
 1043 |                 cblue = cl_dlights[lnum].color[2] * 256.0f;
      |                 ^       ~~~~~~~~~~~~~~~~~~~~~~~~~~~~~~~~~~
/home/matt/quakespasm/Quake/r_brush.c:1043:3: note: Value stored to 'cblue' is never read
 1043 |                 cblue = cl_dlights[lnum].color[2] * 256.0f;
      |                 ^       ~~~~~~~~~~~~~~~~~~~~~~~~~~~~~~~~~~
/home/matt/quakespasm/Quake/r_brush.c:1206:31: warning: performing an implicit widening conversion to type 'unsigned long' of a multiplication performed in type 'int' [bugprone-implicit-widening-of-multiplication-result]
 1206 |                 memset (&blocklights[0], 0, size * 3 * sizeof (unsigned int)); //johnfitz -- lit support via lordhavoc
      |                                             ^
/home/matt/quakespasm/Quake/r_brush.c:1206:31: note: make conversion explicit to silence this warning
 1206 |                 memset (&blocklights[0], 0, size * 3 * sizeof (unsigned int)); //johnfitz -- lit support via lordhavoc
      |                                             ^~~~~~~~
      |                                             (unsigned long)( )
/home/matt/quakespasm/Quake/r_brush.c:1206:31: note: perform multiplication in a wider type
 1206 |                 memset (&blocklights[0], 0, size * 3 * sizeof (unsigned int)); //johnfitz -- lit support via lordhavoc
      |                                             ^~~~
      |                                             (long)
/home/matt/quakespasm/Quake/r_brush.c:1218:5: warning: Value stored to 'i' is never read [clang-analyzer-deadcode.DeadStores]
 1218 |                                 i = 0;
      |                                 ^   ~
/home/matt/quakespasm/Quake/r_brush.c:1218:5: note: Value stored to 'i' is never read
 1218 |                                 i = 0;
      |                                 ^   ~
/home/matt/quakespasm/Quake/r_brush.c:1321:33: warning: performing an implicit widening conversion to type 'unsigned long' of a multiplication performed in type 'int' [bugprone-implicit-widening-of-multiplication-result]
 1321 |                 memset (&blocklights[0], 255, size * 3 * sizeof (unsigned int)); //johnfitz -- lit support via lordhavoc
      |                                               ^
/home/matt/quakespasm/Quake/r_brush.c:1321:33: note: make conversion explicit to silence this warning
 1321 |                 memset (&blocklights[0], 255, size * 3 * sizeof (unsigned int)); //johnfitz -- lit support via lordhavoc
      |                                               ^~~~~~~~
      |                                               (unsigned long)( )
/home/matt/quakespasm/Quake/r_brush.c:1321:33: note: perform multiplication in a wider type
 1321 |                 memset (&blocklights[0], 255, size * 3 * sizeof (unsigned int)); //johnfitz -- lit support via lordhavoc
      |                                               ^~~~
      |                                               (long)
/home/matt/quakespasm/Quake/r_brush.c:1453:10: warning: result of multiplication in type 'int' is used as a pointer offset after an implicit widening conversion to type 'ptrdiff_t' [bugprone-implicit-widening-of-multiplication-result]
 1453 |                         type, lm->data + lm->rectchange.t*LMBLOCK_WIDTH*lightmap_bytes);
      |                               ^
/home/matt/quakespasm/Quake/r_brush.c:1453:21: note: make conversion explicit to silence this warning
 1453 |                         type, lm->data + lm->rectchange.t*LMBLOCK_WIDTH*lightmap_bytes);
      |                                          ^~~~~~~~~~~~~~~~~~~~~~~~~~~~~~~~~~~~~~~~~~~~~
      |                                          (ptrdiff_t)(                                 )
/home/matt/quakespasm/Quake/r_brush.c:1453:21: note: perform multiplication in a wider type
 1453 |                         type, lm->data + lm->rectchange.t*LMBLOCK_WIDTH*lightmap_bytes);
      |                                          ^~~~~~~~~~~~~~~~~~~~~~~~~~~~~~
      |                                          (ptrdiff_t)
/home/matt/quakespasm/Quake/r_brush.c:1497:13: warning: an assignment within an 'if' condition is bug-prone [bugprone-assignment-in-if-condition]
 1497 |                 if (!(mod = cl.model_precache[i]))
      |                       ~~~~^~~~~~~~~~~~~~~~~~~~~~
/home/matt/quakespasm/Quake/r_brush.c:1497:13: note: if it should be an assignment, move it out of the 'if' condition
/home/matt/quakespasm/Quake/r_brush.c:1497:13: note: if it is meant to be an equality check, change '=' to '=='
/home/matt/quakespasm/Quake/r_part.c:125:2: warning: switching on non-enum value without default case may not cover all cases [bugprone-switch-missing-default-case]
  125 |         switch ((int)(r_particles.value))
      |         ^
/home/matt/quakespasm/Quake/r_part.c:155:20: warning: 'atoi' used to convert a string to an integer value, but function will not report conversion errors; consider using 'strtol' instead [cert-err34-c]
  155 |                 r_numparticles = atoi(com_argv[i + 1]);
      |                                  ^
/home/matt/quakespasm/Quake/r_part.c:202:25: warning: rand() has limited randomness [cert-msc30-c,cert-msc50-cpp]
  202 |                         avelocities[i][0] = (rand() & 255) * 0.01;
      |                                              ^
/home/matt/quakespasm/Quake/r_part.c:203:25: warning: rand() has limited randomness [cert-msc30-c,cert-msc50-cpp]
  203 |                         avelocities[i][1] = (rand() & 255) * 0.01;
      |                                              ^
/home/matt/quakespasm/Quake/r_part.c:204:25: warning: rand() has limited randomness [cert-msc30-c,cert-msc50-cpp]
  204 |                         avelocities[i][2] = (rand() & 255) * 0.01;
      |                                              ^
/home/matt/quakespasm/Quake/r_part.c:211:8: warning: call to 'sin' promotes float to double [performance-type-promotion-in-math-fn]
  211 |                 sy = sin(angle);
      |                      ^~~
      |                      sinf
/home/matt/quakespasm/Quake/r_part.c:212:8: warning: call to 'cos' promotes float to double [performance-type-promotion-in-math-fn]
  212 |                 cy = cos(angle);
      |                      ^~~
      |                      cosf
/home/matt/quakespasm/Quake/r_part.c:214:8: warning: call to 'sin' promotes float to double [performance-type-promotion-in-math-fn]
  214 |                 sp = sin(angle);
      |                      ^~~
      |                      sinf
/home/matt/quakespasm/Quake/r_part.c:215:8: warning: call to 'cos' promotes float to double [performance-type-promotion-in-math-fn]
  215 |                 cp = cos(angle);
      |                      ^~~
      |                      cosf
/home/matt/quakespasm/Quake/r_part.c:216:3: warning: Value stored to 'angle' is never read [clang-analyzer-deadcode.DeadStores]
  216 |                 angle = cl.time * avelocities[i][2];
      |                 ^       ~~~~~~~~~~~~~~~~~~~~~~~~~~~
/home/matt/quakespasm/Quake/r_part.c:216:3: note: Value stored to 'angle' is never read
  216 |                 angle = cl.time * avelocities[i][2];
      |                 ^       ~~~~~~~~~~~~~~~~~~~~~~~~~~~
/home/matt/quakespasm/Quake/r_part.c:289:7: warning: 'fscanf' used to convert a string to a floating-point value, but function will not report conversion errors; consider using 'strtof' instead [cert-err34-c]
  289 |                 r = fscanf (f,"%f %f %f\n", &org[0], &org[1], &org[2]);
      |                     ^
/home/matt/quakespasm/Quake/r_part.c:311:2: warning: the value returned by this function should not be disregarded; neglecting it may lead to errors [cert-err33-c]
  311 |         fclose (f);
      |         ^~~~~~~~~~
/home/matt/quakespasm/Quake/r_part.c:311:2: note: cast the expression to void to silence this warning
/home/matt/quakespasm/Quake/r_part.c:363:13: warning: rand() has limited randomness [cert-msc30-c,cert-msc50-cpp]
  363 |                 p->ramp = rand()&3;
      |                           ^
/home/matt/quakespasm/Quake/r_part.c:369:28: warning: rand() has limited randomness [cert-msc30-c,cert-msc50-cpp]
  369 |                                 p->org[j] = org[j] + ((rand()%32)-16);
      |                                                        ^
/home/matt/quakespasm/Quake/r_part.c:370:18: warning: rand() has limited randomness [cert-msc30-c,cert-msc50-cpp]
  370 |                                 p->vel[j] = (rand()%512)-256;
      |                                              ^
/home/matt/quakespasm/Quake/r_part.c:378:28: warning: rand() has limited randomness [cert-msc30-c,cert-msc50-cpp]
  378 |                                 p->org[j] = org[j] + ((rand()%32)-16);
      |                                                        ^
/home/matt/quakespasm/Quake/r_part.c:379:18: warning: rand() has limited randomness [cert-msc30-c,cert-msc50-cpp]
  379 |                                 p->vel[j] = (rand()%512)-256;
      |                                              ^
/home/matt/quakespasm/Quake/r_part.c:412:27: warning: rand() has limited randomness [cert-msc30-c,cert-msc50-cpp]
  412 |                         p->org[j] = org[j] + ((rand()%32)-16);
      |                                                ^
/home/matt/quakespasm/Quake/r_part.c:413:17: warning: rand() has limited randomness [cert-msc30-c,cert-msc50-cpp]
  413 |                         p->vel[j] = (rand()%512)-256;
      |                                      ^
/home/matt/quakespasm/Quake/r_part.c:437:27: warning: rand() has limited randomness [cert-msc30-c,cert-msc50-cpp]
  437 |                 p->die = cl.time + 1 + (rand()&8)*0.05;
      |                                         ^
/home/matt/quakespasm/Quake/r_part.c:442:20: warning: rand() has limited randomness [cert-msc30-c,cert-msc50-cpp]
  442 |                         p->color = 66 + rand()%6;
      |                                         ^
/home/matt/quakespasm/Quake/r_part.c:445:28: warning: rand() has limited randomness [cert-msc30-c,cert-msc50-cpp]
  445 |                                 p->org[j] = org[j] + ((rand()%32)-16);
      |                                                        ^
/home/matt/quakespasm/Quake/r_part.c:446:18: warning: rand() has limited randomness [cert-msc30-c,cert-msc50-cpp]
  446 |                                 p->vel[j] = (rand()%512)-256;
      |                                              ^
/home/matt/quakespasm/Quake/r_part.c:452:21: warning: rand() has limited randomness [cert-msc30-c,cert-msc50-cpp]
  452 |                         p->color = 150 + rand()%6;
      |                                          ^
/home/matt/quakespasm/Quake/r_part.c:455:28: warning: rand() has limited randomness [cert-msc30-c,cert-msc50-cpp]
  455 |                                 p->org[j] = org[j] + ((rand()%32)-16);
      |                                                        ^
/home/matt/quakespasm/Quake/r_part.c:456:18: warning: rand() has limited randomness [cert-msc30-c,cert-msc50-cpp]
  456 |                                 p->vel[j] = (rand()%512)-256;
      |                                              ^
/home/matt/quakespasm/Quake/r_part.c:485:14: warning: rand() has limited randomness [cert-msc30-c,cert-msc50-cpp]
  485 |                         p->ramp = rand()&3;
      |                                   ^
/home/matt/quakespasm/Quake/r_part.c:491:29: warning: rand() has limited randomness [cert-msc30-c,cert-msc50-cpp]
  491 |                                         p->org[j] = org[j] + ((rand()%32)-16);
      |                                                                ^
/home/matt/quakespasm/Quake/r_part.c:492:19: warning: rand() has limited randomness [cert-msc30-c,cert-msc50-cpp]
  492 |                                         p->vel[j] = (rand()%512)-256;
      |                                                      ^
/home/matt/quakespasm/Quake/r_part.c:500:29: warning: rand() has limited randomness [cert-msc30-c,cert-msc50-cpp]
  500 |                                         p->org[j] = org[j] + ((rand()%32)-16);
      |                                                                ^
/home/matt/quakespasm/Quake/r_part.c:501:19: warning: rand() has limited randomness [cert-msc30-c,cert-msc50-cpp]
  501 |                                         p->vel[j] = (rand()%512)-256;
      |                                                      ^
/home/matt/quakespasm/Quake/r_part.c:507:28: warning: rand() has limited randomness [cert-msc30-c,cert-msc50-cpp]
  507 |                         p->die = cl.time + 0.1*(rand()%5);
      |                                                 ^
/home/matt/quakespasm/Quake/r_part.c:508:29: warning: rand() has limited randomness [cert-msc30-c,cert-msc50-cpp]
  508 |                         p->color = (color&~7) + (rand()&7);
      |                                                  ^
/home/matt/quakespasm/Quake/r_part.c:512:28: warning: rand() has limited randomness [cert-msc30-c,cert-msc50-cpp]
  512 |                                 p->org[j] = org[j] + ((rand()&15)-8);
      |                                                        ^
/home/matt/quakespasm/Quake/r_part.c:542:29: warning: rand() has limited randomness [cert-msc30-c,cert-msc50-cpp]
  542 |                                 p->die = cl.time + 2 + (rand()&31) * 0.02;
      |                                                         ^
/home/matt/quakespasm/Quake/r_part.c:543:23: warning: rand() has limited randomness [cert-msc30-c,cert-msc50-cpp]
  543 |                                 p->color = 224 + (rand()&7);
      |                                                   ^
/home/matt/quakespasm/Quake/r_part.c:546:21: warning: rand() has limited randomness [cert-msc30-c,cert-msc50-cpp]
  546 |                                 dir[0] = j*8 + (rand()&7);
      |                                                 ^
/home/matt/quakespasm/Quake/r_part.c:547:21: warning: rand() has limited randomness [cert-msc30-c,cert-msc50-cpp]
  547 |                                 dir[1] = i*8 + (rand()&7);
      |                                                 ^
/home/matt/quakespasm/Quake/r_part.c:552:27: warning: rand() has limited randomness [cert-msc30-c,cert-msc50-cpp]
  552 |                                 p->org[2] = org[2] + (rand()&63);
      |                                                       ^
/home/matt/quakespasm/Quake/r_part.c:555:17: warning: rand() has limited randomness [cert-msc30-c,cert-msc50-cpp]
  555 |                                 vel = 50 + (rand()&63);
      |                                             ^
/home/matt/quakespasm/Quake/r_part.c:585:31: warning: rand() has limited randomness [cert-msc30-c,cert-msc50-cpp]
  585 |                                 p->die = cl.time + 0.2 + (rand()&7) * 0.02;
      |                                                           ^
/home/matt/quakespasm/Quake/r_part.c:586:21: warning: rand() has limited randomness [cert-msc30-c,cert-msc50-cpp]
  586 |                                 p->color = 7 + (rand()&7);
      |                                                 ^
/home/matt/quakespasm/Quake/r_part.c:593:31: warning: rand() has limited randomness [cert-msc30-c,cert-msc50-cpp]
  593 |                                 p->org[0] = org[0] + i + (rand()&3);
      |                                                           ^
/home/matt/quakespasm/Quake/r_part.c:594:31: warning: rand() has limited randomness [cert-msc30-c,cert-msc50-cpp]
  594 |                                 p->org[1] = org[1] + j + (rand()&3);
      |                                                           ^
/home/matt/quakespasm/Quake/r_part.c:595:31: warning: rand() has limited randomness [cert-msc30-c,cert-msc50-cpp]
  595 |                                 p->org[2] = org[2] + k + (rand()&3);
      |                                                           ^
/home/matt/quakespasm/Quake/r_part.c:598:17: warning: rand() has limited randomness [cert-msc30-c,cert-msc50-cpp]
  598 |                                 vel = 50 + (rand()&63);
      |                                             ^
/home/matt/quakespasm/Quake/r_part.c:645:3: warning: switching on non-enum value without default case may not cover all cases [bugprone-switch-missing-default-case]
  645 |                 switch (type)
      |                 ^
/home/matt/quakespasm/Quake/r_part.c:648:16: warning: rand() has limited randomness [cert-msc30-c,cert-msc50-cpp]
  648 |                                 p->ramp = (rand()&3);
      |                                            ^
/home/matt/quakespasm/Quake/r_part.c:652:31: warning: rand() has limited randomness [cert-msc30-c,cert-msc50-cpp]
  652 |                                         p->org[j] = start[j] + ((rand()%6)-3);
      |                                                                  ^
/home/matt/quakespasm/Quake/r_part.c:656:16: warning: rand() has limited randomness [cert-msc30-c,cert-msc50-cpp]
  656 |                                 p->ramp = (rand()&3) + 2;
      |                                            ^
/home/matt/quakespasm/Quake/r_part.c:660:31: warning: rand() has limited randomness [cert-msc30-c,cert-msc50-cpp]
  660 |                                         p->org[j] = start[j] + ((rand()%6)-3);
      |                                                                  ^
/home/matt/quakespasm/Quake/r_part.c:665:22: warning: rand() has limited randomness [cert-msc30-c,cert-msc50-cpp]
  665 |                                 p->color = 67 + (rand()&3);
      |                                                  ^
/home/matt/quakespasm/Quake/r_part.c:667:31: warning: rand() has limited randomness [cert-msc30-c,cert-msc50-cpp]
  667 |                                         p->org[j] = start[j] + ((rand()%6)-3);
      |                                                                  ^
/home/matt/quakespasm/Quake/r_part.c:696:22: warning: rand() has limited randomness [cert-msc30-c,cert-msc50-cpp]
  696 |                                 p->color = 67 + (rand()&3);
      |                                                  ^
/home/matt/quakespasm/Quake/r_part.c:698:31: warning: rand() has limited randomness [cert-msc30-c,cert-msc50-cpp]
  698 |                                         p->org[j] = start[j] + ((rand()%6)-3);
      |                                                                  ^
/home/matt/quakespasm/Quake/r_part.c:703:28: warning: rand() has limited randomness [cert-msc30-c,cert-msc50-cpp]
  703 |                                 p->color = 9*16 + 8 + (rand()&3);
      |                                                        ^
/home/matt/quakespasm/Quake/r_part.c:707:31: warning: rand() has limited randomness [cert-msc30-c,cert-msc50-cpp]
  707 |                                         p->org[j] = start[j] + ((rand()&15)-8);
      |                                                                  ^
/home/matt/quakespasm/Quake/r_sprite.c:60:15: warning: call to 'atan2' promotes float to double [performance-type-promotion-in-math-fn]
   60 |                         int dir = (atan2(r, f)+1.125*M_PI)*(4/M_PI);
      |                                    ^~~~~
      |                                    atan2f
/home/matt/quakespasm/Quake/r_sprite.c:142:8: warning: call to 'sin' promotes float to double [performance-type-promotion-in-math-fn]
  142 |                 sr = sin(angle);
      |                      ^~~
      |                      sinf
/home/matt/quakespasm/Quake/r_sprite.c:143:8: warning: call to 'cos' promotes float to double [performance-type-promotion-in-math-fn]
  143 |                 cr = cos(angle);
      |                      ^~~
      |                      cosf
/home/matt/quakespasm/Quake/r_world.c:261:17: warning: rand() has limited randomness [cert-msc30-c,cert-msc50-cpp]
  261 |                                         glColor3f (rand()%256/255.0, rand()%256/255.0, rand()%256/255.0);
      |                                                    ^
/home/matt/quakespasm/Quake/r_world.c:261:35: warning: rand() has limited randomness [cert-msc30-c,cert-msc50-cpp]
  261 |                                         glColor3f (rand()%256/255.0, rand()%256/255.0, rand()%256/255.0);
      |                                                                      ^
/home/matt/quakespasm/Quake/r_world.c:261:53: warning: rand() has limited randomness [cert-msc30-c,cert-msc50-cpp]
  261 |                                         glColor3f (rand()%256/255.0, rand()%256/255.0, rand()%256/255.0);
      |                                                                                        ^
/home/matt/quakespasm/Quake/r_world.c:271:16: warning: rand() has limited randomness [cert-msc30-c,cert-msc50-cpp]
  271 |                                 glColor3f (rand()%256/255.0, rand()%256/255.0, rand()%256/255.0);
      |                                            ^
/home/matt/quakespasm/Quake/r_world.c:271:34: warning: rand() has limited randomness [cert-msc30-c,cert-msc50-cpp]
  271 |                                 glColor3f (rand()%256/255.0, rand()%256/255.0, rand()%256/255.0);
      |                                                              ^
/home/matt/quakespasm/Quake/r_world.c:271:52: warning: rand() has limited randomness [cert-msc30-c,cert-msc50-cpp]
  271 |                                 glColor3f (rand()%256/255.0, rand()%256/255.0, rand()%256/255.0);
      |                                                                                ^
/home/matt/quakespasm/Quake/r_world.c:299:47: warning: an assignment within an 'if' condition is bug-prone [bugprone-assignment-in-if-condition]
  299 |                 if (!t || !t->texturechains[chain] || !(glt = R_TextureAnimation(t, ent != NULL ? ent->frame : 0)->fullbright))
      |                                                         ~~~~^~~~~~~~~~~~~~~~~~~~~~~~~~~~~~~~~~~~~~~~~~~~~~~~~~~~~~~~~~~~~~~~~
/home/matt/quakespasm/Quake/r_world.c:299:47: note: if it should be an assignment, move it out of the 'if' condition
/home/matt/quakespasm/Quake/r_world.c:299:47: note: if it is meant to be an equality check, change '=' to '=='
/home/matt/quakespasm/Quake/r_world.c:1023:43: warning: an assignment within an 'if' condition is bug-prone [bugprone-assignment-in-if-condition]
 1023 |                 if (gl_fullbrights.value && (fullbright = R_TextureAnimation(t, ent != NULL ? ent->frame : 0)->fullbright))
      |                                              ~~~~~~~~~~~^~~~~~~~~~~~~~~~~~~~~~~~~~~~~~~~~~~~~~~~~~~~~~~~~~~~~~~~~~~~~~~~~
/home/matt/quakespasm/Quake/r_world.c:1023:43: note: if it should be an assignment, move it out of the 'if' condition
/home/matt/quakespasm/Quake/r_world.c:1023:43: note: if it is meant to be an equality check, change '=' to '=='
/home/matt/quakespasm/Quake/render.h:24:9: warning: declaration uses identifier '_QUAKE_RENDER_H', which is a reserved identifier [bugprone-reserved-identifier,cert-dcl37-c,cert-dcl51-cpp]
   24 | #define _QUAKE_RENDER_H
      |         ^~~~~~~~~~~~~~~
      |         QUAKE_RENDER_H
/home/matt/quakespasm/Quake/render.h:49:16: warning: Excessive padding in 'struct entity_s' (9 padding bytes, where 1 is optimal). Optimal fields order: msgtime, model, efrag, colormap, topnode, forcelink, update_type, frame, syncbase, effects, skinnum, visframe, dlightframe, dlightbits, lerpstart, lerptime, lerpfinish, movelerpstart, origin, angles, previousorigin, currentorigin, previousangles, currentangles, msg_origins, msg_angles, baseline, previouspose, currentpose, alpha, scale, lerpflags, consider reordering the fields or adding explicit padding members [clang-analyzer-optin.performance.Padding]
   49 | typedef struct entity_s
      |         ~~~~~~~^~~~~~~~
   50 | {
      | ~
   51 |         qboolean                                forcelink;              // model changed
      |         ~~~~~~~~~~~~~~~~~~~~~~~~~~~~~~~~~~~~~~~~~~~~~~~~~~~~~~~~~~~~~~~~~~~~~~~~~~~~~~~~
   52 | 
   53 |         int                                             update_type;
      |         ~~~~~~~~~~~~~~~~~~~~~~~~~~~~~~~~~~~~~~~~~~~~~~~~~~~~~~~~~~~~
   54 | 
   55 |         entity_state_t                  baseline;               // to fill in defaults in updates
      |         ~~~~~~~~~~~~~~~~~~~~~~~~~~~~~~~~~~~~~~~~~~~~~~~~~~~~~~~~~~~~~~~~~~~~~~~~~~~~~~~~~~~~~~~~~
   56 | 
   57 |         double                                  msgtime;                // time of last update
      |         ~~~~~~~~~~~~~~~~~~~~~~~~~~~~~~~~~~~~~~~~~~~~~~~~~~~~~~~~~~~~~~~~~~~~~~~~~~~~~~~~~~~~~~
   58 |         vec3_t                                  msg_origins[2]; // last two updates (0 is newest)
      |         ~~~~~~~~~~~~~~~~~~~~~~~~~~~~~~~~~~~~~~~~~~~~~~~~~~~~~~~~~~~~~~~~~~~~~~~~~~~~~~~~~~~~~~~~~
   59 |         vec3_t                                  origin;
      |         ~~~~~~~~~~~~~~~~~~~~~~~~~~~~~~~~~~~~~~~~~~~~~~~
   60 |         vec3_t                                  msg_angles[2];  // last two updates (0 is newest)
      |         ~~~~~~~~~~~~~~~~~~~~~~~~~~~~~~~~~~~~~~~~~~~~~~~~~~~~~~~~~~~~~~~~~~~~~~~~~~~~~~~~~~~~~~~~~
   61 |         vec3_t                                  angles;
      |         ~~~~~~~~~~~~~~~~~~~~~~~~~~~~~~~~~~~~~~~~~~~~~~~
   62 |         struct qmodel_s                 *model;                 // NULL = no model
      |         ~~~~~~~~~~~~~~~~~~~~~~~~~~~~~~~~~~~~~~~~~~~~~~~~~~~~~~~~~~~~~~~~~~~~~~~~~~
   63 |         struct efrag_s                  *efrag;                 // linked list of efrags
      |         ~~~~~~~~~~~~~~~~~~~~~~~~~~~~~~~~~~~~~~~~~~~~~~~~~~~~~~~~~~~~~~~~~~~~~~~~~~~~~~~~
   64 |         int                                             frame;
      |         ~~~~~~~~~~~~~~~~~~~~~~~~~~~~~~~~~~~~~~~~~~~~~~~~~~~~~~
/home/matt/quakespasm/Quake/render.h:49:16: note: Excessive padding in 'struct entity_s' (9 padding bytes, where 1 is optimal). Optimal fields order: msgtime, model, efrag, colormap, topnode, forcelink, update_type, frame, syncbase, effects, skinnum, visframe, dlightframe, dlightbits, lerpstart, lerptime, lerpfinish, movelerpstart, origin, angles, previousorigin, currentorigin, previousangles, currentangles, msg_origins, msg_angles, baseline, previouspose, currentpose, alpha, scale, lerpflags, consider reordering the fields or adding explicit padding members
   49 | typedef struct entity_s
      |         ~~~~~~~^~~~~~~~
   50 | {
      | ~
   51 |         qboolean                                forcelink;              // model changed
      |         ~~~~~~~~~~~~~~~~~~~~~~~~~~~~~~~~~~~~~~~~~~~~~~~~~~~~~~~~~~~~~~~~~~~~~~~~~~~~~~~~
   52 | 
   53 |         int                                             update_type;
      |         ~~~~~~~~~~~~~~~~~~~~~~~~~~~~~~~~~~~~~~~~~~~~~~~~~~~~~~~~~~~~
   54 | 
   55 |         entity_state_t                  baseline;               // to fill in defaults in updates
      |         ~~~~~~~~~~~~~~~~~~~~~~~~~~~~~~~~~~~~~~~~~~~~~~~~~~~~~~~~~~~~~~~~~~~~~~~~~~~~~~~~~~~~~~~~~
   56 | 
   57 |         double                                  msgtime;                // time of last update
      |         ~~~~~~~~~~~~~~~~~~~~~~~~~~~~~~~~~~~~~~~~~~~~~~~~~~~~~~~~~~~~~~~~~~~~~~~~~~~~~~~~~~~~~~
   58 |         vec3_t                                  msg_origins[2]; // last two updates (0 is newest)
      |         ~~~~~~~~~~~~~~~~~~~~~~~~~~~~~~~~~~~~~~~~~~~~~~~~~~~~~~~~~~~~~~~~~~~~~~~~~~~~~~~~~~~~~~~~~
   59 |         vec3_t                                  origin;
      |         ~~~~~~~~~~~~~~~~~~~~~~~~~~~~~~~~~~~~~~~~~~~~~~~
   60 |         vec3_t                                  msg_angles[2];  // last two updates (0 is newest)
      |         ~~~~~~~~~~~~~~~~~~~~~~~~~~~~~~~~~~~~~~~~~~~~~~~~~~~~~~~~~~~~~~~~~~~~~~~~~~~~~~~~~~~~~~~~~
   61 |         vec3_t                                  angles;
      |         ~~~~~~~~~~~~~~~~~~~~~~~~~~~~~~~~~~~~~~~~~~~~~~~
   62 |         struct qmodel_s                 *model;                 // NULL = no model
      |         ~~~~~~~~~~~~~~~~~~~~~~~~~~~~~~~~~~~~~~~~~~~~~~~~~~~~~~~~~~~~~~~~~~~~~~~~~~
   63 |         struct efrag_s                  *efrag;                 // linked list of efrags
      |         ~~~~~~~~~~~~~~~~~~~~~~~~~~~~~~~~~~~~~~~~~~~~~~~~~~~~~~~~~~~~~~~~~~~~~~~~~~~~~~~~
   64 |         int                                             frame;
      |         ~~~~~~~~~~~~~~~~~~~~~~~~~~~~~~~~~~~~~~~~~~~~~~~~~~~~~~
/home/matt/quakespasm/Quake/resource.h:2:9: warning: declaration uses identifier '_QUAKE_RESOURCE_H', which is a reserved identifier [bugprone-reserved-identifier,cert-dcl37-c,cert-dcl51-cpp]
    2 | #define _QUAKE_RESOURCE_H
      |         ^~~~~~~~~~~~~~~~~
      |         QUAKE_RESOURCE_H
/home/matt/quakespasm/Quake/sbar.c:455:17: warning: conditional operator with identical true and false expressions [bugprone-branch-clone]
  455 |         return m < 128 ? m + 8 : m + 8;
      |                        ^
/home/matt/quakespasm/Quake/sbar.c:455:25: warning: 'true' and 'false' expressions are equivalent [misc-redundant-expression]
  455 |         return m < 128 ? m + 8 : m + 8;
      |                                ^
/home/matt/quakespasm/Quake/sbar.c:469:2: warning: the value returned by this function should not be disregarded; neglecting it may lead to errors [cert-err33-c]
  469 |         sprintf (str,"Kills: %i/%i", cl.stats[STAT_MONSTERS], cl.stats[STAT_TOTALMONSTERS]);
      |         ^~~~~~~~~~~~~~~~~~~~~~~~~~~~~~~~~~~~~~~~~~~~~~~~~~~~~~~~~~~~~~~~~~~~~~~~~~~~~~~~~~~
/home/matt/quakespasm/Quake/sbar.c:469:2: note: cast the expression to void to silence this warning
/home/matt/quakespasm/Quake/sbar.c:473:2: warning: the value returned by this function should not be disregarded; neglecting it may lead to errors [cert-err33-c]
  473 |         sprintf (str,"Secrets: %i/%i", cl.stats[STAT_SECRETS], cl.stats[STAT_TOTALSECRETS]);
      |         ^~~~~~~~~~~~~~~~~~~~~~~~~~~~~~~~~~~~~~~~~~~~~~~~~~~~~~~~~~~~~~~~~~~~~~~~~~~~~~~~~~~
/home/matt/quakespasm/Quake/sbar.c:473:2: note: cast the expression to void to silence this warning
/home/matt/quakespasm/Quake/sbar.c:494:2: warning: the value returned by this function should not be disregarded; neglecting it may lead to errors [cert-err33-c]
  494 |         sprintf (str,"%i:%i%i", minutes, tens, units);
      |         ^~~~~~~~~~~~~~~~~~~~~~~~~~~~~~~~~~~~~~~~~~~~~
/home/matt/quakespasm/Quake/sbar.c:494:2: note: cast the expression to void to silence this warning
/home/matt/quakespasm/Quake/sbar.c:644:3: warning: the value returned by this function should not be disregarded; neglecting it may lead to errors [cert-err33-c]
  644 |                 sprintf (num, "%3i", val);
      |                 ^~~~~~~~~~~~~~~~~~~~~~~~~
/home/matt/quakespasm/Quake/sbar.c:644:3: note: cast the expression to void to silence this warning
/home/matt/quakespasm/Quake/sbar.c:780:3: warning: the value returned by this function should not be disregarded; neglecting it may lead to errors [cert-err33-c]
  780 |                 sprintf (num, "%3i", s->frags);
      |                 ^~~~~~~~~~~~~~~~~~~~~~~~~~~~~~
/home/matt/quakespasm/Quake/sbar.c:780:3: note: cast the expression to void to silence this warning
/home/matt/quakespasm/Quake/sbar.c:833:3: warning: the value returned by this function should not be disregarded; neglecting it may lead to errors [cert-err33-c]
  833 |                 sprintf (num, "%3i",f);
      |                 ^~~~~~~~~~~~~~~~~~~~~~
/home/matt/quakespasm/Quake/sbar.c:833:3: note: cast the expression to void to silence this warning
/home/matt/quakespasm/Quake/sbar.c:1169:3: warning: the value returned by this function should not be disregarded; neglecting it may lead to errors [cert-err33-c]
 1169 |                 sprintf (num, "%3i",f);
      |                 ^~~~~~~~~~~~~~~~~~~~~~
/home/matt/quakespasm/Quake/sbar.c:1169:3: note: cast the expression to void to silence this warning
/home/matt/quakespasm/Quake/sbar.c:1262:3: warning: the value returned by this function should not be disregarded; neglecting it may lead to errors [cert-err33-c]
 1262 |                 sprintf (num, "%3i",f);
      |                 ^~~~~~~~~~~~~~~~~~~~~~
/home/matt/quakespasm/Quake/sbar.c:1262:3: note: cast the expression to void to silence this warning
/home/matt/quakespasm/Quake/sbar.h:24:9: warning: declaration uses identifier '_QUAKE_SBAR_H', which is a reserved identifier [bugprone-reserved-identifier,cert-dcl37-c,cert-dcl51-cpp]
   24 | #define _QUAKE_SBAR_H
      |         ^~~~~~~~~~~~~
      |         QUAKE_SBAR_H
/home/matt/quakespasm/Quake/screen.h:24:9: warning: declaration uses identifier '_QUAKE_SCREEN_H', which is a reserved identifier [bugprone-reserved-identifier,cert-dcl37-c,cert-dcl51-cpp]
   24 | #define _QUAKE_SCREEN_H
      |         ^~~~~~~~~~~~~~~
      |         QUAKE_SCREEN_H
/home/matt/quakespasm/Quake/screen.h:60:9: warning: initial values in enum '<unnamed>' are not consistent, consider explicit initialization of all, none or only the first enumerator [cert-int09-c,readability-enum-initial-value]
   60 | typedef enum {
      |         ^
   61 |         CANVAS_NONE,
      |                    
      |                     = 0
   62 |         CANVAS_DEFAULT,
      |                       
      |                        = 1
   63 |         CANVAS_CONSOLE,
      |                       
      |                        = 2
   64 |         CANVAS_MENU,
      |                    
      |                     = 3
   65 |         CANVAS_SBAR,
      |                    
      |                     = 4
   66 |         CANVAS_WARPIMAGE,
      |                         
      |                          = 5
   67 |         CANVAS_CROSSHAIR,
      |                         
      |                          = 6
   68 |         CANVAS_BOTTOMLEFT,
      |                          
      |                           = 7
   69 |         CANVAS_BOTTOMRIGHT,
      |                           
      |                            = 8
   70 |         CANVAS_TOPRIGHT,
      |                        
      |                         = 9
/home/matt/quakespasm/Quake/server.h:88:1: warning: initial values in enum 'sendsignon_e' are not consistent, consider explicit initialization of all, none or only the first enumerator [cert-int09-c,readability-enum-initial-value]
   88 | enum sendsignon_e
      | ^
   89 | {
   90 |         PRESPAWN_DONE,
      |                      
      |                       = 0
   91 |         PRESPAWN_FLUSH=1,
   92 |         PRESPAWN_SIGNONBUFS,
      |                            
      |                             = 2
   93 |         PRESPAWN_SIGNONMSG,
      |                           
      |                            = 3
/home/matt/quakespasm/Quake/snd_codec.c:315:2: warning: the value returned by this function should not be disregarded; neglecting it may lead to errors [cert-err33-c]
  315 |         fclose((*stream)->fh.file);
      |         ^~~~~~~~~~~~~~~~~~~~~~~~~~
/home/matt/quakespasm/Quake/snd_codec.c:315:2: note: cast the expression to void to silence this warning
/home/matt/quakespasm/Quake/snd_codec.h:27:9: warning: declaration uses identifier '_SND_CODEC_H_', which is a reserved identifier [bugprone-reserved-identifier,cert-dcl37-c,cert-dcl51-cpp]
   27 | #define _SND_CODEC_H_
      |         ^~~~~~~~~~~~~
      |         SND_CODEC_H_
/home/matt/quakespasm/Quake/snd_codeci.h:27:9: warning: declaration uses identifier '_SND_CODECI_H_', which is a reserved identifier [bugprone-reserved-identifier,cert-dcl37-c,cert-dcl51-cpp]
   27 | #define _SND_CODECI_H_
      |         ^~~~~~~~~~~~~~
      |         SND_CODECI_H_
/home/matt/quakespasm/Quake/snd_dma.c:96:15: warning: declaration uses identifier '_snd_mixahead', which is reserved in the global namespace [bugprone-reserved-identifier,cert-dcl37-c,cert-dcl51-cpp]
   96 | static  cvar_t  _snd_mixahead = {"_snd_mixahead", "0.1", CVAR_ARCHIVE};
      |                 ^~~~~~~~~~~~~
      |                 snd_mixahead
/home/matt/quakespasm/Quake/snd_dma.c:522:12: warning: rand() has limited randomness [cert-msc30-c,cert-msc50-cpp]
  522 |                                 skip = rand() % skip;
      |                                        ^
/home/matt/quakespasm/Quake/snd_dma.c:726:30: warning: result of multiplication in type 'int' is used as a pointer offset after an implicit widening conversion to type 'ptrdiff_t' [bugprone-implicit-widening-of-multiplication-result]
  726 |                         s_rawsamples [dst].left = ((short *) data)[src * 2] * intVolume;
      |                                                   ^
/home/matt/quakespasm/Quake/snd_dma.c:726:47: note: make conversion explicit to silence this warning
   27 |                         s_rawsamples [dst].left = ((short *) data)[src * 2] * intVolume;
      |                                                                    ^~~~~~~
      |                                                                    (ptrdiff_t)( )
/home/matt/quakespasm/Quake/snd_dma.c:726:47: note: perform multiplication in a wider type
  726 |                         s_rawsamples [dst].left = ((short *) data)[src * 2] * intVolume;
      |                                                                    ^~~
      |                                                                    (ptrdiff_t)
/home/matt/quakespasm/Quake/snd_dma.c:756:31: warning: result of multiplication in type 'int' is used as a pointer offset after an implicit widening conversion to type 'ptrdiff_t' [bugprone-implicit-widening-of-multiplication-result]
  756 |                         s_rawsamples [dst].left = (((byte *) data)[src * 2] - 128) * intVolume;
      |                                                    ^
/home/matt/quakespasm/Quake/snd_dma.c:756:47: note: make conversion explicit to silence this warning
  756 |                         s_rawsamples [dst].left = (((byte *) data)[src * 2] - 128) * intVolume;
      |                                                                    ^~~~~~~
      |                                                                    (ptrdiff_t)( )
/home/matt/quakespasm/Quake/snd_dma.c:756:47: note: perform multiplication in a wider type
  756 |                         s_rawsamples [dst].left = (((byte *) data)[src * 2] - 128) * intVolume;
      |                                                                    ^~~
      |                                                                    (ptrdiff_t)
/home/matt/quakespasm/Quake/snd_dma.c:1020:9: warning: 'atof' used to convert a string to a floating-point value, but function will not report conversion errors; consider using 'strtod' instead [cert-err34-c]
 1020 |                 vol = atof(Cmd_Argv(i + 1));
      |                       ^
/home/matt/quakespasm/Quake/snd_flac.h:4:9: warning: declaration uses identifier '_SND_FLAC_H_', which is a reserved identifier [bugprone-reserved-identifier,cert-dcl37-c,cert-dcl51-cpp]
    4 | #define _SND_FLAC_H_ 1
      |         ^~~~~~~~~~~~
      |         SND_FLAC_H_
/home/matt/quakespasm/Quake/snd_mikmod.h:4:9: warning: declaration uses identifier '_SND_MIKMOD_H_', which is a reserved identifier [bugprone-reserved-identifier,cert-dcl37-c,cert-dcl51-cpp]
    4 | #define _SND_MIKMOD_H_
      |         ^~~~~~~~~~~~~~
      |         SND_MIKMOD_H_
/home/matt/quakespasm/Quake/snd_mix.c:275:33: warning: result of multiplication in type 'int' is used as a pointer offset after an implicit widening conversion to type 'ptrdiff_t' [bugprone-implicit-widening-of-multiplication-result]
  275 |                 input[filter->kernelsize+i] = data[i * stride] / (32768.0 * 256.0);
      |                                               ^
/home/matt/quakespasm/Quake/snd_mix.c:275:38: note: make conversion explicit to silence this warning
   24 |                 input[filter->kernelsize+i] = data[i * stride] / (32768.0 * 256.0);
      |                                                    ^~~~~~~~~~
      |                                                    (ptrdiff_t)( )
/home/matt/quakespasm/Quake/snd_mix.c:275:38: note: perform multiplication in a wider type
  275 |                 input[filter->kernelsize+i] = data[i * stride] / (32768.0 * 256.0);
      |                                                    ^
      |                                                    (ptrdiff_t)
/home/matt/quakespasm/Quake/snd_mix.c:299:3: warning: result of multiplication in type 'int' is used as a pointer offset after an implicit widening conversion to type 'ptrdiff_t' [bugprone-implicit-widening-of-multiplication-result]
  299 |                 data[i * stride] = (val[0] + val[1] + val[2] + val[3])
      |                 ^
/home/matt/quakespasm/Quake/snd_mix.c:299:8: note: make conversion explicit to silence this warning
  299 |                 data[i * stride] = (val[0] + val[1] + val[2] + val[3])
      |                      ^~~~~~~~~~
      |                      (ptrdiff_t)( )
/home/matt/quakespasm/Quake/snd_mix.c:299:8: note: perform multiplication in a wider type
  299 |                 data[i * stride] = (val[0] + val[1] + val[2] + val[3])
      |                      ^
      |                      (ptrdiff_t)
/home/matt/quakespasm/Quake/snd_modplug.h:3:9: warning: declaration uses identifier '_SND_MODPLUG_H_', which is a reserved identifier [bugprone-reserved-identifier,cert-dcl37-c,cert-dcl51-cpp]
    3 | #define _SND_MODPLUG_H_
      |         ^~~~~~~~~~~~~~~
      |         SND_MODPLUG_H_
/home/matt/quakespasm/Quake/snd_mp3.h:4:9: warning: declaration uses identifier '_SND_MP3_H_', which is a reserved identifier [bugprone-reserved-identifier,cert-dcl37-c,cert-dcl51-cpp]
    4 | #define _SND_MP3_H_
      |         ^~~~~~~~~~~
      |         SND_MP3_H_
/home/matt/quakespasm/Quake/snd_opus.h:4:9: warning: declaration uses identifier '_SND_OPUS_H_', which is a reserved identifier [bugprone-reserved-identifier,cert-dcl37-c,cert-dcl51-cpp]
    4 | #define _SND_OPUS_H_ 1
      |         ^~~~~~~~~~~~
      |         SND_OPUS_H_
/home/matt/quakespasm/Quake/snd_umx.h:3:9: warning: declaration uses identifier '_SND_UMX_H_', which is a reserved identifier [bugprone-reserved-identifier,cert-dcl37-c,cert-dcl51-cpp]
    3 | #define _SND_UMX_H_
      |         ^~~~~~~~~~~
      |         SND_UMX_H_
/home/matt/quakespasm/Quake/snd_vorbis.h:4:9: warning: declaration uses identifier '_SND_VORBIS_H_', which is a reserved identifier [bugprone-reserved-identifier,cert-dcl37-c,cert-dcl51-cpp]
    4 | #define _SND_VORBIS_H_ 1
      |         ^~~~~~~~~~~~~~
      |         SND_VORBIS_H_
/home/matt/quakespasm/Quake/snd_wave.c:102:3: warning: the value returned by this function should not be disregarded; neglecting it may lead to errors [cert-err33-c]
  102 |                 fseek(f, len, SEEK_CUR);
      |                 ^~~~~~~~~~~~~~~~~~~~~~~
/home/matt/quakespasm/Quake/snd_wave.c:102:3: note: cast the expression to void to silence this warning
/home/matt/quakespasm/Quake/snd_wave.c:128:14: warning: an assignment within an 'if' condition is bug-prone [bugprone-assignment-in-if-condition]
  128 |         if ((fmtlen = WAV_FindRIFFChunk(file, "fmt ")) < 0)
      |              ~~~~~~~^~~~~~~~~~~~~~~~~~~~~~~~~~~~~~~~~
/home/matt/quakespasm/Quake/snd_wave.c:128:14: note: if it should be an assignment, move it out of the 'if' condition
/home/matt/quakespasm/Quake/snd_wave.c:128:14: note: if it is meant to be an equality check, change '=' to '=='
/home/matt/quakespasm/Quake/snd_wave.c:161:3: warning: the value returned by this function should not be disregarded; neglecting it may lead to errors [cert-err33-c]
  161 |                 fseek(file, fmtlen, SEEK_CUR);
      |                 ^~~~~~~~~~~~~~~~~~~~~~~~~~~~~
/home/matt/quakespasm/Quake/snd_wave.c:161:3: note: cast the expression to void to silence this warning
/home/matt/quakespasm/Quake/snd_wave.c:165:18: warning: an assignment within an 'if' condition is bug-prone [bugprone-assignment-in-if-condition]
  165 |         if ((info->size = WAV_FindRIFFChunk(file, "data")) < 0)
      |              ~~~~~~~~~~~^~~~~~~~~~~~~~~~~~~~~~~~~~~~~~~~~
/home/matt/quakespasm/Quake/snd_wave.c:165:18: note: if it should be an assignment, move it out of the 'if' condition
/home/matt/quakespasm/Quake/snd_wave.c:165:18: note: if it is meant to be an equality check, change '=' to '=='
/home/matt/quakespasm/Quake/snd_wave.h:4:9: warning: declaration uses identifier '_SND_WAVE_H_', which is a reserved identifier [bugprone-reserved-identifier,cert-dcl37-c,cert-dcl51-cpp]
    4 | #define _SND_WAVE_H_
      |         ^~~~~~~~~~~~
      |         SND_WAVE_H_
/home/matt/quakespasm/Quake/snd_xmp.h:3:9: warning: declaration uses identifier '_SND_XMP_H_', which is a reserved identifier [bugprone-reserved-identifier,cert-dcl37-c,cert-dcl51-cpp]
    3 | #define _SND_XMP_H_
      |         ^~~~~~~~~~~
      |         SND_XMP_H_
/home/matt/quakespasm/Quake/spritegn.h:23:9: warning: declaration uses identifier '__SPRITEGEN_H', which is a reserved identifier [bugprone-reserved-identifier,cert-dcl37-c,cert-dcl51-cpp]
   23 | #define __SPRITEGEN_H
      |         ^~~~~~~~~~~~~
      |         SPRITEGEN_H
/home/matt/quakespasm/Quake/stb_image_write.h:223:4: warning: the value returned by this function should not be disregarded; neglecting it may lead to errors [cert-err33-c]
  223 |    fwrite(data,1,size,(FILE*) context);
      |    ^~~~~~~~~~~~~~~~~~~~~~~~~~~~~~~~~~~
/home/matt/quakespasm/Quake/stb_image_write.h:223:4: note: cast the expression to void to silence this warning
/home/matt/quakespasm/Quake/stb_image_write.h:235:4: warning: the value returned by this function should not be disregarded; neglecting it may lead to errors [cert-err33-c]
  235 |    fclose((FILE *)s->context);
      |    ^~~~~~~~~~~~~~~~~~~~~~~~~~
/home/matt/quakespasm/Quake/stb_image_write.h:235:4: note: cast the expression to void to silence this warning
/home/matt/quakespasm/Quake/strl_fn.h:4:9: warning: declaration uses identifier '__STRLFUNCS_H', which is a reserved identifier [bugprone-reserved-identifier,cert-dcl37-c,cert-dcl51-cpp]
    4 | #define __STRLFUNCS_H
      |         ^~~~~~~~~~~~~
      |         STRLFUNCS_H
/home/matt/quakespasm/Quake/strlcpy.c:40:14: warning: an assignment within an 'if' condition is bug-prone [bugprone-assignment-in-if-condition]
   40 |                         if ((*d++ = *s++) == '\0')
      |                              ~~~~~^~~~~~
/home/matt/quakespasm/Quake/strlcpy.c:40:14: note: if it should be an assignment, move it out of the 'if' condition
/home/matt/quakespasm/Quake/strlcpy.c:40:14: note: if it is meant to be an equality check, change '=' to '=='
/home/matt/quakespasm/Quake/sv_main.c:55:7: warning: 'atoi' used to convert a string to an integer value, but function will not report conversion errors; consider using 'strtol' instead [cert-err34-c]
   55 |                 i = atoi(Cmd_Argv(1));
      |                     ^
/home/matt/quakespasm/Quake/sv_main.c:114:3: warning: the value returned by this function should not be disregarded; neglecting it may lead to errors [cert-err33-c]
  114 |                 sprintf (localmodels[i], "*%i", i);
      |                 ^~~~~~~~~~~~~~~~~~~~~~~~~~~~~~~~~~
/home/matt/quakespasm/Quake/sv_main.c:114:3: note: cast the expression to void to silence this warning
/home/matt/quakespasm/Quake/sv_main.c:118:17: warning: 'atoi' used to convert a string to an integer value, but function will not report conversion errors; consider using 'strtol' instead [cert-err34-c]
  118 |                 sv_protocol = atoi (com_argv[i + 1]);
      |                               ^
/home/matt/quakespasm/Quake/sv_main.c:340:2: warning: the value returned by this function should not be disregarded; neglecting it may lead to errors [cert-err33-c]
  340 |         sprintf (message, "%c\nFITZQUAKE %1.2f SERVER (%i CRC)\n", 2, FITZQUAKE_VERSION, pr_crc); //johnfitz -- include fitzquake version
      |         ^~~~~~~~~~~~~~~~~~~~~~~~~~~~~~~~~~~~~~~~~~~~~~~~~~~~~~~~~~~~~~~~~~~~~~~~~~~~~~~~~~~~~~~~
/home/matt/quakespasm/Quake/sv_main.c:340:2: note: cast the expression to void to silence this warning
/home/matt/quakespasm/Quake/sv_main.c:515:6: warning: function 'SV_AddToFatPVS' is within a recursive call chain [misc-no-recursion]
  515 | void SV_AddToFatPVS (vec3_t org, mnode_t *node, qmodel_t *worldmodel) //johnfitz -- added worldmodel as a parameter
      |      ^
/home/matt/quakespasm/Quake/sv_main.c:515:6: note: example recursive call chain, starting from function 'SV_AddToFatPVS'
/home/matt/quakespasm/Quake/sv_main.c:544:4: note: Frame #1: function 'SV_AddToFatPVS' calls function 'SV_AddToFatPVS' here:
  544 |                         SV_AddToFatPVS (org, node->children[0], worldmodel); //johnfitz -- worldmodel as a parameter
      |                         ^
/home/matt/quakespasm/Quake/sv_main.c:544:4: note: ... which was the starting point of the recursive call chain; there may be other cycles
/home/matt/quakespasm/Quake/sv_main.c:564:21: warning: 'fatpvs' may be set to null if 'realloc' fails, which may result in a leak of the original buffer [bugprone-suspicious-realloc-usage]
  564 |                 fatpvs = (byte *) realloc (fatpvs, fatpvs_capacity);
      |                 ~~~~~~            ^        ~~~~~~
/home/matt/quakespasm/Quake/sv_main.c:1521:34: warning: performing an implicit widening conversion to type 'unsigned long' of a multiplication performed in type 'int' [bugprone-implicit-widening-of-multiplication-result]
 1521 |         sv.edicts = (edict_t *) malloc (sv.max_edicts*pr_edict_size); // ericw -- sv.edicts switched to use malloc()
      |                                         ^
/home/matt/quakespasm/Quake/sv_main.c:1521:34: note: make conversion explicit to silence this warning
   24 |         sv.edicts = (edict_t *) malloc (sv.max_edicts*pr_edict_size); // ericw -- sv.edicts switched to use malloc()
      |                                         ^~~~~~~~~~~~~~~~~~~~~~~~~~~
      |                                         (unsigned long)(           )
/home/matt/quakespasm/Quake/sv_main.c:1521:34: note: perform multiplication in a wider type
 1521 |         sv.edicts = (edict_t *) malloc (sv.max_edicts*pr_edict_size); // ericw -- sv.edicts switched to use malloc()
      |                                         ^~~~~~~~~~~~~
      |                                         (long)
/home/matt/quakespasm/Quake/sv_main.c:1535:23: warning: performing an implicit widening conversion to type 'unsigned long' of a multiplication performed in type 'int' [bugprone-implicit-widening-of-multiplication-result]
 1535 |         memset(sv.edicts, 0, sv.num_edicts*pr_edict_size); // ericw -- sv.edicts switched to use malloc()
      |                              ^
/home/matt/quakespasm/Quake/sv_main.c:1535:23: note: make conversion explicit to silence this warning
 1535 |         memset(sv.edicts, 0, sv.num_edicts*pr_edict_size); // ericw -- sv.edicts switched to use malloc()
      |                              ^~~~~~~~~~~~~~~~~~~~~~~~~~~
      |                              (unsigned long)(           )
/home/matt/quakespasm/Quake/sv_main.c:1535:23: note: perform multiplication in a wider type
 1535 |         memset(sv.edicts, 0, sv.num_edicts*pr_edict_size); // ericw -- sv.edicts switched to use malloc()
      |                              ^~~~~~~~~~~~~
      |                              (long)
/home/matt/quakespasm/Quake/sv_main.c:1577:22: warning: performing an implicit widening conversion to type 'unsigned long' of a multiplication performed in type 'int' [bugprone-implicit-widening-of-multiplication-result]
 1577 |         memset (&ent->v, 0, progs->entityfields * 4);
      |                             ^
/home/matt/quakespasm/Quake/sv_main.c:1577:22: note: make conversion explicit to silence this warning
 1577 |         memset (&ent->v, 0, progs->entityfields * 4);
      |                             ^~~~~~~~~~~~~~~~~~~~~~~
      |                             (unsigned long)(       )
/home/matt/quakespasm/Quake/sv_main.c:1577:22: note: perform multiplication in a wider type
 1577 |         memset (&ent->v, 0, progs->entityfields * 4);
      |                             ^~~~~~~~~~~~~~~~~~~
      |                             (long)
/home/matt/quakespasm/Quake/sv_move.c:244:12: warning: call to 'cos' promotes float to double [performance-type-promotion-in-math-fn]
  244 |         move[0] = cos(yaw)*dist;
      |                   ^~~
      |                   cosf
/home/matt/quakespasm/Quake/sv_move.c:245:12: warning: call to 'sin' promotes float to double [performance-type-promotion-in-math-fn]
  245 |         move[1] = sin(yaw)*dist;
      |                   ^~~
      |                   sinf
/home/matt/quakespasm/Quake/sv_move.c:283:18: warning: macro replacement list should be enclosed in parentheses [bugprone-macro-parentheses]
  283 | #define DI_NODIR        -1
      |                         ^ 
      |                         ( )
/home/matt/quakespasm/Quake/sv_move.c:321:9: warning: rand() has limited randomness [cert-msc30-c,cert-msc50-cpp]
  321 |         if ( ((rand()&3) & 1) ||  abs((int)deltay)>abs((int)deltax)) // ericw -- explicit int cast to suppress clang suggestion to use fabsf
      |                ^
/home/matt/quakespasm/Quake/sv_move.c:341:6: warning: rand() has limited randomness [cert-msc30-c,cert-msc50-cpp]
  341 |         if (rand()&1)   /*randomly determine direction of search*/
      |             ^
/home/matt/quakespasm/Quake/sv_move.c:343:3: warning: Variable 'tdir' with floating point type 'float' should not be used as a loop counter [clang-analyzer-security.FloatLoopCounter]
  343 |                 for (tdir=0 ; tdir<=315 ; tdir += 45)
      |                 ^             ~~~~        ~~~~
/home/matt/quakespasm/Quake/sv_move.c:343:3: note: Variable 'tdir' with floating point type 'float' should not be used as a loop counter
  343 |                 for (tdir=0 ; tdir<=315 ; tdir += 45)
      |                 ^             ~~~~        ~~~~
/home/matt/quakespasm/Quake/sv_move.c:343:29: warning: loop induction expression should not have floating-point type [cert-flp30-c]
  343 |                 for (tdir=0 ; tdir<=315 ; tdir += 45)
      |                               ~~~~        ^~~~
/home/matt/quakespasm/Quake/sv_move.c:349:3: warning: Variable 'tdir' with floating point type 'float' should not be used as a loop counter [clang-analyzer-security.FloatLoopCounter]
  349 |                 for (tdir=315 ; tdir >=0 ; tdir -= 45)
      |                 ^               ~~~~       ~~~~
/home/matt/quakespasm/Quake/sv_move.c:349:3: note: Variable 'tdir' with floating point type 'float' should not be used as a loop counter
  349 |                 for (tdir=315 ; tdir >=0 ; tdir -= 45)
      |                 ^               ~~~~       ~~~~
/home/matt/quakespasm/Quake/sv_move.c:349:30: warning: loop induction expression should not have floating-point type [cert-flp30-c]
  349 |                 for (tdir=315 ; tdir >=0 ; tdir -= 45)
      |                                 ~~~~       ^~~~
/home/matt/quakespasm/Quake/sv_move.c:413:8: warning: rand() has limited randomness [cert-msc30-c,cert-msc50-cpp]
  413 |         if ( (rand()&3)==1 ||
      |               ^
/home/matt/quakespasm/Quake/sv_phys.c:756:3: warning: switching on non-enum value without default case may not cover all cases [bugprone-switch-missing-default-case]
  756 |                 switch (i)
      |                 ^
/home/matt/quakespasm/Quake/sv_user.c:65:11: warning: call to 'sin' promotes float to double [performance-type-promotion-in-math-fn]
   65 |         sinval = sin(angleval);
      |                  ^~~
      |                  sinf
/home/matt/quakespasm/Quake/sv_user.c:66:11: warning: call to 'cos' promotes float to double [performance-type-promotion-in-math-fn]
   66 |         cosval = cos(angleval);
      |                  ^~~
      |                  cosf
/home/matt/quakespasm/Quake/sv_user.c:131:10: warning: call to 'sqrt' promotes float to double [performance-type-promotion-in-math-fn]
  131 |         speed = sqrt(vel[0]*vel[0] +vel[1]*vel[1]);
      |                 ^~~~
      |                 sqrtf
/home/matt/quakespasm/Quake/sv_user.c:532:6: warning: repeated branch body in conditional chain [bugprone-branch-clone]
  532 |                                         ret = 1;
      |                                         ^
/home/matt/quakespasm/Quake/sv_user.c:532:13: note: end of the original
  532 |                                         ret = 1;
      |                                                ^
/home/matt/quakespasm/Quake/sv_user.c:534:6: note: clone 1 starts here
  534 |                                         ret = 1;
      |                                         ^
/home/matt/quakespasm/Quake/sv_user.c:536:6: note: clone 2 starts here
  536 |                                         ret = 1;
      |                                         ^
/home/matt/quakespasm/Quake/sv_user.c:538:6: note: clone 3 starts here
  538 |                                         ret = 1;
      |                                         ^
/home/matt/quakespasm/Quake/sv_user.c:540:6: note: clone 4 starts here
  540 |                                         ret = 1;
      |                                         ^
/home/matt/quakespasm/Quake/sv_user.c:542:6: note: clone 5 starts here
  542 |                                         ret = 1;
      |                                         ^
/home/matt/quakespasm/Quake/sv_user.c:544:6: note: clone 6 starts here
  544 |                                         ret = 1;
      |                                         ^
/home/matt/quakespasm/Quake/sv_user.c:546:6: note: clone 7 starts here
  546 |                                         ret = 1;
      |                                         ^
/home/matt/quakespasm/Quake/sv_user.c:548:6: note: clone 8 starts here
  548 |                                         ret = 1;
      |                                         ^
/home/matt/quakespasm/Quake/sv_user.c:550:6: note: clone 9 starts here
  550 |                                         ret = 1;
      |                                         ^
/home/matt/quakespasm/Quake/sv_user.c:552:6: note: clone 10 starts here
  552 |                                         ret = 1;
      |                                         ^
/home/matt/quakespasm/Quake/sv_user.c:554:6: note: clone 11 starts here
  554 |                                         ret = 1;
      |                                         ^
/home/matt/quakespasm/Quake/sv_user.c:556:6: note: clone 12 starts here
  556 |                                         ret = 1;
      |                                         ^
/home/matt/quakespasm/Quake/sv_user.c:558:6: note: clone 13 starts here
  558 |                                         ret = 1;
      |                                         ^
/home/matt/quakespasm/Quake/sv_user.c:560:6: note: clone 14 starts here
  560 |                                         ret = 1;
      |                                         ^
/home/matt/quakespasm/Quake/sv_user.c:562:6: note: clone 15 starts here
  562 |                                         ret = 1;
      |                                         ^
/home/matt/quakespasm/Quake/sv_user.c:564:6: note: clone 16 starts here
  564 |                                         ret = 1;
      |                                         ^
/home/matt/quakespasm/Quake/sv_user.c:566:6: note: clone 17 starts here
  566 |                                         ret = 1;
      |                                         ^
/home/matt/quakespasm/Quake/sv_user.c:568:6: note: clone 18 starts here
  568 |                                         ret = 1;
      |                                         ^
/home/matt/quakespasm/Quake/sv_user.c:570:6: note: clone 19 starts here
  570 |                                         ret = 1;
      |                                         ^
/home/matt/quakespasm/Quake/sys.h:23:9: warning: declaration uses identifier '_QUAKE_SYS_H', which is a reserved identifier [bugprone-reserved-identifier,cert-dcl37-c,cert-dcl51-cpp]
   23 | #define _QUAKE_SYS_H
      |         ^~~~~~~~~~~~
      |         QUAKE_SYS_H
/home/matt/quakespasm/Quake/sys_sdl_unix.c:77:2: warning: the value returned by this function should not be disregarded; neglecting it may lead to errors [cert-err33-c]
   77 |         fseek (f, 0, SEEK_END);
      |         ^~~~~~~~~~~~~~~~~~~~~~
/home/matt/quakespasm/Quake/sys_sdl_unix.c:77:2: note: cast the expression to void to silence this warning
/home/matt/quakespasm/Quake/sys_sdl_unix.c:79:2: warning: the value returned by this function should not be disregarded; neglecting it may lead to errors [cert-err33-c]
   79 |         fseek (f, pos, SEEK_SET);
      |         ^~~~~~~~~~~~~~~~~~~~~~~~
/home/matt/quakespasm/Quake/sys_sdl_unix.c:79:2: note: cast the expression to void to silence this warning
/home/matt/quakespasm/Quake/sys_sdl_unix.c:124:2: warning: the value returned by this function should not be disregarded; neglecting it may lead to errors [cert-err33-c]
  124 |         fclose (sys_handles[handle]);
      |         ^~~~~~~~~~~~~~~~~~~~~~~~~~~~
/home/matt/quakespasm/Quake/sys_sdl_unix.c:124:2: note: cast the expression to void to silence this warning
/home/matt/quakespasm/Quake/sys_sdl_unix.c:130:2: warning: the value returned by this function should not be disregarded; neglecting it may lead to errors [cert-err33-c]
  130 |         fseek (sys_handles[handle], position, SEEK_SET);
      |         ^~~~~~~~~~~~~~~~~~~~~~~~~~~~~~~~~~~~~~~~~~~~~~~
/home/matt/quakespasm/Quake/sys_sdl_unix.c:130:2: note: cast the expression to void to silence this warning
/home/matt/quakespasm/Quake/sys_sdl_unix.c:464:2: warning: the value returned by this function should not be disregarded; neglecting it may lead to errors [cert-err33-c]
  464 |         fputs (errortxt1, stderr);
      |         ^~~~~~~~~~~~~~~~~~~~~~~~~
/home/matt/quakespasm/Quake/sys_sdl_unix.c:464:2: note: cast the expression to void to silence this warning
/home/matt/quakespasm/Quake/sys_sdl_unix.c:466:2: warning: the value returned by this function should not be disregarded; neglecting it may lead to errors [cert-err33-c]
  466 |         fputs (errortxt2, stderr);
      |         ^~~~~~~~~~~~~~~~~~~~~~~~~
/home/matt/quakespasm/Quake/sys_sdl_unix.c:466:2: note: cast the expression to void to silence this warning
/home/matt/quakespasm/Quake/sys_sdl_unix.c:467:2: warning: the value returned by this function should not be disregarded; neglecting it may lead to errors [cert-err33-c]
  467 |         fputs (text, stderr);
      |         ^~~~~~~~~~~~~~~~~~~~
/home/matt/quakespasm/Quake/sys_sdl_unix.c:467:2: note: cast the expression to void to silence this warning
/home/matt/quakespasm/Quake/sys_sdl_unix.c:468:2: warning: the value returned by this function should not be disregarded; neglecting it may lead to errors [cert-err33-c]
  468 |         fputs ("\n\n", stderr);
      |         ^~~~~~~~~~~~~~~~~~~~~~
/home/matt/quakespasm/Quake/sys_sdl_unix.c:468:2: note: cast the expression to void to silence this warning
/home/matt/quakespasm/Quake/sys_sdl_win.c:27:10: error: 'windows.h' file not found [clang-diagnostic-error]
   27 | #include <windows.h>
      |          ^~~~~~~~~~~
/home/matt/quakespasm/Quake/sys_sdl_win.c:76:2: warning: the value returned by this function should not be disregarded; neglecting it may lead to errors [cert-err33-c]
   76 |         fseek (f, 0, SEEK_END);
      |         ^~~~~~~~~~~~~~~~~~~~~~
/home/matt/quakespasm/Quake/sys_sdl_win.c:76:2: note: cast the expression to void to silence this warning
/home/matt/quakespasm/Quake/sys_sdl_win.c:78:2: warning: the value returned by this function should not be disregarded; neglecting it may lead to errors [cert-err33-c]
   78 |         fseek (f, pos, SEEK_SET);
      |         ^~~~~~~~~~~~~~~~~~~~~~~~
/home/matt/quakespasm/Quake/sys_sdl_win.c:78:2: note: cast the expression to void to silence this warning
/home/matt/quakespasm/Quake/sys_sdl_win.c:123:2: warning: the value returned by this function should not be disregarded; neglecting it may lead to errors [cert-err33-c]
  123 |         fclose (sys_handles[handle]);
      |         ^~~~~~~~~~~~~~~~~~~~~~~~~~~~
/home/matt/quakespasm/Quake/sys_sdl_win.c:123:2: note: cast the expression to void to silence this warning
/home/matt/quakespasm/Quake/sys_sdl_win.c:129:2: warning: the value returned by this function should not be disregarded; neglecting it may lead to errors [cert-err33-c]
  129 |         fseek (sys_handles[handle], position, SEEK_SET);
      |         ^~~~~~~~~~~~~~~~~~~~~~~~~~~~~~~~~~~~~~~~~~~~~~~
/home/matt/quakespasm/Quake/sys_sdl_win.c:129:2: note: cast the expression to void to silence this warning
/home/matt/quakespasm/Quake/sys_sdl_win.c:311:2: warning: the value returned by this function should not be disregarded; neglecting it may lead to errors [cert-err33-c]
  311 |         fputs (errortxt1, stderr);
      |         ^~~~~~~~~~~~~~~~~~~~~~~~~
/home/matt/quakespasm/Quake/sys_sdl_win.c:311:2: note: cast the expression to void to silence this warning
/home/matt/quakespasm/Quake/sys_sdl_win.c:313:2: warning: the value returned by this function should not be disregarded; neglecting it may lead to errors [cert-err33-c]
  313 |         fputs (errortxt2, stderr);
      |         ^~~~~~~~~~~~~~~~~~~~~~~~~
/home/matt/quakespasm/Quake/sys_sdl_win.c:313:2: note: cast the expression to void to silence this warning
/home/matt/quakespasm/Quake/sys_sdl_win.c:314:2: warning: the value returned by this function should not be disregarded; neglecting it may lead to errors [cert-err33-c]
  314 |         fputs (text, stderr);
      |         ^~~~~~~~~~~~~~~~~~~~
/home/matt/quakespasm/Quake/sys_sdl_win.c:314:2: note: cast the expression to void to silence this warning
/home/matt/quakespasm/Quake/sys_sdl_win.c:315:2: warning: the value returned by this function should not be disregarded; neglecting it may lead to errors [cert-err33-c]
  315 |         fputs ("\n\n", stderr);
      |         ^~~~~~~~~~~~~~~~~~~~~~
/home/matt/quakespasm/Quake/sys_sdl_win.c:315:2: note: cast the expression to void to silence this warning
/home/matt/quakespasm/Quake/sys_sdl_win.c:347:3: warning: the value returned by this function should not be disregarded; neglecting it may lead to errors [cert-err33-c]
  347 |                 fputs (text, stdout);
      |                 ^~~~~~~~~~~~~~~~~~~~
/home/matt/quakespasm/Quake/sys_sdl_win.c:347:3: note: cast the expression to void to silence this warning
/home/matt/quakespasm/Quake/vid.h:25:9: warning: declaration uses identifier '__VID_DEFS_H', which is a reserved identifier [bugprone-reserved-identifier,cert-dcl37-c,cert-dcl51-cpp]
   25 | #define __VID_DEFS_H
      |         ^~~~~~~~~~~~
      |         VID_DEFS_H
/home/matt/quakespasm/Quake/view.c:89:9: warning: call to 'fabs' promotes float to double [performance-type-promotion-in-math-fn]
   89 |         side = fabs(side);
      |                ^~~~
      |                fabsf
/home/matt/quakespasm/Quake/view.c:130:26: warning: call to 'sin' promotes float to double [performance-type-promotion-in-math-fn]
  130 |         bob = bob*0.3 + bob*0.7*sin(cycle);
      |                                 ^~~
      |                                 sinf
/home/matt/quakespasm/Quake/view.c:197:8: warning: call to 'fabs' promotes float to double [performance-type-promotion-in-math-fn]
  197 |                 if ( fabs(cl.cmd.forwardmove) < cl_forwardspeed.value)
      |                      ^~~~
      |                      fabsf
/home/matt/quakespasm/Quake/view.c:340:30: warning: 'atoi' used to convert a string to an integer value, but function will not report conversion errors; consider using 'strtol' instead [cert-err34-c]
  340 |         cshift_empty.destcolor[0] = atoi(Cmd_Argv(1));
      |                                     ^
/home/matt/quakespasm/Quake/view.c:341:30: warning: 'atoi' used to convert a string to an integer value, but function will not report conversion errors; consider using 'strtol' instead [cert-err34-c]
  341 |         cshift_empty.destcolor[1] = atoi(Cmd_Argv(2));
      |                                     ^
/home/matt/quakespasm/Quake/view.c:342:30: warning: 'atoi' used to convert a string to an integer value, but function will not report conversion errors; consider using 'strtol' instead [cert-err34-c]
  342 |         cshift_empty.destcolor[2] = atoi(Cmd_Argv(3));
      |                                     ^
/home/matt/quakespasm/Quake/view.c:343:25: warning: 'atoi' used to convert a string to an integer value, but function will not report conversion errors; consider using 'strtol' instead [cert-err34-c]
  343 |         cshift_empty.percent = atoi(Cmd_Argv(4));
      |                                ^
/home/matt/quakespasm/Quake/view.c:812:4: warning: repeated branch body in conditional chain [bugprone-branch-clone]
  812 |                         view->origin[2] += 1;
      |                         ^
/home/matt/quakespasm/Quake/view.c:812:24: note: end of the original
  812 |                         view->origin[2] += 1;
      |                                             ^
/home/matt/quakespasm/Quake/view.c:816:4: note: clone 1 starts here
  816 |                         view->origin[2] += 1;
      |                         ^
/home/matt/quakespasm/Quake/view.h:24:9: warning: declaration uses identifier '_QUAKE_VIEW_H', which is a reserved identifier [bugprone-reserved-identifier,cert-dcl37-c,cert-dcl51-cpp]
   24 | #define _QUAKE_VIEW_H
      |         ^~~~~~~~~~~~~
      |         QUAKE_VIEW_H
/home/matt/quakespasm/Quake/wad.c:50:7: warning: 'signed char' to 'int' conversion; consider casting to 'unsigned char' first. [bugprone-signed-char-misuse,cert-str34-c]
   50 |                 c = in[i];
      |                     ^
/home/matt/quakespasm/Quake/wad.h:24:9: warning: declaration uses identifier '_QUAKE_WAD_H', which is a reserved identifier [bugprone-reserved-identifier,cert-dcl37-c,cert-dcl51-cpp]
   24 | #define _QUAKE_WAD_H
      |         ^~~~~~~~~~~~
      |         QUAKE_WAD_H
/home/matt/quakespasm/Quake/world.c:207:13: warning: function 'SV_CreateAreaNode' is within a recursive call chain [misc-no-recursion]
  207 | areanode_t *SV_CreateAreaNode (int depth, vec3_t mins, vec3_t maxs)
      |             ^
/home/matt/quakespasm/Quake/world.c:207:13: note: example recursive call chain, starting from function 'SV_CreateAreaNode'
/home/matt/quakespasm/Quake/world.c:240:23: note: Frame #1: function 'SV_CreateAreaNode' calls function 'SV_CreateAreaNode' here:
  240 |         anode->children[0] = SV_CreateAreaNode (depth+1, mins2, maxs2);
      |                              ^
/home/matt/quakespasm/Quake/world.c:240:23: note: ... which was the starting point of the recursive call chain; there may be other cycles
/home/matt/quakespasm/Quake/world.c:286:1: warning: function 'SV_AreaTriggerEdicts' is within a recursive call chain [misc-no-recursion]
  286 | SV_AreaTriggerEdicts ( edict_t *ent, areanode_t *node, edict_t **list, int *listcount, const int listspace )
      | ^
/home/matt/quakespasm/Quake/world.c:286:1: note: example recursive call chain, starting from function 'SV_AreaTriggerEdicts'
/home/matt/quakespasm/Quake/world.c:320:3: note: Frame #1: function 'SV_AreaTriggerEdicts' calls function 'SV_AreaTriggerEdicts' here:
  320 |                 SV_AreaTriggerEdicts ( ent, node->children[0], list, listcount, listspace );
      |                 ^
/home/matt/quakespasm/Quake/world.c:320:3: note: ... which was the starting point of the recursive call chain; there may be other cycles
/home/matt/quakespasm/Quake/world.c:388:6: warning: function 'SV_FindTouchedLeafs' is within a recursive call chain [misc-no-recursion]
  388 | void SV_FindTouchedLeafs (edict_t *ent, mnode_t *node)
      |      ^
/home/matt/quakespasm/Quake/world.c:388:6: note: example recursive call chain, starting from function 'SV_FindTouchedLeafs'
/home/matt/quakespasm/Quake/world.c:420:3: note: Frame #1: function 'SV_FindTouchedLeafs' calls function 'SV_FindTouchedLeafs' here:
  420 |                 SV_FindTouchedLeafs (ent, node->children[0]);
      |                 ^
/home/matt/quakespasm/Quake/world.c:420:3: note: ... which was the starting point of the recursive call chain; there may be other cycles
/home/matt/quakespasm/Quake/world.c:606:10: warning: function 'SV_RecursiveHullCheck' is within a recursive call chain [misc-no-recursion]
  606 | qboolean SV_RecursiveHullCheck (hull_t *hull, int num, float p1f, float p2f, vec3_t p1, vec3_t p2, trace_t *trace)
      |          ^
/home/matt/quakespasm/Quake/world.c:606:10: note: example recursive call chain, starting from function 'SV_RecursiveHullCheck'
/home/matt/quakespasm/Quake/world.c:655:10: note: Frame #1: function 'SV_RecursiveHullCheck' calls function 'SV_RecursiveHullCheck' here:
  655 |                 return SV_RecursiveHullCheck (hull, node->children[0], p1f, p2f, p1, p2, trace);
      |                        ^
/home/matt/quakespasm/Quake/world.c:655:10: note: ... which was the starting point of the recursive call chain; there may be other cycles
/home/matt/quakespasm/Quake/world.c:789:6: warning: function 'SV_ClipToLinks' is within a recursive call chain [misc-no-recursion]
  789 | void SV_ClipToLinks ( areanode_t *node, moveclip_t *clip )
      |      ^
/home/matt/quakespasm/Quake/world.c:789:6: note: example recursive call chain, starting from function 'SV_ClipToLinks'
/home/matt/quakespasm/Quake/world.c:857:3: note: Frame #1: function 'SV_ClipToLinks' calls function 'SV_ClipToLinks' here:
  857 |                 SV_ClipToLinks ( node->children[0], clip );
      |                 ^
/home/matt/quakespasm/Quake/world.c:857:3: note: ... which was the starting point of the recursive call chain; there may be other cycles
/home/matt/quakespasm/Quake/world.c:845:4: warning: different indentation for 'if' and corresponding 'else' [readability-misleading-indentation]
  845 |                         else
      |                         ^
/home/matt/quakespasm/Quake/world.h:24:9: warning: declaration uses identifier '_QUAKE_WORLD_H', which is a reserved identifier [bugprone-reserved-identifier,cert-dcl37-c,cert-dcl51-cpp]
   24 | #define _QUAKE_WORLD_H
      |         ^~~~~~~~~~~~~~
      |         QUAKE_WORLD_H
/home/matt/quakespasm/Quake/wsaerror.h:13:29: warning: declaration uses identifier '__WSAE_StrError', which is a reserved identifier [bugprone-reserved-identifier,cert-dcl37-c,cert-dcl51-cpp]
   13 | __wsaerr_static const char *__WSAE_StrError (int err)
      |                             ^~~~~~~~~~~~~~~
      |                             WSAE_StrError
/home/matt/quakespasm/Quake/wsaerror.h:18:7: error: use of undeclared identifier 'WSAEINTR' [clang-diagnostic-error]
   18 |         case WSAEINTR:          return "Interrupted system call";               /* 10004 */
      |              ^
/home/matt/quakespasm/Quake/wsaerror.h:19:7: error: use of undeclared identifier 'WSAEBADF' [clang-diagnostic-error]
   19 |         case WSAEBADF:          return "Bad file number";                       /* 10009 */
      |              ^
/home/matt/quakespasm/Quake/wsaerror.h:20:7: error: use of undeclared identifier 'WSAEACCES' [clang-diagnostic-error]
   20 |         case WSAEACCES:         return "Permission denied";                     /* 10013 */
      |              ^
/home/matt/quakespasm/Quake/wsaerror.h:21:7: error: use of undeclared identifier 'WSAEFAULT' [clang-diagnostic-error]
   21 |         case WSAEFAULT:         return "Bad address";                           /* 10014 */
      |              ^
/home/matt/quakespasm/Quake/wsaerror.h:22:7: error: use of undeclared identifier 'WSAEINVAL' [clang-diagnostic-error]
   22 |         case WSAEINVAL:         return "Invalid argument (not bind)";           /* 10022 */
      |              ^
/home/matt/quakespasm/Quake/wsaerror.h:23:7: error: use of undeclared identifier 'WSAEMFILE' [clang-diagnostic-error]
   23 |         case WSAEMFILE:         return "Too many open files";                   /* 10024 */
      |              ^
/home/matt/quakespasm/Quake/wsaerror.h:24:7: error: use of undeclared identifier 'WSAEWOULDBLOCK' [clang-diagnostic-error]
   24 |         case WSAEWOULDBLOCK:    return "Operation would block";                 /* 10035 */
      |              ^
/home/matt/quakespasm/Quake/wsaerror.h:25:7: error: use of undeclared identifier 'WSAEINPROGRESS' [clang-diagnostic-error]
   25 |         case WSAEINPROGRESS:    return "Operation now in progress";             /* 10036 */
      |              ^
/home/matt/quakespasm/Quake/wsaerror.h:26:7: error: use of undeclared identifier 'WSAEALREADY' [clang-diagnostic-error]
   26 |         case WSAEALREADY:       return "Operation already in progress";         /* 10037 */
      |              ^
/home/matt/quakespasm/Quake/wsaerror.h:27:7: error: use of undeclared identifier 'WSAENOTSOCK' [clang-diagnostic-error]
   27 |         case WSAENOTSOCK:       return "Socket operation on non-socket";        /* 10038 */
      |              ^
/home/matt/quakespasm/Quake/wsaerror.h:28:7: error: use of undeclared identifier 'WSAEDESTADDRREQ' [clang-diagnostic-error]
   28 |         case WSAEDESTADDRREQ:   return "Destination address required";          /* 10039 */
      |              ^
/home/matt/quakespasm/Quake/wsaerror.h:29:7: error: use of undeclared identifier 'WSAEMSGSIZE' [clang-diagnostic-error]
   29 |         case WSAEMSGSIZE:       return "Message too long";                      /* 10040 */
      |              ^
/home/matt/quakespasm/Quake/wsaerror.h:30:7: error: use of undeclared identifier 'WSAEPROTOTYPE' [clang-diagnostic-error]
   30 |         case WSAEPROTOTYPE:     return "Protocol wrong type for socket";        /* 10041 */
      |              ^
/home/matt/quakespasm/Quake/wsaerror.h:31:7: error: use of undeclared identifier 'WSAENOPROTOOPT' [clang-diagnostic-error]
   31 |         case WSAENOPROTOOPT:    return "Bad protocol option";                   /* 10042 */
      |              ^
/home/matt/quakespasm/Quake/wsaerror.h:32:7: error: use of undeclared identifier 'WSAEPROTONOSUPPORT' [clang-diagnostic-error]
   32 |         case WSAEPROTONOSUPPORT: return "Protocol not supported";               /* 10043 */
      |              ^
/home/matt/quakespasm/Quake/wsaerror.h:33:7: error: use of undeclared identifier 'WSAESOCKTNOSUPPORT' [clang-diagnostic-error]
   33 |         case WSAESOCKTNOSUPPORT: return "Socket type not supported";            /* 10044 */
      |              ^
/home/matt/quakespasm/Quake/wsaerror.h:34:7: error: use of undeclared identifier 'WSAEOPNOTSUPP' [clang-diagnostic-error]
   34 |         case WSAEOPNOTSUPP:     return "Operation not supported on socket";     /* 10045 */
      |              ^
/home/matt/quakespasm/Quake/wsaerror.h:35:7: error: use of undeclared identifier 'WSAEPFNOSUPPORT' [clang-diagnostic-error]
   35 |         case WSAEPFNOSUPPORT:   return "Protocol family not supported";         /* 10046 */
      |              ^
/home/matt/quakespasm/Quake/wsaerror.h:86:4: warning: the value returned by this function should not be disregarded; neglecting it may lead to errors [cert-err33-c]
   86 |                         sprintf(_err_unknown, "Unknown WSAE error (%d)", err);
      |                         ^~~~~~~~~~~~~~~~~~~~~~~~~~~~~~~~~~~~~~~~~~~~~~~~~~~~~
/home/matt/quakespasm/Quake/wsaerror.h:86:4: note: cast the expression to void to silence this warning
/home/matt/quakespasm/Quake/zone.c:397:7: warning: function 'strncmp' is called without explicitly comparing result [bugprone-suspicious-string-compare]
  397 |                     strncmp (h->name, next->name, HUNKNAME_LEN - 1))
      |                     ^                                              
      |                                                                     != 0
/home/matt/quakespasm/Quake/zone.c:492:6: warning: function 'Hunk_FreeToHighMark' is within a recursive call chain [misc-no-recursion]
  492 | void Hunk_FreeToHighMark (int mark)
      |      ^
/home/matt/quakespasm/Quake/zone.c:492:6: note: example recursive call chain, starting from function 'Hunk_FreeToHighMark'
/home/matt/quakespasm/Quake/zone.c:497:3: note: Frame #1: function 'Hunk_FreeToHighMark' calls function 'Hunk_FreeToHighMark' here:
  497 |                 Hunk_FreeToHighMark (hunk_tempmark);
      |                 ^
/home/matt/quakespasm/Quake/zone.c:497:3: note: ... which was the starting point of the recursive call chain; there may be other cycles
/home/matt/quakespasm/Quake/zone.h:24:9: warning: declaration uses identifier '__ZZONE_H', which is a reserved identifier [bugprone-reserved-identifier,cert-dcl37-c,cert-dcl51-cpp]
   24 | #define __ZZONE_H
      |         ^~~~~~~~~
      |         ZZONE_H
Suppressed 5394636 warnings (5394636 in non-user code).
Use -header-filter=.* to display errors from all non-system headers. Use -system-headers to display errors from system headers as well.
Found compiler error(s).
