Quake/bgmusic.c:0:0: information: Too many #ifdef configurations - cppcheck only checks 12 of 20 configurations. Use --force to check all configurations. [toomanyconfigs]

^
Quake/quakedef.h:244:0: information: Include file: "SDL.h" not found. [missingInclude]
#include "SDL.h"
^
Quake/quakedef.h:245:0: information: Include file: "SDL_opengl.h" not found. [missingInclude]
#include "SDL_opengl.h"
^
Quake/bgmusic.c:0:0: information: Limiting analysis of branches. Use --check-level=exhaustive to analyze all branches. [normalCheckLevelMaxBranches]

^
Quake/bgmusic.c:379:6: style: The scope of the variable 'res' can be reduced. [variableScope]
 int res; /* Number of bytes read. */
     ^
Quake/bgmusic.c:380:6: style: The scope of the variable 'bufferSamples' can be reduced. [variableScope]
 int bufferSamples;
     ^
Quake/bgmusic.c:381:6: style: The scope of the variable 'fileSamples' can be reduced. [variableScope]
 int fileSamples;
     ^
Quake/bgmusic.c:382:6: style: The scope of the variable 'fileBytes' can be reduced. [variableScope]
 int fileBytes;
     ^
Quake/bgmusic.c:418:14: style: Variable 'fileBytes' is assigned a value that is never used. [unreadVariable]
   fileBytes = res;
             ^
Quake/modelgen.h:42:0: information: Include file: "cmdlib.h" not found. [missingInclude]
#include "cmdlib.h"
^
Quake/modelgen.h:43:0: information: Include file: "scriplib.h" not found. [missingInclude]
#include "scriplib.h"
^
Quake/modelgen.h:44:0: information: Include file: "trilib.h" not found. [missingInclude]
#include "trilib.h"
^
Quake/modelgen.h:45:0: information: Include file: "lbmlib.h" not found. [missingInclude]
#include "lbmlib.h"
^
Quake/spritegn.h:57:0: information: Include file: "cmdlib.h" not found. [missingInclude]
#include "cmdlib.h"
^
Quake/spritegn.h:58:0: information: Include file: "scriplib.h" not found. [missingInclude]
#include "scriplib.h"
^
Quake/spritegn.h:59:0: information: Include file: "dictlib.h" not found. [missingInclude]
#include "dictlib.h"
^
Quake/spritegn.h:60:0: information: Include file: "trilib.h" not found. [missingInclude]
#include "trilib.h"
^
Quake/spritegn.h:61:0: information: Include file: "lbmlib.h" not found. [missingInclude]
#include "lbmlib.h"
^
Quake/q_stdinc.h:58:0: information: Include file: "msinttypes/stdint.h" not found. [missingInclude]
#include "msinttypes/stdint.h"
^
Quake/cd_null.c:0:0: information: Too many #ifdef configurations - cppcheck only checks 12 of 20 configurations. Use --force to check all configurations. [toomanyconfigs]

^
Quake/cd_sdl.c:0:0: information: Too many #ifdef configurations - cppcheck only checks 12 of 23 configurations. Use --force to check all configurations. [toomanyconfigs]

^
Quake/cd_sdl.c:32:0: information: Include file: "SDL.h" not found. [missingInclude]
#include "SDL.h"
^
Quake/cd_sdl.c:0:0: information: Limiting analysis of branches. Use --check-level=exhaustive to analyze all branches. [normalCheckLevelMaxBranches]

^
Quake/cd_sdl.c:221:7: style: The scope of the variable 'ret' can be reduced. [variableScope]
 int  ret, n;
      ^
Quake/cfgfile.c:0:0: information: Too many #ifdef configurations - cppcheck only checks 12 of 20 configurations. Use --force to check all configurations. [toomanyconfigs]

^
Quake/cfgfile.c:0:0: information: Limiting analysis of branches. Use --check-level=exhaustive to analyze all branches. [normalCheckLevelMaxBranches]

^
Quake/cfgfile.c:41:8: style: The scope of the variable 'i' can be reduced. [variableScope]
 int   i, j;
       ^
Quake/cfgfile.c:124:10: style: The scope of the variable 'j' can be reduced. [variableScope]
 int  i, j;
         ^
Quake/cfgfile.c:40:20: style: Variable 'tmp' can be declared as pointer to const [constVariablePointer]
 char buff[1024], *tmp;
                   ^
Quake/chase.c:0:0: information: Too many #ifdef configurations - cppcheck only checks 12 of 20 configurations. Use --force to check all configurations. [toomanyconfigs]

^
Quake/cl_demo.c:0:0: information: Too many #ifdef configurations - cppcheck only checks 12 of 20 configurations. Use --force to check all configurations. [toomanyconfigs]

^
Quake/cl_demo.c:0:0: information: Limiting analysis of branches. Use --check-level=exhaustive to analyze all branches. [normalCheckLevelMaxBranches]

^
Quake/cl_demo.c:141:4: style: Variable 'r' is reassigned a value before the old one has been used. [redundantAssignment]
 r = fread (net_message.data, net_message.cursize, 1, cls.demofile);
   ^
Quake/cl_demo.c:134:5: note: r is assigned
  r = fread (&f, 4, 1, cls.demofile);
    ^
Quake/cl_demo.c:141:4: note: r is overwritten
 r = fread (net_message.data, net_message.cursize, 1, cls.demofile);
   ^
Quake/cl_input.c:0:0: information: Too many #ifdef configurations - cppcheck only checks 12 of 20 configurations. Use --force to check all configurations. [toomanyconfigs]

^
Quake/cl_input.c:0:0: information: Limiting analysis of branches. Use --check-level=exhaustive to analyze all branches. [normalCheckLevelMaxBranches]

^
Quake/cl_input.c:195:3: style: inconclusive: Found duplicate branches for 'if' and 'else'. [duplicateBranch]
  if (down)
  ^
Quake/cl_input.c:197:3: note: Found duplicate branches for 'if' and 'else'.
  else
  ^
Quake/cl_input.c:195:3: note: Found duplicate branches for 'if' and 'else'.
  if (down)
  ^
Quake/cl_main.c:0:0: information: Too many #ifdef configurations - cppcheck only checks 12 of 20 configurations. Use --force to check all configurations. [toomanyconfigs]

^
Quake/cl_main.c:0:0: information: Limiting analysis of branches. Use --check-level=exhaustive to analyze all branches. [normalCheckLevelMaxBranches]

^
Quake/cl_main.c:640:11: style: Condition 'ret' is always true [knownConditionTrueFalse]
 } while (ret && cls.state == ca_connected);
          ^
Quake/cl_parse.c:0:0: information: Too many #ifdef configurations - cppcheck only checks 12 of 20 configurations. Use --force to check all configurations. [toomanyconfigs]

^
Quake/cl_parse.c:0:0: information: Limiting analysis of branches. Use --check-level=exhaustive to analyze all branches. [normalCheckLevelMaxBranches]

^
Quake/cl_parse.c:212:33: warning: Either the condition 'sound_num>=2048' is redundant or the array 'cl.sound_precache[2048]' is accessed at index 2048, which is out of bounds. [arrayIndexOutOfBoundsCond]
 S_LocalSound (cl.sound_precache[sound_num]->name);
                                ^
Quake/cl_parse.c:209:16: note: Assuming that condition 'sound_num>=2048' is not redundant
 if (sound_num >= MAX_SOUNDS)
               ^
Quake/cl_parse.c:212:33: note: Array index out of bounds
 S_LocalSound (cl.sound_precache[sound_num]->name);
                                ^
Quake/cl_parse.c:364:28: warning: Either the condition 'nummodels==4096' is redundant or the array 'model_precache[4096][64]' is accessed at index 4096, which is out of bounds. [arrayIndexOutOfBoundsCond]
  q_strlcpy (model_precache[nummodels], str, MAX_QPATH);
                           ^
Quake/cl_parse.c:360:17: note: Assuming that condition 'nummodels==4096' is not redundant
  if (nummodels == MAX_MODELS)
                ^
Quake/cl_parse.c:364:28: note: Array index out of bounds
  q_strlcpy (model_precache[nummodels], str, MAX_QPATH);
                           ^
Quake/cl_parse.c:386:28: warning: Either the condition 'numsounds==2048' is redundant or the array 'sound_precache[2048][64]' is accessed at index 2048, which is out of bounds. [arrayIndexOutOfBoundsCond]
  q_strlcpy (sound_precache[numsounds], str, MAX_QPATH);
                           ^
Quake/cl_parse.c:382:17: note: Assuming that condition 'numsounds==2048' is not redundant
  if (numsounds == MAX_SOUNDS)
                ^
Quake/cl_parse.c:386:28: note: Array index out of bounds
  q_strlcpy (sound_precache[numsounds], str, MAX_QPATH);
                           ^
Quake/cl_parse.c:1135:28: warning: Either the condition 'i>=64' is redundant or the array 'cl_lightstyle[64]' is accessed at index 64, which is out of bounds. [arrayIndexOutOfBoundsCond]
   q_strlcpy (cl_lightstyle[i].map, MSG_ReadString(), MAX_STYLESTRING);
                           ^
Quake/cl_parse.c:1133:10: note: Assuming that condition 'i>=64' is not redundant
   if (i >= MAX_LIGHTSTYLES)
         ^
Quake/cl_parse.c:1135:28: note: Array index out of bounds
   q_strlcpy (cl_lightstyle[i].map, MSG_ReadString(), MAX_STYLESTRING);
                           ^
Quake/cl_parse.c:1136:17: warning: Either the condition 'i>=64' is redundant or the array 'cl_lightstyle[64]' is accessed at index 64, which is out of bounds. [arrayIndexOutOfBoundsCond]
   cl_lightstyle[i].length = Q_strlen(cl_lightstyle[i].map);
                ^
Quake/cl_parse.c:1133:10: note: Assuming that condition 'i>=64' is not redundant
   if (i >= MAX_LIGHTSTYLES)
         ^
Quake/cl_parse.c:1136:17: note: Array index out of bounds
   cl_lightstyle[i].length = Q_strlen(cl_lightstyle[i].map);
                ^
Quake/cl_parse.c:1138:21: warning: Either the condition 'i>=64' is redundant or the array 'cl_lightstyle[64]' is accessed at index 64, which is out of bounds. [arrayIndexOutOfBoundsCond]
   if (cl_lightstyle[i].length)
                    ^
Quake/cl_parse.c:1133:10: note: Assuming that condition 'i>=64' is not redundant
   if (i >= MAX_LIGHTSTYLES)
         ^
Quake/cl_parse.c:1138:21: note: Array index out of bounds
   if (cl_lightstyle[i].length)
                    ^
Quake/cl_parse.c:1248:12: warning: Either the condition 'i>=32' is redundant or the array 'cl.stats[32]' is accessed at index 32, which is out of bounds. [arrayIndexOutOfBoundsCond]
   cl.stats[i] = MSG_ReadLong ();;
           ^
Quake/cl_parse.c:1246:19: note: Assuming that condition 'i>=32' is not redundant
   if (i < 0 || i >= MAX_CL_STATS)
                  ^
Quake/cl_parse.c:1248:12: note: Array index out of bounds
   cl.stats[i] = MSG_ReadLong ();;
           ^
Quake/cl_parse.c:1248:12: warning: Either the condition 'i<0' is redundant or the array 'cl.stats[32]' is accessed at index -1, which is out of bounds. [negativeIndex]
   cl.stats[i] = MSG_ReadLong ();;
           ^
Quake/cl_parse.c:1246:10: note: Assuming that condition 'i<0' is not redundant
   if (i < 0 || i >= MAX_CL_STATS)
         ^
Quake/cl_parse.c:1248:12: note: Negative array index
   cl.stats[i] = MSG_ReadLong ();;
           ^
Quake/cl_parse.c:1018:8: style: The scope of the variable 'cmd' can be reduced. [variableScope]
 int   cmd;
       ^
Quake/cl_tent.c:0:0: information: Too many #ifdef configurations - cppcheck only checks 12 of 20 configurations. Use --force to check all configurations. [toomanyconfigs]

^
Quake/cl_tent.c:0:0: information: Limiting analysis of branches. Use --check-level=exhaustive to analyze all branches. [normalCheckLevelMaxBranches]

^
Quake/cl_tent.c:80:5: style: Variable 'b->entity' is assigned an expression that holds the same value. [redundantAssignment]
   b->entity = ent;
    ^
Quake/cl_tent.c:78:17: note: Assuming that condition 'b->entity==ent' is not redundant
  if (b->entity == ent)
                ^
Quake/cl_tent.c:80:5: note: Variable 'b->entity' is assigned an expression that holds the same value.
   b->entity = ent;
    ^
Quake/cmd.c:0:0: information: Too many #ifdef configurations - cppcheck only checks 12 of 20 configurations. Use --force to check all configurations. [toomanyconfigs]

^
Quake/cmd.c:0:0: information: Limiting analysis of branches. Use --check-level=exhaustive to analyze all branches. [normalCheckLevelMaxBranches]

^
Quake/cmd.c:148:8: style: The scope of the variable 'text' can be reduced. [variableScope]
 char *text;
       ^
Quake/cmd.c:150:7: style: The scope of the variable 'quotes' can be reduced. [variableScope]
 int  quotes;
      ^
Quake/cmd.c:512:6: style: The scope of the variable 'l' can be reduced. [variableScope]
 int l;
     ^
Quake/cmd.c:649:8: style: Variable 'text' is assigned a value that is never used. [unreadVariable]
   text++;
       ^
Quake/common.c:0:0: information: Too many #ifdef configurations - cppcheck only checks 12 of 30 configurations. Use --force to check all configurations. [toomanyconfigs]

^
Quake/miniz.h:134:0: information: Include file: "SDL.h" not found. [missingInclude]
#include "SDL.h"
^
Quake/common.c:0:0: information: Limiting analysis of branches. Use --check-level=exhaustive to analyze all branches. [normalCheckLevelMaxBranches]

^
Quake/common.c:2338:18: warning: Either the condition 'j<1' is redundant or the array 'com_basedir[1024]' is accessed at index -1, which is out of bounds. [negativeIndex]
 if ((com_basedir[j-1] == '\\') || (com_basedir[j-1] == '/'))
                 ^
Quake/common.c:2337:8: note: Assuming that condition 'j<1' is not redundant
 if (j < 1) Sys_Error("Bad argument to -basedir");
       ^
Quake/common.c:2338:18: note: Negative array index
 if ((com_basedir[j-1] == '\\') || (com_basedir[j-1] == '/'))
                 ^
Quake/common.c:370:4: style: Consider using memcpy instead of loop. [useStandardLibrary]
   ((byte *)dest)[i] = ((byte *)src)[i];
   ^
Quake/common.c:2891:48: style: Redundant condition: The condition '!*key' is redundant since '*key != '$'' is sufficient. [redundantCondition]
 if (!localization.numindices || !key || !*key || *key != '$')
                                               ^
Quake/common.c:1479:19: style: Condition '*(char*)&i==0x12' is always false [knownConditionTrueFalse]
 if ( *(char *)&i == 0x12 )
                  ^
Quake/common.c:1466:10: note: Assignment 'i=0x12345678', assigned value is 305419896
 int i = 0x12345678;
         ^
Quake/common.c:1479:19: note: Condition '*(char*)&i==0x12' is always false
 if ( *(char *)&i == 0x12 )
                  ^
Quake/common.c:1481:24: style: Condition '*(char*)&i==0x78' is always false [knownConditionTrueFalse]
 else if ( *(char *)&i == 0x78 )
                       ^
Quake/common.c:1466:10: note: Assignment 'i=0x12345678', assigned value is 305419896
 int i = 0x12345678;
         ^
Quake/common.c:1481:24: note: Condition '*(char*)&i==0x78' is always false
 else if ( *(char *)&i == 0x78 )
                       ^
Quake/common.c:183:2: error: Memory leak: new_buffer [memleak]
 }
 ^
Quake/common.c:301:10: warning: If memory allocation fails, then there is a possible null pointer dereference: newstr [nullPointerOutOfMemory]
 memcpy (newstr, str, len);
         ^
Quake/common.c:300:33: note: Assuming allocation function fails
 char  *newstr = (char *)malloc (len);
                                ^
Quake/common.c:300:18: note: Assignment 'newstr=(char*)malloc(len)', assigned value is 0
 char  *newstr = (char *)malloc (len);
                 ^
Quake/common.c:301:10: note: Null pointer dereference
 memcpy (newstr, str, len);
         ^
Quake/common.c:1904:3: warning: If memory allocation fails, then there is a possible null pointer dereference: (unsigned char*)buf [nullPointerOutOfMemory]
 ((byte *)buf)[len] = 0;
  ^
Quake/common.c:1895:25: note: Assuming allocation function fails
  buf = (byte *) malloc (len+1);
                        ^
Quake/common.c:1895:9: note: Assignment 'buf=(unsigned char*)malloc(len+1)', assigned value is 0
  buf = (byte *) malloc (len+1);
        ^
Quake/common.c:1904:3: note: Null pointer dereference
 ((byte *)buf)[len] = 0;
  ^
Quake/common.c:181:13: error: If memory allocation fail: pointer addition with NULL pointer. [nullPointerArithmeticOutOfMemory]
  *pvec = 1 + (vec_header_t*)new_buffer;
            ^
Quake/common.c:177:24: note: Assuming allocation function fails
   new_buffer = malloc (total_size);
                       ^
Quake/common.c:177:24: note: Assignment 'new_buffer=malloc(total_size)', assigned value is 0
   new_buffer = malloc (total_size);
                       ^
Quake/common.c:181:13: note: Null pointer addition
  *pvec = 1 + (vec_header_t*)new_buffer;
            ^
Quake/common.c:915:7: style: The scope of the variable 'c' can be reduced. [variableScope]
 int  c;
      ^
Quake/common.c:1411:7: style: The scope of the variable 'i' can be reduced. [variableScope]
 int  i, j, n;
      ^
Quake/common.c:1529:14: style: Variable 'va_buffers' can be declared as const array [constVariable]
 static char va_buffers[VA_NUM_BUFFS][VA_BUFFERLEN];
             ^
Quake/common.c:2482:27: style: Parameter 'fh' can be declared as pointer to const [constParameterPointer]
long FS_ftell(fshandle_t *fh)
                          ^
Quake/common.c:2499:25: style: Parameter 'fh' can be declared as pointer to const [constParameterPointer]
int FS_feof(fshandle_t *fh)
                        ^
Quake/common.c:2547:33: style: Parameter 'fh' can be declared as pointer to const [constParameterPointer]
long FS_filelength (fshandle_t *fh)
                                ^
Quake/common.c:2835:15: style: Variable 'entry' can be declared as pointer to const [constVariablePointer]
  locentry_t *entry = &localization.entries[i];
              ^
Quake/common.c:1529:14: style: Variable 'va_buffers' is not assigned a value. [unassignedVariable]
 static char va_buffers[VA_NUM_BUFFS][VA_BUFFERLEN];
             ^
Quake/common.c:2338:18: warning: Either the condition 'j<1' is redundant or the array 'com_basedir[1]' is accessed at index -1, which is out of bounds. [negativeIndex]
 if ((com_basedir[j-1] == '\\') || (com_basedir[j-1] == '/'))
                 ^
Quake/common.c:2337:8: note: Assuming that condition 'j<1' is not redundant
 if (j < 1) Sys_Error("Bad argument to -basedir");
       ^
Quake/common.c:2338:18: note: Negative array index
 if ((com_basedir[j-1] == '\\') || (com_basedir[j-1] == '/'))
                 ^
Quake/common.c:725:12: portability: Shifting a negative value is technically undefined behaviour [shiftNegativeLHS]
 buf[1] = c>>8;
           ^
Quake/console.c:0:0: information: Too many #ifdef configurations - cppcheck only checks 12 of 20 configurations. Use --force to check all configurations. [toomanyconfigs]

^
Quake/console.c:0:0: information: Limiting analysis of branches. Use --check-level=exhaustive to analyze all branches. [normalCheckLevelMaxBranches]

^
Quake/console.c:88:10: style: Condition 'len<con_linewidth' is always false [knownConditionTrueFalse]
 if (len < con_linewidth)
         ^
Quake/console.c:81:6: note: len is assigned '((len)<(con_linewidth))?(len):(con_linewidth)' here.
 len = q_min(len, con_linewidth);
     ^
Quake/console.c:88:10: note: Condition 'len<con_linewidth' is always false
 if (len < con_linewidth)
         ^
Quake/console.c:325:16: style: Variable 'con_linewidth' is reassigned a value before the old one has been used. [redundantAssignment]
 con_linewidth = 38;
               ^
Quake/console.c:322:16: note: con_linewidth is assigned
 con_linewidth = -1;
               ^
Quake/console.c:325:16: note: con_linewidth is overwritten
 con_linewidth = 38;
               ^
Quake/console.c:495:18: style: The scope of the variable 'inupdate' can be reduced. [variableScope]
 static qboolean inupdate;
                 ^
Quake/console.c:605:11: style: The scope of the variable 'argptr' can be reduced. [variableScope]
 va_list  argptr;
          ^
Quake/console.c:606:8: style: The scope of the variable 'msg' can be reduced. [variableScope]
 char  msg[MAXPRINTMSG];
       ^
Quake/console.c:653:14: style: The scope of the variable 'dst' can be reduced. [variableScope]
 char *src, *dst;
             ^
Quake/console.c:654:7: style: The scope of the variable 'len' can be reduced. [variableScope]
 int  len, s;
      ^
Quake/console.c:761:8: style: The scope of the variable 'i_bash' can be reduced. [variableScope]
 char *i_bash;
       ^
Quake/console.c:762:14: style: The scope of the variable 'i_name' can be reduced. [variableScope]
 const char *i_name;
             ^
Quake/console.c:1193:15: style: The scope of the variable 'j' can be reduced. [variableScope]
 int i, x, y, j, sb, rows;
              ^
Quake/console.c:1194:14: style: The scope of the variable 'text' can be reduced. [variableScope]
 const char *text;
             ^
Quake/console.c:1251:10: style: The scope of the variable 't1' can be reduced. [variableScope]
 double  t1, t2;
         ^
Quake/console.c:1251:14: style: The scope of the variable 't2' can be reduced. [variableScope]
 double  t1, t2;
             ^
Quake/console.c:844:20: style: Variable 'i_name' can be declared as pointer to const [constVariablePointer]
 char *i_matched, *i_name;
                   ^
Quake/console.c:733:14: style: struct member 'cmd_function_s::function' is never used. [unusedStructMember]
 xcommand_t  function;
             ^
Quake/console.c:741:8: style: struct member 'cmdalias_s::value' is never used. [unusedStructMember]
 char *value;
       ^
Quake/console.c:1143:5: style: Variable 'v' is assigned a value that is never used. [unreadVariable]
  v += 8;
    ^
Quake/crc.c:0:0: information: Too many #ifdef configurations - cppcheck only checks 12 of 20 configurations. Use --force to check all configurations. [toomanyconfigs]

^
Quake/cvar.c:0:0: information: Too many #ifdef configurations - cppcheck only checks 12 of 20 configurations. Use --force to check all configurations. [toomanyconfigs]

^
Quake/cvar.c:0:0: information: Limiting analysis of branches. Use --check-level=exhaustive to analyze all branches. [normalCheckLevelMaxBranches]

^
Quake/cvar.c:321:10: style: Variable 'var' can be declared as pointer to const [constVariablePointer]
 cvar_t *var;
         ^
Quake/cvar.c:337:10: style: Variable 'var' can be declared as pointer to const [constVariablePointer]
 cvar_t *var;
         ^
Quake/gl_draw.c:0:0: information: Too many #ifdef configurations - cppcheck only checks 12 of 20 configurations. Use --force to check all configurations. [toomanyconfigs]

^
Quake/gl_draw.c:0:0: information: Limiting analysis of branches. Use --check-level=exhaustive to analyze all branches. [normalCheckLevelMaxBranches]

^
Quake/gl_draw.c:262:11: error: Buffer is accessed out of bounds: p->data [bufferAccessOutOfBounds]
 memcpy (p->data, &gl, sizeof(glpic_t));
          ^
Quake/gl_draw.c:312:18: error: Buffer is accessed out of bounds: pic->pic.data [bufferAccessOutOfBounds]
 memcpy (pic->pic.data, &gl, sizeof(glpic_t));
                 ^
Quake/gl_draw.c:337:13: error: Buffer is accessed out of bounds: pic->data [bufferAccessOutOfBounds]
 memcpy (pic->data, &gl, sizeof(glpic_t));
            ^
Quake/gl_draw.c:153:7: style: The scope of the variable 'best' can be reduced. [variableScope]
 int  best, best2;
      ^
Quake/gl_draw.c:220:15: style: The scope of the variable 'offset' can be reduced. [variableScope]
 src_offset_t offset; //johnfitz
              ^
Quake/gl_draw.c:626:8: style: Variable 'pal' can be declared as pointer to const [constVariablePointer]
 byte *pal = (byte *)d_8to24table; //johnfitz -- use d_8to24table instead of host_basepal
       ^
Quake/gl_fog.c:0:0: information: Too many #ifdef configurations - cppcheck only checks 12 of 20 configurations. Use --force to check all configurations. [toomanyconfigs]

^
Quake/gl_fog.c:247:8: style: The scope of the variable 'f' can be reduced. [variableScope]
 float f;
       ^
Quake/gl_fog.c:287:8: style: The scope of the variable 'f' can be reduced. [variableScope]
 float f;
       ^
Quake/gl_mesh.c:0:0: information: Too many #ifdef configurations - cppcheck only checks 12 of 20 configurations. Use --force to check all configurations. [toomanyconfigs]

^
Quake/gl_mesh.c:0:0: information: Limiting analysis of branches. Use --check-level=exhaustive to analyze all branches. [normalCheckLevelMaxBranches]

^
Quake/gl_mesh.c:510:9: warning: If memory allocation fails, then there is a possible null pointer dereference: vbodata [nullPointerOutOfMemory]
 memset(vbodata, 0, totalvbosize);
        ^
Quake/gl_mesh.c:507:27: note: Assuming allocation function fails
 vbodata = (byte *) malloc(totalvbosize);
                          ^
Quake/gl_mesh.c:507:12: note: Assignment 'vbodata=(unsigned char*)malloc(totalvbosize)', assigned value is 0
 vbodata = (byte *) malloc(totalvbosize);
           ^
Quake/gl_mesh.c:510:9: note: Null pointer dereference
 memset(vbodata, 0, totalvbosize);
        ^
Quake/gl_mesh.c:516:43: error: If memory allocation fail: pointer addition with NULL pointer. [nullPointerArithmeticOutOfMemory]
  meshxyz_t *xyz = (meshxyz_t *) (vbodata + (f * hdr->numverts_vbo * sizeof (meshxyz_t)));
                                          ^
Quake/gl_mesh.c:507:27: note: Assuming allocation function fails
 vbodata = (byte *) malloc(totalvbosize);
                          ^
Quake/gl_mesh.c:507:12: note: Assignment 'vbodata=(unsigned char*)malloc(totalvbosize)', assigned value is 0
 vbodata = (byte *) malloc(totalvbosize);
           ^
Quake/gl_mesh.c:516:43: note: Null pointer addition
  meshxyz_t *xyz = (meshxyz_t *) (vbodata + (f * hdr->numverts_vbo * sizeof (meshxyz_t)));
                                          ^
Quake/gl_mesh.c:548:30: error: If memory allocation fail: pointer addition with NULL pointer. [nullPointerArithmeticOutOfMemory]
  st = (meshst_t *) (vbodata + m->vbostofs);
                             ^
Quake/gl_mesh.c:507:27: note: Assuming allocation function fails
 vbodata = (byte *) malloc(totalvbosize);
                          ^
Quake/gl_mesh.c:507:12: note: Assignment 'vbodata=(unsigned char*)malloc(totalvbosize)', assigned value is 0
 vbodata = (byte *) malloc(totalvbosize);
           ^
Quake/gl_mesh.c:548:30: note: Null pointer addition
  st = (meshst_t *) (vbodata + m->vbostofs);
                             ^
Quake/gl_mesh.c:330:5: portability: Casting between signed int * and float * which have an incompatible binary data representation. [invalidPointerCast]
   *(float *)cmds++ = hscale * (*(float *)loadcmds++);
    ^
Quake/gl_mesh.c:331:5: portability: Casting between signed int * and float * which have an incompatible binary data representation. [invalidPointerCast]
   *(float *)cmds++ = vscale * (*(float *)loadcmds++);
    ^
Quake/gl_mesh.c:296:7: style: The scope of the variable 'count' can be reduced. [variableScope]
 int  count; //johnfitz -- precompute texcoords for padded skins
      ^
Quake/gl_model.c:0:0: information: Too many #ifdef configurations - cppcheck only checks 12 of 20 configurations. Use --force to check all configurations. [toomanyconfigs]

^
Quake/gl_model.c:0:0: information: Limiting analysis of branches. Use --check-level=exhaustive to analyze all branches. [normalCheckLevelMaxBranches]

^
Quake/gl_model.c:2967:13: style: Redundant condition: The condition '*s' is redundant since '*s == ','' is sufficient. [redundantCondition]
  while (*s && *s == ',')
            ^
Quake/gl_model.c:1843:11: style: Condition 'p>=0' is always true [knownConditionTrueFalse]
    if (p >= 0 && p < loadmodel->numleafs)
          ^
Quake/gl_model.c:1838:10: note: Assuming that condition 'p>0' is not redundant
   if (p > 0 && p < count)
         ^
Quake/gl_model.c:1842:20: note: Assignment 'p=0xffffffff-p', assigned value is greater than 4294967294
    p = 0xffffffff - p; //note this uses 65535 intentionally, -1 is leaf 0
                   ^
Quake/gl_model.c:1843:11: note: Condition 'p>=0' is always true
    if (p >= 0 && p < loadmodel->numleafs)
          ^
Quake/gl_model.c:117:9: warning: Either the condition '!model' is redundant or there is possible null pointer dereference: model. [nullPointerRedundantCheck]
 node = model->nodes;
        ^
Quake/gl_model.c:114:6: note: Assuming that condition '!model' is not redundant
 if (!model || !model->nodes)
     ^
Quake/gl_model.c:117:9: note: Null pointer dereference
 node = model->nodes;
        ^
Quake/gl_model.c:120:7: warning: Either the condition '!model->nodes' is redundant or there is possible null pointer dereference: node. [nullPointerRedundantCheck]
  if (node->contents < 0)
      ^
Quake/gl_model.c:114:16: note: Assuming that condition '!model->nodes' is not redundant
 if (!model || !model->nodes)
               ^
Quake/gl_model.c:117:14: note: Assignment 'node=model->nodes', assigned value is 0
 node = model->nodes;
             ^
Quake/gl_model.c:120:7: note: Null pointer dereference
  if (node->contents < 0)
      ^
Quake/gl_model.c:1041:4: warning: Either the condition '!tx2' is redundant or there is possible null pointer dereference: tx2. [nullPointerRedundantCheck]
   tx2->anim_total = maxanim * ANIM_CYCLE;
   ^
Quake/gl_model.c:1039:8: note: Assuming that condition '!tx2' is not redundant
   if (!tx2)
       ^
Quake/gl_model.c:1041:4: note: Null pointer dereference
   tx2->anim_total = maxanim * ANIM_CYCLE;
   ^
Quake/gl_model.c:1042:4: warning: Either the condition '!tx2' is redundant or there is possible null pointer dereference: tx2. [nullPointerRedundantCheck]
   tx2->anim_min = j * ANIM_CYCLE;
   ^
Quake/gl_model.c:1039:8: note: Assuming that condition '!tx2' is not redundant
   if (!tx2)
       ^
Quake/gl_model.c:1042:4: note: Null pointer dereference
   tx2->anim_min = j * ANIM_CYCLE;
   ^
Quake/gl_model.c:1043:4: warning: Either the condition '!tx2' is redundant or there is possible null pointer dereference: tx2. [nullPointerRedundantCheck]
   tx2->anim_max = (j+1) * ANIM_CYCLE;
   ^
Quake/gl_model.c:1039:8: note: Assuming that condition '!tx2' is not redundant
   if (!tx2)
       ^
Quake/gl_model.c:1043:4: note: Null pointer dereference
   tx2->anim_max = (j+1) * ANIM_CYCLE;
   ^
Quake/gl_model.c:1044:4: warning: Either the condition '!tx2' is redundant or there is possible null pointer dereference: tx2. [nullPointerRedundantCheck]
   tx2->anim_next = anims[ (j+1)%maxanim ];
   ^
Quake/gl_model.c:1039:8: note: Assuming that condition '!tx2' is not redundant
   if (!tx2)
       ^
Quake/gl_model.c:1044:4: note: Null pointer dereference
   tx2->anim_next = anims[ (j+1)%maxanim ];
   ^
Quake/gl_model.c:1053:4: warning: Either the condition '!tx2' is redundant or there is possible null pointer dereference: tx2. [nullPointerRedundantCheck]
   tx2->anim_total = altmax * ANIM_CYCLE;
   ^
Quake/gl_model.c:1051:8: note: Assuming that condition '!tx2' is not redundant
   if (!tx2)
       ^
Quake/gl_model.c:1053:4: note: Null pointer dereference
   tx2->anim_total = altmax * ANIM_CYCLE;
   ^
Quake/gl_model.c:1054:4: warning: Either the condition '!tx2' is redundant or there is possible null pointer dereference: tx2. [nullPointerRedundantCheck]
   tx2->anim_min = j * ANIM_CYCLE;
   ^
Quake/gl_model.c:1051:8: note: Assuming that condition '!tx2' is not redundant
   if (!tx2)
       ^
Quake/gl_model.c:1054:4: note: Null pointer dereference
   tx2->anim_min = j * ANIM_CYCLE;
   ^
Quake/gl_model.c:1055:4: warning: Either the condition '!tx2' is redundant or there is possible null pointer dereference: tx2. [nullPointerRedundantCheck]
   tx2->anim_max = (j+1) * ANIM_CYCLE;
   ^
Quake/gl_model.c:1051:8: note: Assuming that condition '!tx2' is not redundant
   if (!tx2)
       ^
Quake/gl_model.c:1055:4: note: Null pointer dereference
   tx2->anim_max = (j+1) * ANIM_CYCLE;
   ^
Quake/gl_model.c:1056:4: warning: Either the condition '!tx2' is redundant or there is possible null pointer dereference: tx2. [nullPointerRedundantCheck]
   tx2->anim_next = altanims[ (j+1)%altmax ];
   ^
Quake/gl_model.c:1051:8: note: Assuming that condition '!tx2' is not redundant
   if (!tx2)
       ^
Quake/gl_model.c:1056:4: note: Null pointer dereference
   tx2->anim_next = altanims[ (j+1)%altmax ];
   ^
Quake/gl_model.c:2737:18: style: The comparison 'filledcolor == -1' is always true. [knownConditionTrueFalse]
 if (filledcolor == -1)
                 ^
Quake/gl_model.c:2734:23: note: 'filledcolor' is assigned value '-1' here.
 int   filledcolor = -1;
                      ^
Quake/gl_model.c:2737:18: note: The comparison 'filledcolor == -1' is always true.
 if (filledcolor == -1)
                 ^
Quake/gl_model.c:111:9: style: The scope of the variable 'd' can be reduced. [variableScope]
 float  d;
        ^
Quake/gl_model.c:112:12: style: The scope of the variable 'plane' can be reduced. [variableScope]
 mplane_t *plane;
           ^
Quake/gl_model.c:1338:19: style: The scope of the variable 'miptex' can be reduced. [variableScope]
 int i, j, count, miptex;
                  ^
Quake/gl_model.c:1394:12: style: The scope of the variable 'e' can be reduced. [variableScope]
 int  i,j, e;
           ^
Quake/gl_model.c:1464:10: style: The scope of the variable 'lindex' can be reduced. [variableScope]
 int  i, lindex;
         ^
Quake/gl_model.c:1465:10: style: The scope of the variable 'vec' can be reduced. [variableScope]
 float  *vec;
         ^
Quake/gl_model.c:1498:11: style: The scope of the variable 'e' can be reduced. [variableScope]
 int   i, e;
          ^
Quake/gl_model.c:1698:21: style: The scope of the variable 'p' can be reduced. [variableScope]
 int   i, j, count, p;
                    ^
Quake/gl_model.c:1754:21: style: The scope of the variable 'p' can be reduced. [variableScope]
 int   i, j, count, p;
                    ^
Quake/gl_model.c:1806:21: style: The scope of the variable 'p' can be reduced. [variableScope]
 int   i, j, count, p;
                    ^
Quake/gl_model.c:1871:21: style: The scope of the variable 'p' can be reduced. [variableScope]
 int   i, j, count, p;
                    ^
Quake/gl_model.c:1917:21: style: The scope of the variable 'p' can be reduced. [variableScope]
 int   i, j, count, p;
                    ^
Quake/gl_model.c:1960:21: style: The scope of the variable 'p' can be reduced. [variableScope]
 int   i, j, count, p;
                    ^
Quake/gl_model.c:2255:8: style: The scope of the variable 'bits' can be reduced. [variableScope]
 int   bits;
       ^
Quake/gl_model.c:2735:8: style: The scope of the variable 'i' can be reduced. [variableScope]
 int   i;
       ^
Quake/gl_model.c:2946:6: style: The scope of the variable 'i' can be reduced. [variableScope]
 int i;
     ^
Quake/gl_model.c:108:34: style: Parameter 'p' can be declared as const array [constParameter]
mleaf_t *Mod_PointInLeaf (vec3_t p, qmodel_t *model)
                                 ^
Quake/gl_model.c:143:8: style: Variable 'outend' can be declared as pointer to const [constVariablePointer]
 byte *outend;
       ^
Quake/gl_model.c:202:31: style: Parameter 'model' can be declared as pointer to const [constParameterPointer]
byte *Mod_NoVisPVS (qmodel_t *model)
                              ^
Quake/gl_model.c:420:43: style: Parameter 'mod' can be declared as pointer to const [constParameterPointer]
static wad_t *Mod_LoadWadFiles (qmodel_t *mod)
                                          ^
Quake/gl_model.c:470:49: style: Parameter 'mod' can be declared as pointer to const [constParameterPointer]
static texture_t *Mod_LoadWadTexture (qmodel_t *mod, wad_t *wads, const char *name, qboolean *out_pal, int *out_pixels)
                                                ^
Quake/gl_model.c:473:16: style: Variable 'info' can be declared as pointer to const [constVariablePointer]
 lumpinfo_t   *info;
               ^
Quake/gl_model.c:585:45: style: Parameter 'pixels' can be declared as pointer to const [constParameterPointer]
static qboolean Mod_CheckFullbrights (byte *pixels, int count)
                                            ^
Quake/gl_model.c:601:50: style: Parameter 'name' can be declared as pointer to const [constParameterPointer]
static qboolean Mod_CheckFullbrightsValve (char *name, byte *pixels, int count)
                                                 ^
Quake/gl_model.c:616:57: style: Parameter 'anims' can be declared as const array [constParameter]
static qboolean Mod_CheckAnimTextureArrayQ64(texture_t *anims[], int numTex)
                                                        ^
Quake/gl_model.c:1174:41: style: Parameter 'l' can be declared as pointer to const [constParameterPointer]
static void Mod_LoadVisibility (lump_t *l)
                                        ^
Quake/gl_model.c:1192:39: style: Parameter 'l' can be declared as pointer to const [constParameterPointer]
static void Mod_LoadEntities (lump_t *l)
                                      ^
Quake/gl_model.c:1256:39: style: Parameter 'l' can be declared as pointer to const [constParameterPointer]
static void Mod_LoadVertexes (lump_t *l)
                                      ^
Quake/gl_model.c:1284:36: style: Parameter 'l' can be declared as pointer to const [constParameterPointer]
static void Mod_LoadEdges (lump_t *l, int bsp2)
                                   ^
Quake/gl_model.c:1334:38: style: Parameter 'l' can be declared as pointer to const [constParameterPointer]
static void Mod_LoadTexinfo (lump_t *l)
                                     ^
Quake/gl_model.c:1465:10: style: Variable 'vec' can be declared as pointer to const [constVariablePointer]
 float  *vec;
         ^
Quake/gl_model.c:1533:36: style: Parameter 'l' can be declared as pointer to const [constParameterPointer]
static void Mod_LoadFaces (lump_t *l, qboolean bsp2)
                                   ^
Quake/gl_model.c:1696:38: style: Parameter 'l' can be declared as pointer to const [constParameterPointer]
static void Mod_LoadNodes_S (lump_t *l)
                                     ^
Quake/gl_model.c:1752:39: style: Parameter 'l' can be declared as pointer to const [constParameterPointer]
static void Mod_LoadNodes_L1 (lump_t *l)
                                      ^
Quake/gl_model.c:1804:39: style: Parameter 'l' can be declared as pointer to const [constParameterPointer]
static void Mod_LoadNodes_L2 (lump_t *l)
                                      ^
Quake/gl_model.c:2005:36: style: Parameter 'l' can be declared as pointer to const [constParameterPointer]
static void Mod_LoadLeafs (lump_t *l, int bsp2)
                                   ^
Quake/gl_model.c:2022:40: style: Parameter 'l' can be declared as pointer to const [constParameterPointer]
static void Mod_LoadClipnodes (lump_t *l, qboolean bsp2)
                                       ^
Quake/gl_model.c:2132:17: style: Variable 'child' can be declared as pointer to const [constVariablePointer]
 mnode_t  *in, *child;
                ^
Quake/gl_model.c:2167:43: style: Parameter 'l' can be declared as pointer to const [constParameterPointer]
static void Mod_LoadMarksurfaces (lump_t *l, int bsp2)
                                          ^
Quake/gl_model.c:2225:40: style: Parameter 'l' can be declared as pointer to const [constParameterPointer]
static void Mod_LoadSurfedges (lump_t *l)
                                       ^
Quake/gl_model.c:2249:37: style: Parameter 'l' can be declared as pointer to const [constParameterPointer]
static void Mod_LoadPlanes (lump_t *l)
                                    ^
Quake/gl_model.c:2287:39: style: Parameter 'mins' can be declared as const array [constParameter]
static float RadiusFromBounds (vec3_t mins, vec3_t maxs)
                                      ^
Quake/gl_model.c:2287:52: style: Parameter 'maxs' can be declared as const array [constParameter]
static float RadiusFromBounds (vec3_t mins, vec3_t maxs)
                                                   ^
Quake/gl_model.c:2305:40: style: Parameter 'l' can be declared as pointer to const [constParameterPointer]
static void Mod_LoadSubmodels (lump_t *l)
                                       ^
Quake/gl_model.c:2894:46: style: Parameter 'a' can be declared as pointer to const [constParameterPointer]
static void Mod_CalcAliasBounds (aliashdr_t *a)
                                             ^
Quake/gl_refrag.c:0:0: information: Too many #ifdef configurations - cppcheck only checks 12 of 20 configurations. Use --force to check all configurations. [toomanyconfigs]

^
Quake/gl_refrag.c:209:19: error: Uninitialized variable: *ppefrag [uninitvar]
 while ((pefrag = *ppefrag) != NULL)
                  ^
Quake/gl_rlight.c:0:0: information: Too many #ifdef configurations - cppcheck only checks 12 of 20 configurations. Use --force to check all configurations. [toomanyconfigs]

^
Quake/gl_rlight.c:0:0: information: Limiting analysis of branches. Use --check-level=exhaustive to analyze all branches. [normalCheckLevelMaxBranches]

^
Quake/gl_rlight.c:89:8: style: The scope of the variable 'a' can be reduced. [variableScope]
 float a;
       ^
Quake/gl_rlight.c:371:11: style: The scope of the variable 'scale' can be reduced. [variableScope]
    float scale;
          ^
Quake/gl_rmain.c:0:0: information: Too many #ifdef configurations - cppcheck only checks 12 of 22 configurations. Use --force to check all configurations. [toomanyconfigs]

^
Quake/gl_rmain.c:0:0: information: Limiting analysis of branches. Use --check-level=exhaustive to analyze all branches. [normalCheckLevelMaxBranches]

^
Quake/gl_rmain.c:428:7: style: The scope of the variable 'signbits' can be reduced. [variableScope]
 byte signbits;
      ^
Quake/gl_rmain.c:932:6: style: The scope of the variable 'i' can be reduced. [variableScope]
 int i;
     ^
Quake/gl_rmain.c:876:19: style: Local variable 'sv_player' shadows outer variable [shadowVariable]
 extern  edict_t *sv_player;
                  ^
Quake/server.h:204:18: note: Shadowed declaration
extern edict_t  *sv_player;
                 ^
Quake/gl_rmain.c:876:19: note: Shadow variable
 extern  edict_t *sv_player;
                  ^
Quake/gl_rmain.c:427:12: style: Variable 'p' can be declared as pointer to const [constVariablePointer]
 mplane_t *p;
           ^
Quake/gl_rmain.c:535:33: style: Parameter 'out' can be declared as pointer to const [constParameterPointer]
int SignbitsForPlane (mplane_t *out)
                                ^
Quake/gl_rmisc.c:0:0: information: Too many #ifdef configurations - cppcheck only checks 12 of 22 configurations. Use --force to check all configurations. [toomanyconfigs]

^
Quake/gl_rmisc.c:0:0: information: Limiting analysis of branches. Use --check-level=exhaustive to analyze all branches. [normalCheckLevelMaxBranches]

^
Quake/gl_rmisc.c:62:38: style: Parameter 'var' can be declared as pointer to const. However it seems that 'GL_Overbright_f' is a callback function, if 'var' is declared with const you might also need to cast function pointer(s). [constParameterCallback]
static void GL_Overbright_f (cvar_t *var)
                                     ^
Quake/gl_rmisc.c:215:36: note: You might need to cast the function pointer here
 Cvar_SetCallback (&gl_overbright, GL_Overbright_f);
                                   ^
Quake/gl_rmisc.c:62:38: note: Parameter 'var' can be declared as pointer to const
static void GL_Overbright_f (cvar_t *var)
                                     ^
Quake/gl_rmisc.c:72:39: style: Parameter 'var' can be declared as pointer to const. However it seems that 'GL_Fullbrights_f' is a callback function, if 'var' is declared with const you might also need to cast function pointer(s). [constParameterCallback]
static void GL_Fullbrights_f (cvar_t *var)
                                      ^
Quake/gl_rmisc.c:214:37: note: You might need to cast the function pointer here
 Cvar_SetCallback (&gl_fullbrights, GL_Fullbrights_f);
                                    ^
Quake/gl_rmisc.c:72:39: note: Parameter 'var' can be declared as pointer to const
static void GL_Fullbrights_f (cvar_t *var)
                                      ^
Quake/gl_rmisc.c:82:40: style: Parameter 'var' can be declared as pointer to const. However it seems that 'R_SetClearColor_f' is a callback function, if 'var' is declared with const you might also need to cast function pointer(s). [constParameterCallback]
static void R_SetClearColor_f (cvar_t *var)
                                       ^
Quake/gl_rmisc.c:201:35: note: You might need to cast the function pointer here
 Cvar_SetCallback (&r_clearcolor, R_SetClearColor_f);
                                  ^
Quake/gl_rmisc.c:82:40: note: Parameter 'var' can be declared as pointer to const
static void R_SetClearColor_f (cvar_t *var)
                                       ^
Quake/gl_rmisc.c:84:8: style: Variable 'rgb' can be declared as pointer to const [constVariablePointer]
 byte *rgb;
       ^
Quake/gl_rmisc.c:109:40: style: Parameter 'var' can be declared as pointer to const. However it seems that 'R_SetWateralpha_f' is a callback function, if 'var' is declared with const you might also need to cast function pointer(s). [constParameterCallback]
static void R_SetWateralpha_f (cvar_t *var)
                                       ^
Quake/gl_rmisc.c:180:35: note: You might need to cast the function pointer here
 Cvar_SetCallback (&r_wateralpha, R_SetWateralpha_f);
                                  ^
Quake/gl_rmisc.c:109:40: note: Parameter 'var' can be declared as pointer to const
static void R_SetWateralpha_f (cvar_t *var)
                                       ^
Quake/gl_rmisc.c:119:39: style: Parameter 'var' can be declared as pointer to const. However it seems that 'R_SetLavaalpha_f' is a callback function, if 'var' is declared with const you might also need to cast function pointer(s). [constParameterCallback]
static void R_SetLavaalpha_f (cvar_t *var)
                                      ^
Quake/gl_rmisc.c:232:34: note: You might need to cast the function pointer here
 Cvar_SetCallback (&r_lavaalpha, R_SetLavaalpha_f);
                                 ^
Quake/gl_rmisc.c:119:39: note: Parameter 'var' can be declared as pointer to const
static void R_SetLavaalpha_f (cvar_t *var)
                                      ^
Quake/gl_rmisc.c:129:39: style: Parameter 'var' can be declared as pointer to const. However it seems that 'R_SetTelealpha_f' is a callback function, if 'var' is declared with const you might also need to cast function pointer(s). [constParameterCallback]
static void R_SetTelealpha_f (cvar_t *var)
                                      ^
Quake/gl_rmisc.c:233:34: note: You might need to cast the function pointer here
 Cvar_SetCallback (&r_telealpha, R_SetTelealpha_f);
                                 ^
Quake/gl_rmisc.c:129:39: note: Parameter 'var' can be declared as pointer to const
static void R_SetTelealpha_f (cvar_t *var)
                                      ^
Quake/gl_rmisc.c:139:40: style: Parameter 'var' can be declared as pointer to const. However it seems that 'R_SetSlimealpha_f' is a callback function, if 'var' is declared with const you might also need to cast function pointer(s). [constParameterCallback]
static void R_SetSlimealpha_f (cvar_t *var)
                                       ^
Quake/gl_rmisc.c:234:35: note: You might need to cast the function pointer here
 Cvar_SetCallback (&r_slimealpha, R_SetSlimealpha_f);
                                  ^
Quake/gl_rmisc.c:139:40: note: Parameter 'var' can be declared as pointer to const
static void R_SetSlimealpha_f (cvar_t *var)
                                       ^
Quake/gl_rmisc.c:149:44: style: Parameter 'fa' can be declared as pointer to const [constParameterPointer]
float GL_WaterAlphaForSurface (msurface_t *fa)
                                           ^
Quake/gl_screen.c:0:0: information: Too many #ifdef configurations - cppcheck only checks 12 of 20 configurations. Use --force to check all configurations. [toomanyconfigs]

^
Quake/gl_screen.c:0:0: information: Limiting analysis of branches. Use --check-level=exhaustive to analyze all branches. [normalCheckLevelMaxBranches]

^
Quake/gl_screen.c:169:7: style: The scope of the variable 'x' can be reduced. [variableScope]
 int  x, y;
      ^
Quake/gl_screen.c:928:7: style: The scope of the variable 'x' can be reduced. [variableScope]
 int  x, y;
      ^
Quake/gl_screen.c:166:8: style: Variable 'start' can be declared as pointer to const [constVariablePointer]
 char *start;
       ^
Quake/gl_screen.c:359:42: style: Parameter 'var' can be declared as pointer to const. However it seems that 'SCR_Callback_refdef' is a callback function, if 'var' is declared with const you might also need to cast function pointer(s). [constParameterCallback]
static void SCR_Callback_refdef (cvar_t *var)
                                         ^
Quake/gl_screen.c:414:35: note: You might need to cast the function pointer here
 Cvar_SetCallback (&scr_viewsize, SCR_Callback_refdef);
                                  ^
Quake/gl_screen.c:359:42: note: Parameter 'var' can be declared as pointer to const
static void SCR_Callback_refdef (cvar_t *var)
                                         ^
Quake/gl_screen.c:369:30: style: Parameter 'var' can be declared as pointer to const. However it seems that 'SCR_Conwidth_f' is a callback function, if 'var' is declared with const you might also need to cast function pointer(s). [constParameterCallback]
void SCR_Conwidth_f (cvar_t *var)
                             ^
Quake/gl_screen.c:404:36: note: You might need to cast the function pointer here
 Cvar_SetCallback (&scr_conscale, &SCR_Conwidth_f);
                                   ^
Quake/gl_screen.c:369:30: note: Parameter 'var' can be declared as pointer to const
void SCR_Conwidth_f (cvar_t *var)
                             ^
Quake/gl_sky.c:0:0: information: Too many #ifdef configurations - cppcheck only checks 12 of 20 configurations. Use --force to check all configurations. [toomanyconfigs]

^
Quake/gl_sky.c:0:0: information: Limiting analysis of branches. Use --check-level=exhaustive to analyze all branches. [normalCheckLevelMaxBranches]

^
Quake/gl_sky.c:776:12: warning: Either the condition 'k<0' is redundant or the array 'b[3]' is accessed at index -1, which is out of bounds. [negativeIndex]
   v[j] = b[k - 1];
           ^
Quake/gl_sky.c:773:9: note: Assuming that condition 'k<0' is not redundant
  if (k < 0)
        ^
Quake/gl_sky.c:776:12: note: Negative array index
   v[j] = b[k - 1];
           ^
Quake/gl_sky.c:880:12: warning: Either the condition 'k<0' is redundant or the array 'b[3]' is accessed at index -1, which is out of bounds. [negativeIndex]
   v[j] = b[k - 1];
           ^
Quake/gl_sky.c:877:9: note: Assuming that condition 'k<0' is not redundant
  if (k < 0)
        ^
Quake/gl_sky.c:880:12: note: Negative array index
   v[j] = b[k - 1];
           ^
Quake/gl_sky.c:164:46: style: The scope of the variable 'rgba' can be reduced. [variableScope]
 unsigned i, p, r, g, b, count, halfheight, *rgba;
                                             ^
Quake/gl_sky.c:222:10: style: The scope of the variable 'mark' can be reduced. [variableScope]
 int  i, mark, width, height;
         ^
Quake/gl_sky.c:423:9: style: The scope of the variable 'j' can be reduced. [variableScope]
 int  i,j;
        ^
Quake/gl_sky.c:763:11: style: The scope of the variable 'k' can be reduced. [variableScope]
 int   j, k;
          ^
Quake/gl_sky.c:868:11: style: The scope of the variable 'k' can be reduced. [variableScope]
 int   j, k;
          ^
Quake/gl_sky.c:98:33: style: inconclusive: Function 'Sky_LoadTexture' argument 1 names different: declaration 'm' definition 'mod'. [funcArgNamesDifferent]
void Sky_LoadTexture (qmodel_t *mod, texture_t *mt)
                                ^
Quake/glquake.h:497:33: note: Function 'Sky_LoadTexture' argument 1 names different: declaration 'm' definition 'mod'.
void Sky_LoadTexture (qmodel_t *m, texture_t *mt);
                                ^
Quake/gl_sky.c:98:33: note: Function 'Sky_LoadTexture' argument 1 names different: declaration 'm' definition 'mod'.
void Sky_LoadTexture (qmodel_t *mod, texture_t *mt)
                                ^
Quake/gl_sky.c:161:36: style: inconclusive: Function 'Sky_LoadTextureQ64' argument 1 names different: declaration 'm' definition 'mod'. [funcArgNamesDifferent]
void Sky_LoadTextureQ64 (qmodel_t *mod, texture_t *mt)
                                   ^
Quake/glquake.h:498:36: note: Function 'Sky_LoadTextureQ64' argument 1 names different: declaration 'm' definition 'mod'.
void Sky_LoadTextureQ64 (qmodel_t *m, texture_t *mt);
                                   ^
Quake/gl_sky.c:161:36: note: Function 'Sky_LoadTextureQ64' argument 1 names different: declaration 'm' definition 'mod'.
void Sky_LoadTextureQ64 (qmodel_t *mod, texture_t *mt)
                                   ^
Quake/gl_sky.c:165:9: style: Variable 'front' can be declared as pointer to const [constVariablePointer]
 byte  *front, *back, *front_rgba;
        ^
Quake/gl_sky.c:380:36: style: Parameter 'var' can be declared as pointer to const. However it seems that 'R_SetSkyfog_f' is a callback function, if 'var' is declared with const you might also need to cast function pointer(s). [constParameterCallback]
static void R_SetSkyfog_f (cvar_t *var)
                                   ^
Quake/gl_sky.c:399:31: note: You might need to cast the function pointer here
 Cvar_SetCallback (&r_skyfog, R_SetSkyfog_f);
                              ^
Quake/gl_sky.c:380:36: note: Parameter 'var' can be declared as pointer to const
static void R_SetSkyfog_f (cvar_t *var)
                                   ^
Quake/gl_sky.c:649:13: style: Variable 't' can be declared as pointer to const [constVariablePointer]
 texture_t *t;
            ^
Quake/gl_sky.c:890:30: style: Parameter 'v' can be declared as const array [constParameter]
void Sky_GetTexCoord (vec3_t v, float speed, float *s, float *t)
                             ^
Quake/gl_texmgr.c:0:0: information: Too many #ifdef configurations - cppcheck only checks 12 of 21 configurations. Use --force to check all configurations. [toomanyconfigs]

^
Quake/gl_texmgr.c:0:0: information: Limiting analysis of branches. Use --check-level=exhaustive to analyze all branches. [normalCheckLevelMaxBranches]

^
Quake/gl_texmgr.c:506:10: warning: Either the condition 'glt' is redundant or there is possible null pointer dereference: glt. [nullPointerRedundantCheck]
  next = glt->next;
         ^
Quake/gl_texmgr.c:507:7: note: Assuming that condition 'glt' is not redundant
  if (glt && glt->owner == owner)
      ^
Quake/gl_texmgr.c:506:10: note: Null pointer dereference
  next = glt->next;
         ^
Quake/gl_texmgr.c:552:26: warning: Either the condition '!f' is redundant or there is possible null pointer dereference: f. [nullPointerRedundantCheck]
 if (!fread(pal, 768, 1, f))
                         ^
Quake/gl_texmgr.c:547:6: note: Assuming that condition '!f' is not redundant
 if (!f)
     ^
Quake/gl_texmgr.c:552:26: note: Null pointer dereference
 if (!fread(pal, 768, 1, f))
                         ^
Quake/gl_texmgr.c:312:8: style: The scope of the variable 'c' can be reduced. [variableScope]
 char *c;
       ^
Quake/gl_texmgr.c:625:13: style: The scope of the variable 'numnobright' can be reduced. [variableScope]
 int     i, numnobright;
            ^
Quake/gl_texmgr.c:1089:25: style: The scope of the variable 'x' can be reduced. [variableScope]
 unsigned xfrac, yfrac, x, y, modx, mody, imodx, imody, injump, outjump;
                        ^
Quake/gl_texmgr.c:1089:37: style: The scope of the variable 'mody' can be reduced. [variableScope]
 unsigned xfrac, yfrac, x, y, modx, mody, imodx, imody, injump, outjump;
                                    ^
Quake/gl_texmgr.c:1089:50: style: The scope of the variable 'imody' can be reduced. [variableScope]
 unsigned xfrac, yfrac, x, y, modx, mody, imodx, imody, injump, outjump;
                                                 ^
Quake/gl_texmgr.c:1089:57: style: The scope of the variable 'injump' can be reduced. [variableScope]
 unsigned xfrac, yfrac, x, y, modx, mody, imodx, imody, injump, outjump;
                                                        ^
Quake/gl_texmgr.c:1151:3: style: The scope of the variable 'lastrow' can be reduced. [variableScope]
  lastrow, thisrow, nextrow,
  ^
Quake/gl_texmgr.c:1151:12: style: The scope of the variable 'thisrow' can be reduced. [variableScope]
  lastrow, thisrow, nextrow,
           ^
Quake/gl_texmgr.c:1151:21: style: The scope of the variable 'nextrow' can be reduced. [variableScope]
  lastrow, thisrow, nextrow,
                    ^
Quake/gl_texmgr.c:1349:22: style: The scope of the variable 'miplevel' can be reduced. [variableScope]
 int internalformat, miplevel, mipwidth, mipheight, picmip;
                     ^
Quake/gl_texmgr.c:1438:6: style: The scope of the variable 'i' can be reduced. [variableScope]
 int i;
     ^
Quake/gl_texmgr.c:387:44: style: Parameter 'owner' can be declared as pointer to const [constParameterPointer]
gltexture_t *TexMgr_FindTexture (qmodel_t *owner, const char *name)
                                           ^
Quake/gl_texmgr.c:500:45: style: Parameter 'owner' can be declared as pointer to const [constParameterPointer]
void TexMgr_FreeTexturesForOwner (qmodel_t *owner)
                                            ^
Quake/gl_texmgr.c:542:14: style: Variable 'src' can be declared as pointer to const [constVariablePointer]
 byte *pal, *src, *dst;
             ^
Quake/gl_texmgr.c:1088:15: style: Variable 'nepx' can be declared as pointer to const [constVariablePointer]
 byte *nwpx, *nepx, *swpx, *sepx, *dest;
              ^
Quake/gl_texmgr.c:1088:29: style: Variable 'sepx' can be declared as pointer to const [constVariablePointer]
 byte *nwpx, *nepx, *swpx, *sepx, *dest;
                            ^
Quake/gl_texmgr.c:1275:38: style: Parameter 'in' can be declared as pointer to const [constParameterPointer]
static unsigned *TexMgr_8to32 (byte *in, int pixels, unsigned int *usepal)
                                     ^
Quake/gl_texmgr.c:1275:68: style: Parameter 'usepal' can be declared as pointer to const [constParameterPointer]
static unsigned *TexMgr_8to32 (byte *in, int pixels, unsigned int *usepal)
                                                                   ^
Quake/gl_texmgr.c:1660:8: style: Variable 'src' can be declared as pointer to const [constVariablePointer]
 byte *src, *dst, *data = NULL, *translated;
       ^
Quake/gl_vidsdl.c:0:0: information: Too many #ifdef configurations - cppcheck only checks 12 of 23 configurations. Use --force to check all configurations. [toomanyconfigs]

^
Quake/gl_vidsdl.c:37:0: information: Include file: "SDL.h" not found. [missingInclude]
#include "SDL.h"
^
Quake/gl_vidsdl.c:0:0: information: Limiting analysis of branches. Use --check-level=exhaustive to analyze all branches. [normalCheckLevelMaxBranches]

^
Quake/gl_vidsdl.c:2104:7: style: Condition '!VID_GetDesktopFullscreen()' is always true [knownConditionTrueFalse]
  if (!VID_GetDesktopFullscreen())
      ^
Quake/gl_vidsdl.c:2104:32: note: Calling function 'VID_GetDesktopFullscreen' returns 0
  if (!VID_GetDesktopFullscreen())
                               ^
Quake/gl_vidsdl.c:2104:7: note: Condition '!VID_GetDesktopFullscreen()' is always true
  if (!VID_GetDesktopFullscreen())
      ^
Quake/gl_vidsdl.c:2160:12: style: The scope of the variable 'h' can be reduced. [variableScope]
 int i, j, h, w;
           ^
Quake/gl_vidsdl.c:2160:15: style: The scope of the variable 'w' can be reduced. [variableScope]
 int i, j, h, w;
              ^
Quake/gl_vidsdl.c:2299:6: style: The scope of the variable 'i' can be reduced. [variableScope]
 int i;
     ^
Quake/gl_vidsdl.c:2339:6: style: The scope of the variable 'i' can be reduced. [variableScope]
 int i;
     ^
Quake/gl_vidsdl.c:286:34: style: Parameter 'var' can be declared as pointer to const. However it seems that 'VID_Gamma_f' is a callback function, if 'var' is declared with const you might also need to cast function pointer(s). [constParameterCallback]
static void VID_Gamma_f (cvar_t *var)
                                 ^
Quake/gl_vidsdl.c:315:35: note: You might need to cast the function pointer here
 Cvar_SetCallback (&vid_contrast, VID_Gamma_f);
                                  ^
Quake/gl_vidsdl.c:286:34: note: Parameter 'var' can be declared as pointer to const
static void VID_Gamma_f (cvar_t *var)
                                 ^
Quake/gl_vidsdl.c:782:36: style: Parameter 'var' can be declared as pointer to const. However it seems that 'VID_Changed_f' is a callback function, if 'var' is declared with const you might also need to cast function pointer(s). [constParameterCallback]
static void VID_Changed_f (cvar_t *var)
                                   ^
Quake/gl_vidsdl.c:1874:37: note: You might need to cast the function pointer here
 Cvar_SetCallback (&vid_borderless, VID_Changed_f);
                                    ^
Quake/gl_vidsdl.c:782:36: note: Parameter 'var' can be declared as pointer to const
static void VID_Changed_f (cvar_t *var)
                                   ^
Quake/gl_warp.c:0:0: information: Too many #ifdef configurations - cppcheck only checks 12 of 20 configurations. Use --force to check all configurations. [toomanyconfigs]

^
Quake/gl_warp.c:0:0: information: Limiting analysis of branches. Use --check-level=exhaustive to analyze all branches. [normalCheckLevelMaxBranches]

^
Quake/gl_warp.c:87:8: style: The scope of the variable 'm' can be reduced. [variableScope]
 float m;
       ^
Quake/gl_warp.c:266:13: style: The scope of the variable 'tx' can be reduced. [variableScope]
 texture_t *tx;
            ^
Quake/host.c:0:0: information: Too many #ifdef configurations - cppcheck only checks 12 of 23 configurations. Use --force to check all configurations. [toomanyconfigs]

^
Quake/host.c:0:0: information: Limiting analysis of branches. Use --check-level=exhaustive to analyze all branches. [normalCheckLevelMaxBranches]

^
Quake/host.c:309:8: style: The scope of the variable 'f' can be reduced. [variableScope]
 FILE *f;
       ^
Quake/host.c:416:7: style: The scope of the variable 'saveSelf' can be reduced. [variableScope]
 int  saveSelf;
      ^
Quake/host.c:612:14: style: The scope of the variable 'cmd' can be reduced. [variableScope]
 const char *cmd;
             ^
Quake/host.c:633:7: style: The scope of the variable 'i' can be reduced. [variableScope]
 int  i, active; //johnfitz
      ^
Quake/host.c:633:10: style: The scope of the variable 'active' can be reduced. [variableScope]
 int  i, active; //johnfitz
         ^
Quake/host.c:634:11: style: The scope of the variable 'ent' can be reduced. [variableScope]
 edict_t *ent; //johnfitz
          ^
Quake/host.c:684:17: style: The scope of the variable 'time3' can be reduced. [variableScope]
 static double  time3 = 0;
                ^
Quake/host.c:685:8: style: The scope of the variable 'pass1' can be reduced. [variableScope]
 int   pass1, pass2, pass3;
       ^
Quake/host.c:685:15: style: The scope of the variable 'pass2' can be reduced. [variableScope]
 int   pass1, pass2, pass3;
              ^
Quake/host.c:685:22: style: The scope of the variable 'pass3' can be reduced. [variableScope]
 int   pass1, pass2, pass3;
                     ^
Quake/host.c:98:35: style: Parameter 'var' can be declared as pointer to const. However it seems that 'Max_Edicts_f' is a callback function, if 'var' is declared with const you might also need to cast function pointer(s). [constParameterCallback]
static void Max_Edicts_f (cvar_t *var)
                                  ^
Quake/host.c:267:33: note: You might need to cast the function pointer here
 Cvar_SetCallback (&max_edicts, Max_Edicts_f);
                                ^
Quake/host.c:98:35: note: Parameter 'var' can be declared as pointer to const
static void Max_Edicts_f (cvar_t *var)
                                  ^
Quake/host.c:110:32: style: Parameter 'var' can be declared as pointer to const. However it seems that 'Max_Fps_f' is a callback function, if 'var' is declared with const you might also need to cast function pointer(s). [constParameterCallback]
static void Max_Fps_f (cvar_t *var)
                               ^
Quake/host.c:263:34: note: You might need to cast the function pointer here
 Cvar_SetCallback (&host_maxfps, Max_Fps_f);
                                 ^
Quake/host.c:110:32: note: Parameter 'var' can be declared as pointer to const
static void Max_Fps_f (cvar_t *var)
                               ^
Quake/host.c:634:11: style: Variable 'ent' can be declared as pointer to const [constVariablePointer]
 edict_t *ent; //johnfitz
          ^
Quake/host_cmd.c:0:0: information: Too many #ifdef configurations - cppcheck only checks 12 of 24 configurations. Use --force to check all configurations. [toomanyconfigs]

^
Quake/host_cmd.c:0:0: information: Limiting analysis of branches. Use --check-level=exhaustive to analyze all branches. [normalCheckLevelMaxBranches]

^
Quake/host_cmd.c:1882:20: style: Redundant condition: The condition '*message' is redundant since '*message == ' '' is sufficient. [redundantCondition]
   while (*message && *message == ' ')
                   ^
Quake/host_cmd.c:822:7: style: The scope of the variable 'i' can be reduced. [variableScope]
 int  i;
      ^
Quake/host_cmd.c:1386:27: style: The scope of the variable 'p2' can be reduced. [variableScope]
 char  text[MAXCMDLINE], *p2;
                          ^
Quake/host_cmd.c:1473:27: style: The scope of the variable 'p2' can be reduced. [variableScope]
 char  text[MAXCMDLINE], *p2;
                          ^
Quake/host_cmd.c:1818:14: style: The scope of the variable 'who' can be reduced. [variableScope]
 const char *who;
             ^
Quake/host_cmd.c:127:17: style: Variable 'dir_t' can be declared as pointer to const [constVariablePointer]
 struct dirent *dir_t;
                ^
Quake/host_cmd.c:132:11: style: Variable 'pak' can be declared as pointer to const [constVariablePointer]
 pack_t  *pak;
          ^
Quake/host_cmd.c:356:17: style: Variable 'dir_t' can be declared as pointer to const [constVariablePointer]
 struct dirent *dir_t;
                ^
Quake/host_cmd.c:361:11: style: Variable 'pak' can be declared as pointer to const [constVariablePointer]
 pack_t  *pak;
          ^
Quake/host_cmd.c:2182:12: style: Variable 'm' can be declared as pointer to const [constVariablePointer]
 qmodel_t *m;
           ^
Quake/host_cmd.c:2407:39: error: syntax error [syntaxError]
  await new Promise((resolve, reject) => FS.syncfs(err => err ? reject(err) : resolve()))
                                      ^
Quake/image.c:0:0: information: Too many #ifdef configurations - cppcheck only checks 12 of 55 configurations. Use --force to check all configurations. [toomanyconfigs]

^
Quake/image.c:0:0: information: Limiting analysis of branches. Use --check-level=exhaustive to analyze all branches. [normalCheckLevelMaxBranches]

^
Quake/lodepng.c:123:29: style: Consider using memcpy instead of loop. [useStandardLibrary]
  for(i = 0; i < size; i++) ((char*)dst)[i] = ((const char*)src)[i];
                            ^
Quake/image.c:49:2: warning: If memory allocation fails, then there is a possible null pointer dereference: buf [nullPointerOutOfMemory]
 buf->f = f;
 ^
Quake/image.c:48:49: note: Assuming allocation function fails
 stdio_buffer_t *buf = (stdio_buffer_t *) calloc(1, sizeof(stdio_buffer_t));
                                                ^
Quake/image.c:48:24: note: Assignment 'buf=(struct stdio_buffer_t*)calloc(1,sizeof(struct stdio_buffer_t))', assigned value is 0
 stdio_buffer_t *buf = (stdio_buffer_t *) calloc(1, sizeof(stdio_buffer_t));
                       ^
Quake/image.c:49:2: note: Null pointer dereference
 buf->f = f;
 ^
Quake/lodepng.c:792:12: style: The scope of the variable 'bits' can be reduced. [variableScope]
  unsigned bits, n;
           ^
Quake/lodepng.c:792:18: style: The scope of the variable 'n' can be reduced. [variableScope]
  unsigned bits, n;
                 ^
Quake/lodepng.c:869:12: style: The scope of the variable 'i' can be reduced. [variableScope]
  unsigned i;
           ^
Quake/lodepng.c:1602:12: style: The scope of the variable 'offset' can be reduced. [variableScope]
  unsigned offset; /*the offset represents the distance in LZ77 terminology*/
           ^
Quake/lodepng.c:1603:12: style: The scope of the variable 'length' can be reduced. [variableScope]
  unsigned length;
           ^
Quake/lodepng.c:1606:12: style: The scope of the variable 'hashval' can be reduced. [variableScope]
  unsigned hashval;
           ^
Quake/lodepng.c:1608:12: style: The scope of the variable 'prev_offset' can be reduced. [variableScope]
  unsigned prev_offset;
           ^
Quake/lodepng.c:1609:24: style: The scope of the variable 'lastptr' can be reduced. [variableScope]
  const unsigned char *lastptr, *foreptr, *backptr;
                       ^
Quake/lodepng.c:1610:12: style: The scope of the variable 'hashpos' can be reduced. [variableScope]
  unsigned hashpos;
           ^
Quake/lodepng.c:1843:10: style: The scope of the variable 'numcodes_ll' can be reduced. [variableScope]
  size_t numcodes_ll, numcodes_d, numcodes_lld, numcodes_lld_e, numcodes_cl;
         ^
Quake/lodepng.c:1843:23: style: The scope of the variable 'numcodes_d' can be reduced. [variableScope]
  size_t numcodes_ll, numcodes_d, numcodes_lld, numcodes_lld_e, numcodes_cl;
                      ^
Quake/lodepng.c:1843:35: style: The scope of the variable 'numcodes_lld' can be reduced. [variableScope]
  size_t numcodes_ll, numcodes_d, numcodes_lld, numcodes_lld_e, numcodes_cl;
                                  ^
Quake/lodepng.c:1843:49: style: The scope of the variable 'numcodes_lld_e' can be reduced. [variableScope]
  size_t numcodes_ll, numcodes_d, numcodes_lld, numcodes_lld_e, numcodes_cl;
                                                ^
Quake/lodepng.c:1843:65: style: The scope of the variable 'numcodes_cl' can be reduced. [variableScope]
  size_t numcodes_ll, numcodes_d, numcodes_lld, numcodes_lld_e, numcodes_cl;
                                                                ^
Quake/lodepng.c:1844:12: style: The scope of the variable 'HLIT' can be reduced. [variableScope]
  unsigned HLIT, HDIST, HCLEN;
           ^
Quake/lodepng.c:1844:18: style: The scope of the variable 'HDIST' can be reduced. [variableScope]
  unsigned HLIT, HDIST, HCLEN;
                 ^
Quake/lodepng.c:1844:25: style: The scope of the variable 'HCLEN' can be reduced. [variableScope]
  unsigned HLIT, HDIST, HCLEN;
                        ^
Quake/lodepng.c:2033:12: style: The scope of the variable 'BFINAL' can be reduced. [variableScope]
  unsigned BFINAL = final;
           ^
Quake/lodepng.c:2035:10: style: The scope of the variable 'i' can be reduced. [variableScope]
  size_t i;
         ^
Quake/lodepng.c:2074:10: style: The scope of the variable 'i' can be reduced. [variableScope]
  size_t i, blocksize, numdeflateblocks;
         ^
Quake/lodepng.c:2254:10: style: The scope of the variable 'i' can be reduced. [variableScope]
  size_t i;
         ^
Quake/lodepng.c:3910:10: style: The scope of the variable 'i' can be reduced. [variableScope]
  size_t i, n;
         ^
Quake/lodepng.c:5616:12: style: The scope of the variable 'smallest' can be reduced. [variableScope]
    size_t smallest = 0;
           ^
Quake/lodepng.c:5617:25: style: The scope of the variable 'bestType' can be reduced. [variableScope]
    unsigned char type, bestType = 0;
                        ^
Quake/lodepng.c:5662:12: style: The scope of the variable 'bestSum' can be reduced. [variableScope]
    size_t bestSum = 0;
           ^
Quake/lodepng.c:5663:20: style: The scope of the variable 'bestType' can be reduced. [variableScope]
    unsigned type, bestType = 0;
                   ^
Quake/lodepng.c:5714:12: style: The scope of the variable 'smallest' can be reduced. [variableScope]
    size_t smallest = 0;
           ^
Quake/lodepng.c:5715:24: style: The scope of the variable 'bestType' can be reduced. [variableScope]
    unsigned type = 0, bestType = 0;
                       ^
Quake/image.c:147:24: style: The scope of the variable 'temp' can be reduced. [variableScope]
 int  handle, i, size, temp, bytes;
                       ^
Quake/image.c:472:9: style: The scope of the variable 'p' can be reduced. [variableScope]
 byte  *p, *data;
        ^
Quake/lodepng.c:2416:45: style: inconclusive: Function 'lodepng_crc32' argument 1 names different: declaration 'buf' definition 'data'. [funcArgNamesDifferent]
unsigned lodepng_crc32(const unsigned char* data, size_t length) {
                                            ^
Quake/lodepng.h:1006:45: note: Function 'lodepng_crc32' argument 1 names different: declaration 'buf' definition 'data'.
unsigned lodepng_crc32(const unsigned char* buf, size_t len);
                                            ^
Quake/lodepng.c:2416:45: note: Function 'lodepng_crc32' argument 1 names different: declaration 'buf' definition 'data'.
unsigned lodepng_crc32(const unsigned char* data, size_t length) {
                                            ^
Quake/lodepng.c:2416:58: style: inconclusive: Function 'lodepng_crc32' argument 2 names different: declaration 'len' definition 'length'. [funcArgNamesDifferent]
unsigned lodepng_crc32(const unsigned char* data, size_t length) {
                                                         ^
Quake/lodepng.h:1006:57: note: Function 'lodepng_crc32' argument 2 names different: declaration 'len' definition 'length'.
unsigned lodepng_crc32(const unsigned char* buf, size_t len);
                                                        ^
Quake/lodepng.c:2416:58: note: Function 'lodepng_crc32' argument 2 names different: declaration 'len' definition 'length'.
unsigned lodepng_crc32(const unsigned char* data, size_t length) {
                                                         ^
Quake/lodepng.c:3696:59: style: inconclusive: Function 'lodepng_compute_color_stats' argument 2 names different: declaration 'image' definition 'in'. [funcArgNamesDifferent]
                                     const unsigned char* in, unsigned w, unsigned h,
                                                          ^
Quake/lodepng.h:811:59: note: Function 'lodepng_compute_color_stats' argument 2 names different: declaration 'image' definition 'in'.
                                     const unsigned char* image, unsigned w, unsigned h,
                                                          ^
Quake/lodepng.c:3696:59: note: Function 'lodepng_compute_color_stats' argument 2 names different: declaration 'image' definition 'in'.
                                     const unsigned char* in, unsigned w, unsigned h,
                                                          ^
Quake/image.c:189:28: style: inconclusive: Function 'Image_LoadTGA' argument 1 names different: declaration 'f' definition 'fin'. [funcArgNamesDifferent]
byte *Image_LoadTGA (FILE *fin, int *width, int *height)
                           ^
Quake/image.h:29:28: note: Function 'Image_LoadTGA' argument 1 names different: declaration 'f' definition 'fin'.
byte *Image_LoadTGA (FILE *f, int *width, int *height);
                           ^
Quake/image.c:189:28: note: Function 'Image_LoadTGA' argument 1 names different: declaration 'f' definition 'fin'.
byte *Image_LoadTGA (FILE *fin, int *width, int *height)
                           ^
Quake/stb_image_write.h:221:52: style: Parameter 'data' can be declared as pointer to const. However it seems that 'stbi__stdio_write' is a callback function, if 'data' is declared with const you might also need to cast function pointer(s). [constParameterCallback]
static void stbi__stdio_write(void *context, void *data, int size)
                                                   ^
Quake/stb_image_write.h:229:35: note: You might need to cast the function pointer here
   stbi__start_write_callbacks(s, stbi__stdio_write, (void *) f);
                                  ^
Quake/stb_image_write.h:221:52: note: Parameter 'data' can be declared as pointer to const
static void stbi__stdio_write(void *context, void *data, int size)
                                                   ^
Quake/stb_image_write.h:334:102: style: Parameter 'fdtbl' can be declared as pointer to const [constParameterPointer]
static int stbiw__jpg_processDU(stbi__write_context *s, int *bitBuf, int *bitCnt, float *CDU, float *fdtbl, int DC, const unsigned short HTDC[256][2], const unsigned short HTAC[256][2]) {
                                                                                                     ^
Quake/lodepng.c:901:14: style: Variable 'a' can be declared as pointer to const [constVariablePointer]
    BPMNode* a = (counter & 1) ? mem : leaves;
             ^
Quake/lodepng.c:5260:56: style: Parameter 'zlibsettings' can be declared as pointer to const [constParameterPointer]
                              LodePNGCompressSettings* zlibsettings) {
                                                       ^
Quake/image.c:454:20: style: struct member 'pcxheader_t::hdpi' is never used. [unusedStructMember]
    unsigned short hdpi,vdpi;
                   ^
Quake/image.c:454:25: style: struct member 'pcxheader_t::vdpi' is never used. [unusedStructMember]
    unsigned short hdpi,vdpi;
                        ^
Quake/image.c:455:12: style: struct member 'pcxheader_t::colortable' is never used. [unusedStructMember]
    byte   colortable[48];
           ^
Quake/image.c:456:12: style: struct member 'pcxheader_t::reserved' is never used. [unusedStructMember]
    char   reserved;
           ^
Quake/image.c:459:20: style: struct member 'pcxheader_t::palette_type' is never used. [unusedStructMember]
    unsigned short palette_type;
                   ^
Quake/image.c:460:12: style: struct member 'pcxheader_t::filler' is never used. [unusedStructMember]
    char   filler[58];
           ^
Quake/lodepng.c:3791:22: style: Variable 'alpha_done' is assigned a value that is never used. [unreadVariable]
          alpha_done = 1;
                     ^
Quake/lodepng.c:3861:22: style: Variable 'alpha_done' is assigned a value that is never used. [unreadVariable]
          alpha_done = 1;
                     ^
Quake/lodepng.c:672:6: style: Condition '!maxlens' is always true [knownConditionTrueFalse]
  if(!maxlens) return 83; /*alloc fail*/
     ^
Quake/lodepng.c:671:48: note: Calling function 'lodepng_malloc' returns 0
  unsigned* maxlens = (unsigned*)lodepng_malloc(headsize * sizeof(unsigned));
                                               ^
Quake/lodepng.c:671:23: note: Assignment 'maxlens=(unsigned int*)lodepng_malloc(headsize*sizeof(unsigned int))', assigned value is 0
  unsigned* maxlens = (unsigned*)lodepng_malloc(headsize * sizeof(unsigned));
                      ^
Quake/lodepng.c:672:6: note: Condition '!maxlens' is always true
  if(!maxlens) return 83; /*alloc fail*/
     ^
Quake/lodepng.c:1043:6: style: Condition '!bitlen' is always true [knownConditionTrueFalse]
  if(!bitlen) return 83; /*alloc fail*/
     ^
Quake/lodepng.c:1042:47: note: Calling function 'lodepng_malloc' returns 0
  unsigned* bitlen = (unsigned*)lodepng_malloc(NUM_DEFLATE_CODE_SYMBOLS * sizeof(unsigned));
                                              ^
Quake/lodepng.c:1042:22: note: Assignment 'bitlen=(unsigned int*)lodepng_malloc(288*sizeof(unsigned int))', assigned value is 0
  unsigned* bitlen = (unsigned*)lodepng_malloc(NUM_DEFLATE_CODE_SYMBOLS * sizeof(unsigned));
                     ^
Quake/lodepng.c:1043:6: note: Condition '!bitlen' is always true
  if(!bitlen) return 83; /*alloc fail*/
     ^
Quake/lodepng.c:1061:6: style: Condition '!bitlen' is always true [knownConditionTrueFalse]
  if(!bitlen) return 83; /*alloc fail*/
     ^
Quake/lodepng.c:1060:47: note: Calling function 'lodepng_malloc' returns 0
  unsigned* bitlen = (unsigned*)lodepng_malloc(NUM_DISTANCE_SYMBOLS * sizeof(unsigned));
                                              ^
Quake/lodepng.c:1060:22: note: Assignment 'bitlen=(unsigned int*)lodepng_malloc(32*sizeof(unsigned int))', assigned value is 0
  unsigned* bitlen = (unsigned*)lodepng_malloc(NUM_DISTANCE_SYMBOLS * sizeof(unsigned));
                     ^
Quake/lodepng.c:1061:6: note: Condition '!bitlen' is always true
  if(!bitlen) return 83; /*alloc fail*/
     ^
Quake/lodepng.c:1855:6: style: Condition '!frequencies_ll' is always true [knownConditionTrueFalse]
  if(!frequencies_ll || !frequencies_d || !frequencies_cl) error = 83; /*alloc fail*/
     ^
Quake/lodepng.c:1851:45: note: Calling function 'lodepng_malloc' returns 0
  frequencies_ll = (unsigned*)lodepng_malloc(286 * sizeof(*frequencies_ll));
                                            ^
Quake/lodepng.c:1851:20: note: Assignment 'frequencies_ll=(unsigned int*)lodepng_malloc(286*sizeof(*frequencies_ll))', assigned value is 0
  frequencies_ll = (unsigned*)lodepng_malloc(286 * sizeof(*frequencies_ll));
                   ^
Quake/lodepng.c:1855:6: note: Condition '!frequencies_ll' is always true
  if(!frequencies_ll || !frequencies_d || !frequencies_cl) error = 83; /*alloc fail*/
     ^
Quake/lodepng.c:2700:8: style: Condition '!dest->palette' is always true [knownConditionTrueFalse]
    if(!dest->palette && source->palettesize) return 83; /*alloc fail*/
       ^
Quake/lodepng.c:2699:51: note: Calling function 'lodepng_malloc' returns 0
    dest->palette = (unsigned char*)lodepng_malloc(1024);
                                                  ^
Quake/lodepng.c:2699:21: note: Assignment 'dest->palette=(unsigned char*)lodepng_malloc(1024)', assigned value is 0
    dest->palette = (unsigned char*)lodepng_malloc(1024);
                    ^
Quake/lodepng.c:2700:8: note: Condition '!dest->palette' is always true
    if(!dest->palette && source->palettesize) return 83; /*alloc fail*/
       ^
Quake/lodepng.c:4406:12: style: The scope of the variable 'i' can be reduced. [variableScope]
  unsigned i;
           ^
Quake/lodepng.c:4514:20: style: The scope of the variable 'string2_begin' can be reduced. [variableScope]
  unsigned length, string2_begin;
                   ^
Quake/lodepng.c:4562:20: style: The scope of the variable 'begin' can be reduced. [variableScope]
  unsigned length, begin, compressed;
                   ^
Quake/lodepng.c:4562:27: style: The scope of the variable 'compressed' can be reduced. [variableScope]
  unsigned length, begin, compressed;
                          ^
Quake/lodepng.c:565:59: style: Parameter 'reader' can be declared as pointer to const [constParameterPointer]
static LODEPNG_INLINE unsigned peekBits(LodePNGBitReader* reader, size_t nbits) {
                                                          ^
Quake/lodepng.c:4244:18: style: Variable 'prevline' can be declared as pointer to const [constVariablePointer]
  unsigned char* prevline = NULL;
                 ^
Quake/lodepng.c:5293:56: style: Parameter 'zlibsettings' can be declared as pointer to const [constParameterPointer]
                              LodePNGCompressSettings* zlibsettings) {
                                                       ^
Quake/lodepng.c:5321:102: style: Parameter 'zlibsettings' can be declared as pointer to const [constParameterPointer]
                              const char* transkey, const char* textstring, LodePNGCompressSettings* zlibsettings) {
                                                                                                     ^
Quake/lodepng.c:5438:96: style: Parameter 'zlibsettings' can be declared as pointer to const [constParameterPointer]
static unsigned addChunk_iCCP(ucvector* out, const LodePNGInfo* info, LodePNGCompressSettings* zlibsettings) {
                                                                                               ^
Quake/lodepng.c:4848:20: style: Variable 'unknown' is assigned a value that is never used. [unreadVariable]
  unsigned unknown = 0;
                   ^
Quake/lodepng.h:248:1: error: Code 'namespacelodepng{' is invalid C code. [syntaxError]
namespace lodepng {
^
Quake/in_sdl.c:0:0: information: Too many #ifdef configurations - cppcheck only checks 12 of 24 configurations. Use --force to check all configurations. [toomanyconfigs]

^
Quake/in_sdl.c:32:0: information: Include file: "SDL.h" not found. [missingInclude]
#include "SDL.h"
^
Quake/in_sdl.c:641:29: style: Parameter 'cmd' can be declared as pointer to const [constParameterPointer]
void IN_JoyMove (usercmd_t *cmd)
                            ^
Quake/in_sdl.c:103:74: style: Parameter 'event' can be declared as pointer to const. However it seems that 'IN_SDL2_FilterMouseEvents' is a callback function, if 'event' is declared with const you might also need to cast function pointer(s). [constParameterCallback]
static int SDLCALL IN_SDL2_FilterMouseEvents (void *userdata, SDL_Event *event)
                                                                         ^
Quake/in_sdl.c:117:22: note: You might need to cast the function pointer here
  SDL_SetEventFilter(IN_SDL2_FilterMouseEvents, NULL);
                     ^
Quake/in_sdl.c:103:74: note: Parameter 'event' can be declared as pointer to const
static int SDLCALL IN_SDL2_FilterMouseEvents (void *userdata, SDL_Event *event)
                                                                         ^
Quake/in_sdl.c:632:18: warning: Uninitialized variable: newaxisstate [uninitvar]
 joy_axisstate = newaxisstate;
                 ^
Quake/in_sdl.c:614:16: note: Assuming condition is false
 for (i = 0; i < SDL_CONTROLLER_AXIS_MAX; i++)
               ^
Quake/in_sdl.c:632:18: note: Uninitialized variable: newaxisstate
 joy_axisstate = newaxisstate;
                 ^
Quake/in_sdl.c:156:9: style: Variable 'status' is assigned a value that is never used. [unreadVariable]
 status = IOServiceOpen(iohidsystem, mach_task_self(), kIOHIDParamConnectType, &iohandle);
        ^
Quake/keys.c:0:0: information: Too many #ifdef configurations - cppcheck only checks 12 of 58 configurations. Use --force to check all configurations. [toomanyconfigs]

^
Quake/keys.c:0:0: information: Limiting analysis of branches. Use --check-level=exhaustive to analyze all branches. [normalCheckLevelMaxBranches]

^
Quake/keys.c:1061:26: style: Condition 'down' is always true [knownConditionTrueFalse]
 if (cls.demoplayback && down && consolekeys[key] && key_dest == key_game && key != K_TAB)
                         ^
Quake/keys.c:308:10: style: The scope of the variable 'line' can be reduced. [variableScope]
   char *line;
         ^
Quake/keys.c:589:14: style: The scope of the variable 'tinystr' can be reduced. [variableScope]
 static char tinystr[2];
             ^
Quake/keys.c:759:9: style: The scope of the variable 'c' can be reduced. [variableScope]
 int i, c;
        ^
Quake/keys.c:803:6: style: The scope of the variable 'i' can be reduced. [variableScope]
 int i;
     ^
Quake/keys.c:308:10: style: Variable 'line' can be declared as pointer to const [constVariablePointer]
   char *line;
         ^
Quake/keys.c:973:8: style: Variable 'kb' can be declared as pointer to const [constVariablePointer]
 char *kb;
       ^
Quake/lodepng.c:0:0: information: Too many #ifdef configurations - cppcheck only checks 12 of 37 configurations. Use --force to check all configurations. [toomanyconfigs]

^
Quake/lodepng.c:0:0: information: Limiting analysis of branches. Use --check-level=exhaustive to analyze all branches. [normalCheckLevelMaxBranches]

^
Quake/lodepng.c:1131:6: style: Condition '!bitlen_cl' is always true [knownConditionTrueFalse]
  if(!bitlen_cl) return 83 /*alloc fail*/;
     ^
Quake/lodepng.c:1130:40: note: Calling function 'lodepng_malloc' returns 0
  bitlen_cl = (unsigned*)lodepng_malloc(NUM_CODE_LENGTH_CODES * sizeof(unsigned));
                                       ^
Quake/lodepng.c:1130:15: note: Assignment 'bitlen_cl=(unsigned int*)lodepng_malloc(19*sizeof(unsigned int))', assigned value is 0
  bitlen_cl = (unsigned*)lodepng_malloc(NUM_CODE_LENGTH_CODES * sizeof(unsigned));
              ^
Quake/lodepng.c:1131:6: note: Condition '!bitlen_cl' is always true
  if(!bitlen_cl) return 83 /*alloc fail*/;
     ^
Quake/lodepng.c:1154:8: style: Condition '!bitlen_ll' is always true [knownConditionTrueFalse]
    if(!bitlen_ll || !bitlen_d) ERROR_BREAK(83 /*alloc fail*/);
       ^
Quake/lodepng.c:1152:42: note: Calling function 'lodepng_malloc' returns 0
    bitlen_ll = (unsigned*)lodepng_malloc(NUM_DEFLATE_CODE_SYMBOLS * sizeof(unsigned));
                                         ^
Quake/lodepng.c:1152:17: note: Assignment 'bitlen_ll=(unsigned int*)lodepng_malloc(288*sizeof(unsigned int))', assigned value is 0
    bitlen_ll = (unsigned*)lodepng_malloc(NUM_DEFLATE_CODE_SYMBOLS * sizeof(unsigned));
                ^
Quake/lodepng.c:1154:8: note: Condition '!bitlen_ll' is always true
    if(!bitlen_ll || !bitlen_d) ERROR_BREAK(83 /*alloc fail*/);
       ^
Quake/main_sdl.c:0:0: information: Too many #ifdef configurations - cppcheck only checks 12 of 23 configurations. Use --force to check all configurations. [toomanyconfigs]

^
Quake/main_sdl.c:32:0: information: Include file: "SDL.h" not found. [missingInclude]
#include "SDL.h"
^
Quake/main_sdl.c:77:7: style: The scope of the variable 't' can be reduced. [variableScope]
 int  t;
      ^
Quake/mathlib.c:0:0: information: Too many #ifdef configurations - cppcheck only checks 12 of 22 configurations. Use --force to check all configurations. [toomanyconfigs]

^
Quake/mathlib.c:120:59: style: inconclusive: Function 'BoxOnPlaneSide' argument 3 names different: declaration 'plane' definition 'p'. [funcArgNamesDifferent]
int BoxOnPlaneSide (vec3_t emins, vec3_t emaxs, mplane_t *p)
                                                          ^
Quake/mathlib.h:92:66: note: Function 'BoxOnPlaneSide' argument 3 names different: declaration 'plane' definition 'p'.
int BoxOnPlaneSide (vec3_t emins, vec3_t emaxs, struct mplane_s *plane);
                                                                 ^
Quake/mathlib.c:120:59: note: Function 'BoxOnPlaneSide' argument 3 names different: declaration 'plane' definition 'p'.
int BoxOnPlaneSide (vec3_t emins, vec3_t emaxs, mplane_t *p)
                                                          ^
Quake/mathlib.c:171:27: style: Parameter 'angles' can be declared as const array [constParameter]
void AngleVectors (vec3_t angles, vec3_t forward, vec3_t right, vec3_t up)
                          ^
Quake/mathlib.c:197:27: style: Parameter 'v1' can be declared as const array [constParameter]
int VectorCompare (vec3_t v1, vec3_t v2)
                          ^
Quake/mathlib.c:197:38: style: Parameter 'v2' can be declared as const array [constParameter]
int VectorCompare (vec3_t v1, vec3_t v2)
                                     ^
Quake/mathlib.c:208:23: style: Parameter 'veca' can be declared as const array [constParameter]
void VectorMA (vec3_t veca, float scale, vec3_t vecb, vec3_t vecc)
                      ^
Quake/mathlib.c:208:49: style: Parameter 'vecb' can be declared as const array [constParameter]
void VectorMA (vec3_t veca, float scale, vec3_t vecb, vec3_t vecc)
                                                ^
Quake/mathlib.c:216:27: style: Parameter 'v1' can be declared as const array [constParameter]
vec_t _DotProduct (vec3_t v1, vec3_t v2)
                          ^
Quake/mathlib.c:216:38: style: Parameter 'v2' can be declared as const array [constParameter]
vec_t _DotProduct (vec3_t v1, vec3_t v2)
                                     ^
Quake/mathlib.c:221:30: style: Parameter 'veca' can be declared as const array [constParameter]
void _VectorSubtract (vec3_t veca, vec3_t vecb, vec3_t out)
                             ^
Quake/mathlib.c:221:43: style: Parameter 'vecb' can be declared as const array [constParameter]
void _VectorSubtract (vec3_t veca, vec3_t vecb, vec3_t out)
                                          ^
Quake/mathlib.c:228:25: style: Parameter 'veca' can be declared as const array [constParameter]
void _VectorAdd (vec3_t veca, vec3_t vecb, vec3_t out)
                        ^
Quake/mathlib.c:228:38: style: Parameter 'vecb' can be declared as const array [constParameter]
void _VectorAdd (vec3_t veca, vec3_t vecb, vec3_t out)
                                     ^
Quake/mathlib.c:235:26: style: Parameter 'in' can be declared as const array [constParameter]
void _VectorCopy (vec3_t in, vec3_t out)
                         ^
Quake/mathlib.c:242:27: style: Parameter 'v1' can be declared as const array [constParameter]
void CrossProduct (vec3_t v1, vec3_t v2, vec3_t cross)
                          ^
Quake/mathlib.c:242:38: style: Parameter 'v2' can be declared as const array [constParameter]
void CrossProduct (vec3_t v1, vec3_t v2, vec3_t cross)
                                     ^
Quake/mathlib.c:249:27: style: Parameter 'v' can be declared as const array [constParameter]
vec_t VectorLength(vec3_t v)
                          ^
Quake/mathlib.c:295:26: style: Parameter 'in' can be declared as const array [constParameter]
void VectorScale (vec3_t in, vec_t scale, vec3_t out)
                         ^
Quake/menu.c:0:0: information: Too many #ifdef configurations - cppcheck only checks 12 of 20 configurations. Use --force to check all configurations. [toomanyconfigs]

^
Quake/menu.c:0:0: information: Limiting analysis of branches. Use --check-level=exhaustive to analyze all branches. [normalCheckLevelMaxBranches]

^
Quake/menu.c:443:7: warning: inconclusive: Width 79 given in format string (no. 1) is smaller than destination buffer 'name[1024]'. [invalidScanfFormatWidth_smaller]
      fscanf(f, "%79s\n", name)   != 1) {
      ^
Quake/menu.c:1738:2: warning: %u in format string (no. 1) requires 'unsigned int' but the argument type is 'signed int'. [invalidPrintfArgType_uint]
 sprintf(lanConfig_portname, "%u", lanConfig_port);
 ^
Quake/menu.c:1893:2: warning: %u in format string (no. 1) requires 'unsigned int' but the argument type is 'signed int'. [invalidPrintfArgType_uint]
 sprintf(lanConfig_portname, "%u", lanConfig_port);
 ^
Quake/menu.c:430:8: style: The scope of the variable 'f' can be reduced. [variableScope]
 FILE *f;
       ^
Quake/menu.c:1378:8: style: The scope of the variable 'b' can be reduced. [variableScope]
 char *b;
       ^
Quake/menu.c:1403:8: style: The scope of the variable 'b' can be reduced. [variableScope]
 char *b;
       ^
Quake/menu.c:1421:13: style: The scope of the variable 'y' can be reduced. [variableScope]
 int  i, x, y;
            ^
Quake/menu.c:1476:7: style: The scope of the variable 'cmd' can be reduced. [variableScope]
 char cmd[80];
      ^
Quake/menu.c:2103:7: style: The scope of the variable 'x' can be reduced. [variableScope]
 int  x;
      ^
Quake/menu.c:520:22: style: inconclusive: Function 'M_Load_Key' argument 1 names different: declaration 'key' definition 'k'. [funcArgNamesDifferent]
void M_Load_Key (int k)
                     ^
Quake/menu.c:68:24: note: Function 'M_Load_Key' argument 1 names different: declaration 'key' definition 'k'.
  void M_Load_Key (int key);
                       ^
Quake/menu.c:520:22: note: Function 'M_Load_Key' argument 1 names different: declaration 'key' definition 'k'.
void M_Load_Key (int k)
                     ^
Quake/menu.c:565:22: style: inconclusive: Function 'M_Save_Key' argument 1 names different: declaration 'key' definition 'k'. [funcArgNamesDifferent]
void M_Save_Key (int k)
                     ^
Quake/menu.c:69:24: note: Function 'M_Save_Key' argument 1 names different: declaration 'key' definition 'k'.
  void M_Save_Key (int key);
                       ^
Quake/menu.c:565:22: note: Function 'M_Save_Key' argument 1 names different: declaration 'key' definition 'k'.
void M_Save_Key (int k)
                     ^
Quake/menu.c:746:23: style: inconclusive: Function 'M_Setup_Key' argument 1 names different: declaration 'key' definition 'k'. [funcArgNamesDifferent]
void M_Setup_Key (int k)
                      ^
Quake/menu.c:71:25: note: Function 'M_Setup_Key' argument 1 names different: declaration 'key' definition 'k'.
  void M_Setup_Key (int key);
                        ^
Quake/menu.c:746:23: note: Function 'M_Setup_Key' argument 1 names different: declaration 'key' definition 'k'.
void M_Setup_Key (int k)
                      ^
Quake/menu.c:938:21: style: inconclusive: Function 'M_Net_Key' argument 1 names different: declaration 'key' definition 'k'. [funcArgNamesDifferent]
void M_Net_Key (int k)
                    ^
Quake/menu.c:72:23: note: Function 'M_Net_Key' argument 1 names different: declaration 'key' definition 'k'.
  void M_Net_Key (int key);
                      ^
Quake/menu.c:938:21: note: Function 'M_Net_Key' argument 1 names different: declaration 'key' definition 'k'.
void M_Net_Key (int k)
                    ^
Quake/menu.c:1262:25: style: inconclusive: Function 'M_Options_Key' argument 1 names different: declaration 'key' definition 'k'. [funcArgNamesDifferent]
void M_Options_Key (int k)
                        ^
Quake/menu.c:77:26: note: Function 'M_Options_Key' argument 1 names different: declaration 'key' definition 'k'.
 void M_Options_Key (int key);
                         ^
Quake/menu.c:1262:25: note: Function 'M_Options_Key' argument 1 names different: declaration 'key' definition 'k'.
void M_Options_Key (int k)
                        ^
Quake/menu.c:1474:22: style: inconclusive: Function 'M_Keys_Key' argument 1 names different: declaration 'key' definition 'k'. [funcArgNamesDifferent]
void M_Keys_Key (int k)
                     ^
Quake/menu.c:78:24: note: Function 'M_Keys_Key' argument 1 names different: declaration 'key' definition 'k'.
  void M_Keys_Key (int key);
                       ^
Quake/menu.c:1474:22: note: Function 'M_Keys_Key' argument 1 names different: declaration 'key' definition 'k'.
void M_Keys_Key (int k)
                     ^
Quake/menu.c:2486:28: style: inconclusive: Function 'M_ServerList_Key' argument 1 names different: declaration 'key' definition 'k'. [funcArgNamesDifferent]
void M_ServerList_Key (int k)
                           ^
Quake/menu.c:76:30: note: Function 'M_ServerList_Key' argument 1 names different: declaration 'key' definition 'k'.
  void M_ServerList_Key (int key);
                             ^
Quake/menu.c:2486:28: note: Function 'M_ServerList_Key' argument 1 names different: declaration 'key' definition 'k'.
void M_ServerList_Key (int k)
                           ^
Quake/menu.c:1378:8: style: Variable 'b' can be declared as pointer to const [constVariablePointer]
 char *b;
       ^
Quake/menu.c:1403:8: style: Variable 'b' can be declared as pointer to const [constVariablePointer]
 char *b;
       ^
Quake/menu.c:1890:5: style: Variable 'l' is assigned a value that is never used. [unreadVariable]
  l = lanConfig_port;
    ^
Quake/menu.c:443:7: error: Width 79 given in format string (no. 1) is larger than destination buffer 'name[1]', use %0s to prevent overflowing it. [invalidScanfFormatWidth]
      fscanf(f, "%79s\n", name)   != 1) {
      ^
Quake/miniz.c:0:0: information: Too many #ifdef configurations - cppcheck only checks 12 of 17 configurations. Use --force to check all configurations. [toomanyconfigs]

^
Quake/miniz.c:0:0: information: Limiting analysis of branches. Use --check-level=exhaustive to analyze all branches. [normalCheckLevelMaxBranches]

^
Quake/miniz.c:1364:21: warning: Identical inner 'if' condition is always true. [identicalInnerCondition]
                if (extra_size_remaining)
                    ^
Quake/miniz.c:1362:50: note: 'extra_size_remaining' is assigned value 'ext_data_size' here.
                mz_uint32 extra_size_remaining = ext_data_size;
                                                 ^
Quake/miniz.c:1358:18: note: outer condition: ext_data_size
                (ext_data_size) &&
                 ^
Quake/miniz.c:1364:21: note: identical inner condition: extra_size_remaining
                if (extra_size_remaining)
                    ^
Quake/miniz.c:1126:19: style: The scope of the variable 'child' can be reduced. [variableScope]
        mz_uint64 child, root = start;
                  ^
Quake/miniz.c:1145:19: style: The scope of the variable 'child' can be reduced. [variableScope]
        mz_uint64 child, root = 0;
                  ^
Quake/miniz.c:1223:15: style: The scope of the variable 'zip64_end_of_central_dir_ofs' can be reduced. [variableScope]
    mz_uint64 zip64_end_of_central_dir_ofs = 0;
              ^
Quake/miniz.c:1797:127: style: inconclusive: Function 'mz_zip_reader_locate_file_v2' argument 5 names different: declaration 'file_index' definition 'pIndex'. [funcArgNamesDifferent]
mz_bool mz_zip_reader_locate_file_v2(mz_zip_archive *pZip, const char *pName, const char *pComment, mz_uint flags, mz_uint32 *pIndex)
                                                                                                                              ^
Quake/miniz.h:698:140: note: Function 'mz_zip_reader_locate_file_v2' argument 5 names different: declaration 'file_index' definition 'pIndex'.
MINIZ_EXPORT mz_bool mz_zip_reader_locate_file_v2(mz_zip_archive *pZip, const char *pName, const char *pComment, mz_uint flags, mz_uint32 *file_index);
                                                                                                                                           ^
Quake/miniz.c:1797:127: note: Function 'mz_zip_reader_locate_file_v2' argument 5 names different: declaration 'file_index' definition 'pIndex'.
mz_bool mz_zip_reader_locate_file_v2(mz_zip_archive *pZip, const char *pName, const char *pComment, mz_uint flags, mz_uint32 *pIndex)
                                                                                                                              ^
Quake/miniz.c:354:52: style: Variable 'pOut_buf_end' can be declared as pointer to const [constVariablePointer]
    mz_uint8 *pOut_buf_cur = pOut_buf_next, *const pOut_buf_end = pOut_buf_next ? pOut_buf_next + *pOut_buf_size : NULL;
                                                   ^
Quake/miniz.c:484:27: style: Variable 'pCode_size' can be declared as pointer to const [constVariablePointer]
                mz_uint8 *pCode_size;
                          ^
Quake/miniz.c:1753:16: style: Variable 'pIndices' can be declared as pointer to const [constVariablePointer]
    mz_uint32 *pIndices = &MZ_ZIP_ARRAY_ELEMENT(&pState->m_sorted_central_dir_offsets, mz_uint32, 0);
               ^
Quake/miniz.c:1223:44: style: Variable 'zip64_end_of_central_dir_ofs' is assigned a value that is never used. [unreadVariable]
    mz_uint64 zip64_end_of_central_dir_ofs = 0;
                                           ^
Quake/miniz.c:1704:37: style: Variable 'pField_data' is assigned a value that is never used. [unreadVariable]
                        pField_data += sizeof(mz_uint64);
                                    ^
Quake/miniz.c:1705:46: style: Variable 'field_data_remaining' is assigned a value that is never used. [unreadVariable]
                        field_data_remaining -= sizeof(mz_uint64);
                                             ^
Quake/net_bsd.c:0:0: information: Too many #ifdef configurations - cppcheck only checks 12 of 65 configurations. Use --force to check all configurations. [toomanyconfigs]

^
Quake/net_dgrm.c:0:0: information: Too many #ifdef configurations - cppcheck only checks 12 of 66 configurations. Use --force to check all configurations. [toomanyconfigs]

^
Quake/net_dgrm.c:0:0: information: Limiting analysis of branches. Use --check-level=exhaustive to analyze all branches. [normalCheckLevelMaxBranches]

^
Quake/net_dgrm.c:78:7: style: The scope of the variable 'addrStr' can be reduced. [variableScope]
 char addrStr [32];
      ^
Quake/net_dgrm.c:79:7: style: The scope of the variable 'maskStr' can be reduced. [variableScope]
 char maskStr [32];
      ^
Quake/net_dgrm.c:288:15: style: The scope of the variable 'length' can be reduced. [variableScope]
 unsigned int length;
              ^
Quake/net_dgrm.c:528:7: style: The scope of the variable 'control' can be reduced. [variableScope]
 int  control;
      ^
Quake/net_dgrm.c:529:7: style: The scope of the variable 'len' can be reduced. [variableScope]
 int  len;
      ^
Quake/net_dgrm.c:532:7: style: The scope of the variable 'colors' can be reduced. [variableScope]
 int  colors;
      ^
Quake/net_dgrm.c:533:7: style: The scope of the variable 'frags' can be reduced. [variableScope]
 int  frags;
      ^
Quake/net_dgrm.c:534:7: style: The scope of the variable 'connectTime' can be reduced. [variableScope]
 int  connectTime;
      ^
Quake/net_dgrm.c:62:8: style: Variable 'p' can be declared as pointer to const [constVariablePointer]
 byte *p = (byte *)addr;
       ^
Quake/net_dgrm.c:132:55: style: Parameter 'data' can be declared as pointer to const [constParameterPointer]
int Datagram_SendMessage (qsocket_t *sock, sizebuf_t *data)
                                                      ^
Quake/net_dgrm.c:254:56: style: Parameter 'sock' can be declared as pointer to const [constParameterPointer]
qboolean Datagram_CanSendUnreliableMessage (qsocket_t *sock)
                                                       ^
Quake/net_dgrm.c:260:65: style: Parameter 'data' can be declared as pointer to const [constParameterPointer]
int Datagram_SendUnreliableMessage (qsocket_t *sock, sizebuf_t *data)
                                                                ^
Quake/net_dgrm.c:958:13: style: Variable 'var' can be declared as pointer to const [constVariablePointer]
  cvar_t   *var;
            ^
Quake/net_loop.c:0:0: information: Too many #ifdef configurations - cppcheck only checks 12 of 65 configurations. Use --force to check all configurations. [toomanyconfigs]

^
Quake/net_loop.c:158:51: style: Parameter 'data' can be declared as pointer to const [constParameterPointer]
int Loop_SendMessage (qsocket_t *sock, sizebuf_t *data)
                                                  ^
Quake/net_loop.c:192:61: style: Parameter 'data' can be declared as pointer to const [constParameterPointer]
int Loop_SendUnreliableMessage (qsocket_t *sock, sizebuf_t *data)
                                                            ^
Quake/net_loop.c:224:42: style: Parameter 'sock' can be declared as pointer to const [constParameterPointer]
qboolean Loop_CanSendMessage (qsocket_t *sock)
                                         ^
Quake/net_loop.c:232:52: style: Parameter 'sock' can be declared as pointer to const [constParameterPointer]
qboolean Loop_CanSendUnreliableMessage (qsocket_t *sock)
                                                   ^
Quake/net_main.c:0:0: information: Too many #ifdef configurations - cppcheck only checks 12 of 65 configurations. Use --force to check all configurations. [toomanyconfigs]

^
Quake/net_main.c:157:45: style: inconclusive: Function 'NET_QSocketGetTime' argument 1 names different: declaration 'sock' definition 's'. [funcArgNamesDifferent]
double NET_QSocketGetTime (const qsocket_t *s)
                                            ^
Quake/net.h:58:52: note: Function 'NET_QSocketGetTime' argument 1 names different: declaration 'sock' definition 's'.
double NET_QSocketGetTime (const struct qsocket_s *sock);
                                                   ^
Quake/net_main.c:157:45: note: Function 'NET_QSocketGetTime' argument 1 names different: declaration 'sock' definition 's'.
double NET_QSocketGetTime (const qsocket_t *s)
                                            ^
Quake/net_main.c:163:59: style: inconclusive: Function 'NET_QSocketGetAddressString' argument 1 names different: declaration 'sock' definition 's'. [funcArgNamesDifferent]
const char *NET_QSocketGetAddressString (const qsocket_t *s)
                                                          ^
Quake/net.h:59:66: note: Function 'NET_QSocketGetAddressString' argument 1 names different: declaration 'sock' definition 's'.
const char *NET_QSocketGetAddressString (const struct qsocket_s *sock);
                                                                 ^
Quake/net_main.c:163:59: note: Function 'NET_QSocketGetAddressString' argument 1 names different: declaration 'sock' definition 's'.
const char *NET_QSocketGetAddressString (const qsocket_t *s)
                                                          ^
Quake/net_main.c:331:39: style: inconclusive: Function 'NET_SlistPrintServer' argument 1 names different: declaration 'n' definition 'idx'. [funcArgNamesDifferent]
const char *NET_SlistPrintServer (int idx)
                                      ^
Quake/net.h:103:39: note: Function 'NET_SlistPrintServer' argument 1 names different: declaration 'n' definition 'idx'.
const char *NET_SlistPrintServer (int n);
                                      ^
Quake/net_main.c:331:39: note: Function 'NET_SlistPrintServer' argument 1 names different: declaration 'n' definition 'idx'.
const char *NET_SlistPrintServer (int idx)
                                      ^
Quake/net_main.c:354:43: style: inconclusive: Function 'NET_SlistPrintServerName' argument 1 names different: declaration 'n' definition 'idx'. [funcArgNamesDifferent]
const char *NET_SlistPrintServerName (int idx)
                                          ^
Quake/net.h:104:43: note: Function 'NET_SlistPrintServerName' argument 1 names different: declaration 'n' definition 'idx'.
const char *NET_SlistPrintServerName (int n);
                                          ^
Quake/net_main.c:354:43: note: Function 'NET_SlistPrintServerName' argument 1 names different: declaration 'n' definition 'idx'.
const char *NET_SlistPrintServerName (int idx)
                                          ^
Quake/net_main.c:884:43: style: inconclusive: Function 'SchedulePollProcedure' argument 1 names different: declaration 'pp' definition 'proc'. [funcArgNamesDifferent]
void SchedulePollProcedure(PollProcedure *proc, double timeOffset)
                                          ^
Quake/net_defs.h:257:43: note: Function 'SchedulePollProcedure' argument 1 names different: declaration 'pp' definition 'proc'.
void SchedulePollProcedure(PollProcedure *pp, double timeOffset);
                                          ^
Quake/net_main.c:884:43: note: Function 'SchedulePollProcedure' argument 1 names different: declaration 'pp' definition 'proc'.
void SchedulePollProcedure(PollProcedure *proc, double timeOffset)
                                          ^
Quake/net_udp.c:0:0: information: Too many #ifdef configurations - cppcheck only checks 12 of 66 configurations. Use --force to check all configurations. [toomanyconfigs]

^
Quake/net_udp.c:0:0: information: Limiting analysis of branches. Use --check-level=exhaustive to analyze all branches. [normalCheckLevelMaxBranches]

^
Quake/net_udp.c:212:18: style: The scope of the variable 'num' can be reduced. [variableScope]
 int addr, mask, num, port, run;
                 ^
Quake/net_udp.c:212:29: style: The scope of the variable 'run' can be reduced. [variableScope]
 int addr, mask, num, port, run;
                            ^
Quake/net_udp.c:326:6: style: The scope of the variable 'ret' can be reduced. [variableScope]
 int ret;
     ^
Quake/net_udp.c:256:59: style: Parameter 'addr' can be declared as pointer to const [constParameterPointer]
int UDP_Connect (sys_socket_t socketid, struct qsockaddr *addr)
                                                          ^
Quake/net_udp.c:412:18: style: Variable 'hostentry' can be declared as pointer to const [constVariablePointer]
 struct hostent *hostentry;
                 ^
Quake/net_win.c:0:0: information: Too many #ifdef configurations - cppcheck only checks 12 of 65 configurations. Use --force to check all configurations. [toomanyconfigs]

^
Quake/net_wins.c:0:0: information: Too many #ifdef configurations - cppcheck only checks 12 of 65 configurations. Use --force to check all configurations. [toomanyconfigs]

^
Quake/net_wins.c:0:0: information: Limiting analysis of branches. Use --check-level=exhaustive to analyze all branches. [normalCheckLevelMaxBranches]

^
Quake/net_wins.c:283:18: style: The scope of the variable 'num' can be reduced. [variableScope]
 int addr, mask, num, port, run;
                 ^
Quake/net_wins.c:283:29: style: The scope of the variable 'run' can be reduced. [variableScope]
 int addr, mask, num, port, run;
                            ^
Quake/net_wins.c:390:6: style: The scope of the variable 'ret' can be reduced. [variableScope]
 int ret;
     ^
Quake/net_wins.c:327:60: style: Parameter 'addr' can be declared as pointer to const [constParameterPointer]
int WINS_Connect (sys_socket_t socketid, struct qsockaddr *addr)
                                                           ^
Quake/net_wins.c:476:18: style: Variable 'hostentry' can be declared as pointer to const [constVariablePointer]
 struct hostent *hostentry;
                 ^
Quake/net_wins.c:144:28: style: Variable 'buff[256-1]' is assigned a value that is never used. [unreadVariable]
  buff[MAXHOSTNAMELEN - 1] = 0;
                           ^
Quake/net_wins.c:144:28: style: Variable 'buff[1-1]' is assigned a value that is never used. [unreadVariable]
  buff[MAXHOSTNAMELEN - 1] = 0;
                           ^
Quake/net_wipx.c:0:0: information: Too many #ifdef configurations - cppcheck only checks 12 of 65 configurations. Use --force to check all configurations. [toomanyconfigs]

^
Quake/net_wipx.c:0:0: information: Limiting analysis of branches. Use --check-level=exhaustive to analyze all branches. [normalCheckLevelMaxBranches]

^
Quake/net_wipx.c:342:2: warning: %x in format string (no. 1) requires 'unsigned int *' but the argument type is 'signed int *'. [invalidScanfArgType_int]
 DO(0, sa_netnum[0]);
 ^
Quake/net_wipx.c:343:2: warning: %x in format string (no. 1) requires 'unsigned int *' but the argument type is 'signed int *'. [invalidScanfArgType_int]
 DO(2, sa_netnum[1]);
 ^
Quake/net_wipx.c:344:2: warning: %x in format string (no. 1) requires 'unsigned int *' but the argument type is 'signed int *'. [invalidScanfArgType_int]
 DO(4, sa_netnum[2]);
 ^
Quake/net_wipx.c:345:2: warning: %x in format string (no. 1) requires 'unsigned int *' but the argument type is 'signed int *'. [invalidScanfArgType_int]
 DO(6, sa_netnum[3]);
 ^
Quake/net_wipx.c:346:2: warning: %x in format string (no. 1) requires 'unsigned int *' but the argument type is 'signed int *'. [invalidScanfArgType_int]
 DO(9, sa_nodenum[0]);
 ^
Quake/net_wipx.c:347:2: warning: %x in format string (no. 1) requires 'unsigned int *' but the argument type is 'signed int *'. [invalidScanfArgType_int]
 DO(11, sa_nodenum[1]);
 ^
Quake/net_wipx.c:348:2: warning: %x in format string (no. 1) requires 'unsigned int *' but the argument type is 'signed int *'. [invalidScanfArgType_int]
 DO(13, sa_nodenum[2]);
 ^
Quake/net_wipx.c:349:2: warning: %x in format string (no. 1) requires 'unsigned int *' but the argument type is 'signed int *'. [invalidScanfArgType_int]
 DO(15, sa_nodenum[3]);
 ^
Quake/net_wipx.c:350:2: warning: %x in format string (no. 1) requires 'unsigned int *' but the argument type is 'signed int *'. [invalidScanfArgType_int]
 DO(17, sa_nodenum[4]);
 ^
Quake/net_wipx.c:351:2: warning: %x in format string (no. 1) requires 'unsigned int *' but the argument type is 'signed int *'. [invalidScanfArgType_int]
 DO(19, sa_nodenum[5]);
 ^
Quake/net_wipx.c:354:2: warning: %u in format string (no. 1) requires 'unsigned int *' but the argument type is 'signed int *'. [invalidScanfArgType_int]
 sscanf (&string[22], "%u", &val);
 ^
Quake/net_wipx.c:397:3: warning: %u in format string (no. 2) requires 'unsigned int' but the argument type is 'signed int'. [invalidPrintfArgType_uint]
  sprintf(buf, "00000000:%s:%u", name, net_hostport);
  ^
Quake/net_wipx.c:402:3: warning: %u in format string (no. 2) requires 'unsigned int' but the argument type is 'signed int'. [invalidPrintfArgType_uint]
  sprintf(buf, "%s:%u", name, net_hostport);
  ^
Quake/net_wipx.c:204:36: style: inconclusive: Function 'WIPX_CloseSocket' argument 1 names different: declaration 'socketid' definition 'handle'. [funcArgNamesDifferent]
int WIPX_CloseSocket (sys_socket_t handle)
                                   ^
Quake/net_wipx.h:29:37: note: Function 'WIPX_CloseSocket' argument 1 names different: declaration 'socketid' definition 'handle'.
int  WIPX_CloseSocket (sys_socket_t socketid);
                                    ^
Quake/net_wipx.c:204:36: note: Function 'WIPX_CloseSocket' argument 1 names different: declaration 'socketid' definition 'handle'.
int WIPX_CloseSocket (sys_socket_t handle)
                                   ^
Quake/net_wipx.c:216:32: style: inconclusive: Function 'WIPX_Connect' argument 1 names different: declaration 'socketid' definition 'handle'. [funcArgNamesDifferent]
int WIPX_Connect (sys_socket_t handle, struct qsockaddr *addr)
                               ^
Quake/net_wipx.h:30:33: note: Function 'WIPX_Connect' argument 1 names different: declaration 'socketid' definition 'handle'.
int  WIPX_Connect (sys_socket_t socketid, struct qsockaddr *addr);
                                ^
Quake/net_wipx.c:216:32: note: Function 'WIPX_Connect' argument 1 names different: declaration 'socketid' definition 'handle'.
int WIPX_Connect (sys_socket_t handle, struct qsockaddr *addr)
                               ^
Quake/net_wipx.c:244:29: style: inconclusive: Function 'WIPX_Read' argument 1 names different: declaration 'socketid' definition 'handle'. [funcArgNamesDifferent]
int WIPX_Read (sys_socket_t handle, byte *buf, int len, struct qsockaddr *addr)
                            ^
Quake/net_wipx.h:32:30: note: Function 'WIPX_Read' argument 1 names different: declaration 'socketid' definition 'handle'.
int  WIPX_Read (sys_socket_t socketid, byte *buf, int len, struct qsockaddr *addr);
                             ^
Quake/net_wipx.c:244:29: note: Function 'WIPX_Read' argument 1 names different: declaration 'socketid' definition 'handle'.
int WIPX_Read (sys_socket_t handle, byte *buf, int len, struct qsockaddr *addr)
                            ^
Quake/net_wipx.c:271:34: style: inconclusive: Function 'WIPX_Broadcast' argument 1 names different: declaration 'socketid' definition 'handle'. [funcArgNamesDifferent]
int WIPX_Broadcast (sys_socket_t handle, byte *buf, int len)
                                 ^
Quake/net_wipx.h:34:35: note: Function 'WIPX_Broadcast' argument 1 names different: declaration 'socketid' definition 'handle'.
int  WIPX_Broadcast (sys_socket_t socketid, byte *buf, int len);
                                  ^
Quake/net_wipx.c:271:34: note: Function 'WIPX_Broadcast' argument 1 names different: declaration 'socketid' definition 'handle'.
int WIPX_Broadcast (sys_socket_t handle, byte *buf, int len)
                                 ^
Quake/net_wipx.c:278:30: style: inconclusive: Function 'WIPX_Write' argument 1 names different: declaration 'socketid' definition 'handle'. [funcArgNamesDifferent]
int WIPX_Write (sys_socket_t handle, byte *buf, int len, struct qsockaddr *addr)
                             ^
Quake/net_wipx.h:33:31: note: Function 'WIPX_Write' argument 1 names different: declaration 'socketid' definition 'handle'.
int  WIPX_Write (sys_socket_t socketid, byte *buf, int len, struct qsockaddr *addr);
                              ^
Quake/net_wipx.c:278:30: note: Function 'WIPX_Write' argument 1 names different: declaration 'socketid' definition 'handle'.
int WIPX_Write (sys_socket_t handle, byte *buf, int len, struct qsockaddr *addr)
                             ^
Quake/net_wipx.c:362:38: style: inconclusive: Function 'WIPX_GetSocketAddr' argument 1 names different: declaration 'socketid' definition 'handle'. [funcArgNamesDifferent]
int WIPX_GetSocketAddr (sys_socket_t handle, struct qsockaddr *addr)
                                     ^
Quake/net_wipx.h:37:39: note: Function 'WIPX_GetSocketAddr' argument 1 names different: declaration 'socketid' definition 'handle'.
int  WIPX_GetSocketAddr (sys_socket_t socketid, struct qsockaddr *addr);
                                      ^
Quake/net_wipx.c:362:38: note: Function 'WIPX_GetSocketAddr' argument 1 names different: declaration 'socketid' definition 'handle'.
int WIPX_GetSocketAddr (sys_socket_t handle, struct qsockaddr *addr)
                                     ^
Quake/net_wipx.c:216:58: style: Parameter 'addr' can be declared as pointer to const [constParameterPointer]
int WIPX_Connect (sys_socket_t handle, struct qsockaddr *addr)
                                                         ^
Quake/net_wipx.c:278:44: style: Parameter 'buf' can be declared as pointer to const [constParameterPointer]
int WIPX_Write (sys_socket_t handle, byte *buf, int len, struct qsockaddr *addr)
                                           ^
Quake/net_wipx.c:83:28: style: Variable 'buff[256-1]' is assigned a value that is never used. [unreadVariable]
  buff[MAXHOSTNAMELEN - 1] = 0;
                           ^
Quake/net_wipx.c:83:28: style: Variable 'buff[1-1]' is assigned a value that is never used. [unreadVariable]
  buff[MAXHOSTNAMELEN - 1] = 0;
                           ^
Quake/pl_linux.c:0:0: information: Too many #ifdef configurations - cppcheck only checks 12 of 21 configurations. Use --force to check all configurations. [toomanyconfigs]

^
Quake/pl_linux.c:32:0: information: Include file: "SDL.h" not found. [missingInclude]
#include "SDL.h"
^
Quake/pl_linux.c:92:34: style: inconclusive: Function 'PL_ErrorDialog' argument 1 names different: declaration 'text' definition 'errorMsg'. [funcArgNamesDifferent]
void PL_ErrorDialog (const char *errorMsg)
                                 ^
Quake/platform.h:41:33: note: Function 'PL_ErrorDialog' argument 1 names different: declaration 'text' definition 'errorMsg'.
void PL_ErrorDialog(const char *text);
                                ^
Quake/pl_linux.c:92:34: note: Function 'PL_ErrorDialog' argument 1 names different: declaration 'text' definition 'errorMsg'.
void PL_ErrorDialog (const char *errorMsg)
                                 ^
Quake/pl_linux.c:74:8: style: Variable 'cliptext' can be declared as pointer to const [constVariablePointer]
 char *cliptext = SDL_GetClipboardText();
       ^
Quake/pl_win.c:0:0: information: Too many #ifdef configurations - cppcheck only checks 12 of 22 configurations. Use --force to check all configurations. [toomanyconfigs]

^
Quake/pl_win.c:35:0: information: Include file: "SDL.h" not found. [missingInclude]
#include "SDL.h"
^
Quake/pl_win.c:36:0: information: Include file: "SDL_syswm.h" not found. [missingInclude]
#include "SDL_syswm.h"
^
Quake/pl_win.c:109:33: style: inconclusive: Function 'PL_ErrorDialog' argument 1 names different: declaration 'text' definition 'errorMsg'. [funcArgNamesDifferent]
void PL_ErrorDialog(const char *errorMsg)
                                ^
Quake/platform.h:41:33: note: Function 'PL_ErrorDialog' argument 1 names different: declaration 'text' definition 'errorMsg'.
void PL_ErrorDialog(const char *text);
                                ^
Quake/pl_win.c:109:33: note: Function 'PL_ErrorDialog' argument 1 names different: declaration 'text' definition 'errorMsg'.
void PL_ErrorDialog(const char *errorMsg)
                                ^
Quake/pl_win.c:82:8: style: Variable 'cliptext' can be declared as pointer to const [constVariablePointer]
 char *cliptext;
       ^
Quake/pr_cmds.c:0:0: information: Too many #ifdef configurations - cppcheck only checks 12 of 20 configurations. Use --force to check all configurations. [toomanyconfigs]

^
Quake/pr_cmds.c:680:10: error: syntax error: 4 = [syntaxError]
 *(int *)-4 = 0; // dump to debugger
         ^
Quake/pr_edict.c:0:0: information: Too many #ifdef configurations - cppcheck only checks 12 of 20 configurations. Use --force to check all configurations. [toomanyconfigs]

^
Quake/pr_edict.c:0:0: information: Limiting analysis of branches. Use --check-level=exhaustive to analyze all branches. [normalCheckLevelMaxBranches]

^
Quake/pr_edict.c:770:13: style: Array index 'i' is used before limits check. [arrayIndexThenCheck]
  if (string[i] == '\\' && i < l-1)
            ^
Quake/pr_edict.c:854:15: portability: Casting from float * to signed int * is not portable due to different binary data representations on different platforms. [invalidPointerCast]
  *(int *)d = G_INT(def->ofs);
              ^
Quake/pr_edict.c:1261:4: portability: Casting from float * to signed int * is not portable due to different binary data representations on different platforms. [invalidPointerCast]
  ((int *)pr_globals)[i] = LittleLong (((int *)pr_globals)[i]);
   ^
Quake/pr_edict.c:177:11: style: The scope of the variable 'def' can be reduced. [variableScope]
 ddef_t  *def;
          ^
Quake/pr_edict.c:196:11: style: The scope of the variable 'def' can be reduced. [variableScope]
 ddef_t  *def;
          ^
Quake/pr_edict.c:418:14: style: The scope of the variable 's' can be reduced. [variableScope]
 const char *s;
             ^
Quake/pr_edict.c:482:13: style: The scope of the variable 'l' can be reduced. [variableScope]
 int  i, j, l;
            ^
Quake/pr_edict.c:483:14: style: The scope of the variable 'name' can be reduced. [variableScope]
 const char *name;
             ^
Quake/pr_edict.c:536:10: style: The scope of the variable 'j' can be reduced. [variableScope]
 int  i, j;
         ^
Quake/pr_edict.c:537:14: style: The scope of the variable 'name' can be reduced. [variableScope]
 const char *name;
             ^
Quake/pr_edict.c:640:11: style: The scope of the variable 'ent' can be reduced. [variableScope]
 edict_t *ent;
          ^
Quake/pr_edict.c:688:8: style: The scope of the variable 'type' can be reduced. [variableScope]
 int   type;
       ^
Quake/pr_edict.c:717:10: style: The scope of the variable 'key' can be reduced. [variableScope]
 ddef_t *key;
         ^
Quake/pr_edict.c:887:7: style: The scope of the variable 'n' can be reduced. [variableScope]
 int  n;
      ^
Quake/pr_edict.c:1154:15: style: The scope of the variable 'f' can be reduced. [variableScope]
 dfunction_t *f;
              ^
Quake/pr_edict.c:1389:25: style: inconclusive: Function 'PR_AllocString' argument 1 names different: declaration 'bufferlength' definition 'size'. [funcArgNamesDifferent]
int PR_AllocString (int size, char **ptr)
                        ^
Quake/progs.h:81:25: note: Function 'PR_AllocString' argument 1 names different: declaration 'bufferlength' definition 'size'.
int PR_AllocString (int bufferlength, char **ptr);
                        ^
Quake/pr_edict.c:1389:25: note: Function 'PR_AllocString' argument 1 names different: declaration 'bufferlength' definition 'size'.
int PR_AllocString (int size, char **ptr)
                        ^
Quake/pr_edict.c:315:11: style: Variable 'def' can be declared as pointer to const [constVariablePointer]
 ddef_t  *def;
          ^
Quake/pr_edict.c:316:15: style: Variable 'f' can be declared as pointer to const [constVariablePointer]
 dfunction_t *f;
              ^
Quake/pr_edict.c:368:11: style: Variable 'def' can be declared as pointer to const [constVariablePointer]
 ddef_t  *def;
          ^
Quake/pr_edict.c:369:15: style: Variable 'f' can be declared as pointer to const [constVariablePointer]
 dfunction_t *f;
              ^
Quake/pr_edict.c:420:11: style: Variable 'def' can be declared as pointer to const [constVariablePointer]
 ddef_t  *def;
          ^
Quake/pr_edict.c:450:11: style: Variable 'def' can be declared as pointer to const [constVariablePointer]
 ddef_t  *def;
          ^
Quake/pr_edict.c:480:10: style: Variable 'd' can be declared as pointer to const [constVariablePointer]
 ddef_t *d;
         ^
Quake/pr_edict.c:534:10: style: Variable 'd' can be declared as pointer to const [constVariablePointer]
 ddef_t *d;
         ^
Quake/pr_edict.c:640:11: style: Variable 'ent' can be declared as pointer to const [constVariablePointer]
 edict_t *ent;
          ^
Quake/pr_edict.c:794:52: style: Parameter 'key' can be declared as pointer to const [constParameterPointer]
static qboolean ED_ParseEpair (void *base, ddef_t *key, const char *s)
                                                   ^
Quake/pr_edict.c:798:10: style: Variable 'def' can be declared as pointer to const [constVariablePointer]
 ddef_t *def;
         ^
Quake/pr_edict.c:799:12: style: Variable 'w' can be declared as pointer to const [constVariablePointer]
 char *v, *w;
           ^
Quake/pr_edict.c:800:8: style: Variable 'end' can be declared as pointer to const [constVariablePointer]
 char *end;
       ^
Quake/pr_edict.c:802:15: style: Variable 'func' can be declared as pointer to const [constVariablePointer]
 dfunction_t *func;
              ^
Quake/pr_edict.c:997:15: style: Variable 'func' can be declared as pointer to const [constVariablePointer]
 dfunction_t *func;
              ^
Quake/pr_edict.c:1085:10: style: Variable 'g' can be declared as pointer to const [constVariablePointer]
 ddef_t *g = ED_FindGlobal (name);
         ^
Quake/pr_edict.c:828:20: style: Variable '((float*)d)[i]' is assigned a value that is never used. [unreadVariable]
   ((float *)d)[i] = atof (w);
                   ^
Quake/pr_edict.c:837:21: style: Variable '((float*)d)[i]' is assigned a value that is never used. [unreadVariable]
    ((float *)d)[i] = 0.0f;
                    ^
Quake/pr_exec.c:0:0: information: Too many #ifdef configurations - cppcheck only checks 12 of 21 configurations. Use --force to check all configurations. [toomanyconfigs]

^
Quake/pr_exec.c:0:0: information: Limiting analysis of branches. Use --check-level=exhaustive to analyze all branches. [normalCheckLevelMaxBranches]

^
Quake/pr_exec.c:299:38: portability: Casting from float * to signed int * is not portable due to different binary data representations on different platforms. [invalidPointerCast]
  localstack[localstack_used + i] = ((int *)pr_globals)[f->parm_start + i];
                                     ^
Quake/pr_exec.c:308:5: portability: Casting from float * to signed int * is not portable due to different binary data representations on different platforms. [invalidPointerCast]
   ((int *)pr_globals)[o] = ((int *)pr_globals)[OFS_PARM0 + i*3 + j];
    ^
Quake/pr_exec.c:336:4: portability: Casting from float * to signed int * is not portable due to different binary data representations on different platforms. [invalidPointerCast]
  ((int *)pr_globals)[pr_xfunction->parm_start + i] = localstack[localstack_used + i];
   ^
Quake/pr_exec.c:145:6: style: The scope of the variable 'i' can be reduced. [variableScope]
 int i;
     ^
Quake/pr_exec.c:219:7: style: The scope of the variable 'pmax' can be reduced. [variableScope]
 int  pmax;
      ^
Quake/pr_exec.c:186:15: style: Variable 'f' can be declared as pointer to const [constVariablePointer]
 dfunction_t *f;
              ^
Quake/r_alias.c:0:0: information: Too many #ifdef configurations - cppcheck only checks 12 of 21 configurations. Use --force to check all configurations. [toomanyconfigs]

^
Quake/r_alias.c:0:0: information: Limiting analysis of branches. Use --check-level=exhaustive to analyze all branches. [normalCheckLevelMaxBranches]

^
Quake/r_alias.c:715:8: style: The scope of the variable 'blend' can be reduced. [variableScope]
 float blend;
       ^
Quake/r_alias.c:716:9: style: The scope of the variable 'd' can be reduced. [variableScope]
 vec3_t d;
        ^
Quake/r_alias.c:717:6: style: The scope of the variable 'i' can be reduced. [variableScope]
 int i;
     ^
Quake/r_alias.c:101:46: style: Parameter 'hdr' can be declared as pointer to const [constParameterPointer]
static void *GLARB_GetXYZOffset (aliashdr_t *hdr, int pose)
                                             ^
Quake/r_alias.c:115:49: style: Parameter 'hdr' can be declared as pointer to const [constParameterPointer]
static void *GLARB_GetNormalOffset (aliashdr_t *hdr, int pose)
                                                ^
Quake/r_brush.c:0:0: information: Too many #ifdef configurations - cppcheck only checks 12 of 21 configurations. Use --force to check all configurations. [toomanyconfigs]

^
Quake/r_brush.c:0:0: information: Limiting analysis of branches. Use --check-level=exhaustive to analyze all branches. [normalCheckLevelMaxBranches]

^
Quake/r_brush.c:504:4: warning: Either the condition '!new_lightmaps' is redundant or there is possible null pointer dereference: lightmaps. [nullPointerRedundantCheck]
   lightmaps[texnum].data = (byte *) calloc(1, 4*LMBLOCK_WIDTH*LMBLOCK_HEIGHT);
   ^
Quake/r_brush.c:500:8: note: Assuming that condition '!new_lightmaps' is not redundant
   if (!new_lightmaps)
       ^
Quake/r_brush.c:502:16: note: Assignment 'lightmaps=new_lightmaps', assigned value is 0
   lightmaps = new_lightmaps;
               ^
Quake/r_brush.c:504:4: note: Null pointer dereference
   lightmaps[texnum].data = (byte *) calloc(1, 4*LMBLOCK_WIDTH*LMBLOCK_HEIGHT);
   ^
Quake/r_brush.c:662:17: style: Variable 'poly->numverts' is reassigned a value before the old one has been used. [redundantAssignment]
 poly->numverts = lnumverts;
                ^
Quake/r_brush.c:594:17: note: poly->numverts is assigned
 poly->numverts = lnumverts;
                ^
Quake/r_brush.c:662:17: note: poly->numverts is overwritten
 poly->numverts = lnumverts;
                ^
Quake/r_brush.c:270:11: style: The scope of the variable 'k' can be reduced. [variableScope]
 int   i, k;
          ^
Quake/r_brush.c:272:9: style: The scope of the variable 'dot' can be reduced. [variableScope]
 float  dot;
        ^
Quake/r_brush.c:273:12: style: The scope of the variable 'pplane' can be reduced. [variableScope]
 mplane_t *pplane;
           ^
Quake/r_brush.c:358:9: style: The scope of the variable 'dot' can be reduced. [variableScope]
 float  dot;
        ^
Quake/r_brush.c:359:12: style: The scope of the variable 'pplane' can be reduced. [variableScope]
 mplane_t *pplane;
           ^
Quake/r_brush.c:483:7: style: The scope of the variable 'best' can be reduced. [variableScope]
 int  best, best2;
      ^
Quake/r_brush.c:578:11: style: The scope of the variable 'lindex' can be reduced. [variableScope]
 int   i, lindex, lnumverts;
          ^
Quake/r_brush.c:581:9: style: The scope of the variable 's' can be reduced. [variableScope]
 float  s, t, s0, t0, sdiv, tdiv;
        ^
Quake/r_brush.c:581:12: style: The scope of the variable 't' can be reduced. [variableScope]
 float  s, t, s0, t0, sdiv, tdiv;
           ^
Quake/r_brush.c:580:10: style: Variable 'vec' can be declared as pointer to const [constVariablePointer]
 float  *vec;
         ^
Quake/r_brush.c:1140:9: style: Variable 'lightmap' can be declared as pointer to const [constVariablePointer]
 byte  *lightmap;
        ^
Quake/r_part.c:0:0: information: Too many #ifdef configurations - cppcheck only checks 12 of 20 configurations. Use --force to check all configurations. [toomanyconfigs]

^
Quake/r_part.c:0:0: information: Limiting analysis of branches. Use --check-level=exhaustive to analyze all branches. [normalCheckLevelMaxBranches]

^
Quake/r_part.c:188:9: style: The scope of the variable 'angle' can be reduced. [variableScope]
 float  angle;
        ^
Quake/r_part.c:189:9: style: The scope of the variable 'sp' can be reduced. [variableScope]
 float  sp, sy, cp, cy;
        ^
Quake/r_part.c:189:13: style: The scope of the variable 'sy' can be reduced. [variableScope]
 float  sp, sy, cp, cy;
            ^
Quake/r_part.c:189:17: style: The scope of the variable 'cp' can be reduced. [variableScope]
 float  sp, sy, cp, cy;
                ^
Quake/r_part.c:189:21: style: The scope of the variable 'cy' can be reduced. [variableScope]
 float  sp, sy, cp, cy;
                    ^
Quake/r_part.c:267:7: style: The scope of the variable 'r' can be reduced. [variableScope]
 int  r;
      ^
Quake/r_part.c:1021:37: style: The scope of the variable 'p_upright' can be reduced. [variableScope]
 vec3_t   up, right, p_up, p_right, p_upright;
                                    ^
Quake/r_part.c:870:16: style: Local variable 'r_particles' shadows outer variable [shadowVariable]
 extern cvar_t r_particles;
               ^
Quake/r_part.c:42:8: note: Shadowed declaration
cvar_t r_particles = {"r_particles","1", CVAR_ARCHIVE}; //johnfitz
       ^
Quake/r_part.c:870:16: note: Shadow variable
 extern cvar_t r_particles;
               ^
Quake/r_part.c:1022:16: style: Local variable 'r_particles' shadows outer variable [shadowVariable]
 extern cvar_t r_particles;
               ^
Quake/r_part.c:42:8: note: Shadowed declaration
cvar_t r_particles = {"r_particles","1", CVAR_ARCHIVE}; //johnfitz
       ^
Quake/r_part.c:1022:16: note: Shadow variable
 extern cvar_t r_particles;
               ^
Quake/r_part.c:123:45: style: Parameter 'var' can be declared as pointer to const. However it seems that 'R_SetParticleTexture_f' is a callback function, if 'var' is declared with const you might also need to cast function pointer(s). [constParameterCallback]
static void R_SetParticleTexture_f (cvar_t *var)
                                            ^
Quake/r_part.c:170:34: note: You might need to cast the function pointer here
 Cvar_SetCallback (&r_particles, R_SetParticleTexture_f);
                                 ^
Quake/r_part.c:123:45: note: Parameter 'var' can be declared as pointer to const
static void R_SetParticleTexture_f (cvar_t *var)
                                            ^
Quake/r_part.c:347:34: style: Parameter 'org' can be declared as const array [constParameter]
void R_ParticleExplosion (vec3_t org)
                                 ^
Quake/r_part.c:390:35: style: Parameter 'org' can be declared as const array [constParameter]
void R_ParticleExplosion2 (vec3_t org, int colorStart, int colorLength)
                                  ^
Quake/r_part.c:423:30: style: Parameter 'org' can be declared as const array [constParameter]
void R_BlobExplosion (vec3_t org)
                             ^
Quake/r_part.c:467:34: style: Parameter 'org' can be declared as const array [constParameter]
void R_RunParticleEffect (vec3_t org, vec3_t dir, int color, int count)
                                 ^
Quake/r_part.c:467:46: style: Parameter 'dir' can be declared as const array [constParameter]
void R_RunParticleEffect (vec3_t org, vec3_t dir, int color, int count)
                                             ^
Quake/r_part.c:524:27: style: Parameter 'org' can be declared as const array [constParameter]
void R_LavaSplash (vec3_t org)
                          ^
Quake/r_part.c:565:31: style: Parameter 'org' can be declared as const array [constParameter]
void R_TeleportSplash (vec3_t org)
                              ^
Quake/r_part.c:612:42: style: Parameter 'end' can be declared as const array [constParameter]
void R_RocketTrail (vec3_t start, vec3_t end, int type)
                                         ^
Quake/r_part.c:868:13: style: Variable 'c' can be declared as pointer to const [constVariablePointer]
 GLubyte   *c;
            ^
Quake/r_part.c:216:9: style: Variable 'angle' is assigned a value that is never used. [unreadVariable]
  angle = cl.time * avelocities[i][2];
        ^
Quake/r_sprite.c:0:0: information: Too many #ifdef configurations - cppcheck only checks 12 of 20 configurations. Use --force to check all configurations. [toomanyconfigs]

^
Quake/r_sprite.c:120:16: style: Variable '(v_forward)[2]' is reassigned a value before the old one has been used. [redundantAssignment]
  v_forward[2] = 0;
               ^
Quake/r_sprite.c:119:3: note: (v_forward)[2] is assigned
  VectorSubtract(currententity->origin, r_origin, v_forward);
  ^
Quake/r_sprite.c:120:16: note: (v_forward)[2] is overwritten
  v_forward[2] = 0;
               ^
Quake/r_sprite.c:36:9: style: The scope of the variable 'i' can be reduced. [variableScope]
 int    i, numframes, frame;
        ^
Quake/r_sprite.c:36:12: style: The scope of the variable 'numframes' can be reduced. [variableScope]
 int    i, numframes, frame;
           ^
Quake/r_sprite.c:37:23: style: The scope of the variable 'fullinterval' can be reduced. [variableScope]
 float   *pintervals, fullinterval, targettime, time;
                      ^
Quake/r_sprite.c:37:37: style: The scope of the variable 'targettime' can be reduced. [variableScope]
 float   *pintervals, fullinterval, targettime, time;
                                    ^
Quake/r_sprite.c:37:49: style: The scope of the variable 'time' can be reduced. [variableScope]
 float   *pintervals, fullinterval, targettime, time;
                                                ^
Quake/r_sprite.c:37:11: style: Variable 'pintervals' can be declared as pointer to const [constVariablePointer]
 float   *pintervals, fullinterval, targettime, time;
          ^
Quake/r_sprite.c:98:14: style: Variable 'psprite' can be declared as pointer to const [constVariablePointer]
 msprite_t  *psprite;
             ^
Quake/r_world.c:0:0: information: Too many #ifdef configurations - cppcheck only checks 12 of 20 configurations. Use --force to check all configurations. [toomanyconfigs]

^
Quake/r_world.c:0:0: information: Limiting analysis of branches. Use --check-level=exhaustive to analyze all branches. [normalCheckLevelMaxBranches]

^
Quake/r_world.c:84:16: style: Boolean result is used in bitwise operation. Clarify expression with parentheses. [clarifyCondition]
 if ((dot < 0) ^ !!(surf->flags & SURF_PLANEBACK))
               ^
Quake/r_world.c:687:115: error: Pointer addition with NULL pointer. [nullPointerArithmetic]
  GL_VertexAttribPointerFunc (texCoordsAttrIndex, 2, GL_FLOAT, GL_FALSE, VERTEXSIZE * sizeof(float), ((float *)0) + 3);
                                                                                                                  ^
Quake/r_world.c:688:115: error: Pointer addition with NULL pointer. [nullPointerArithmetic]
  GL_VertexAttribPointerFunc (LMCoordsAttrIndex,  2, GL_FLOAT, GL_FALSE, VERTEXSIZE * sizeof(float), ((float *)0) + 5);
                                                                                                                  ^
Quake/r_world.c:1000:114: error: Pointer addition with NULL pointer. [nullPointerArithmetic]
 GL_VertexAttribPointerFunc (texCoordsAttrIndex, 2, GL_FLOAT, GL_FALSE, VERTEXSIZE * sizeof(float), ((float *)0) + 3);
                                                                                                                 ^
Quake/r_world.c:1001:114: error: Pointer addition with NULL pointer. [nullPointerArithmetic]
 GL_VertexAttribPointerFunc (LMCoordsAttrIndex,  2, GL_FLOAT, GL_FALSE, VERTEXSIZE * sizeof(float), ((float *)0) + 5);
                                                                                                                 ^
Quake/r_world.c:1107:112: error: Pointer addition with NULL pointer. [nullPointerArithmetic]
 GL_VertexAttribPointerFunc(texCoordsAttrIndex, 2, GL_FLOAT, GL_FALSE, VERTEXSIZE * sizeof(float), ((float*)0) + 3);
                                                                                                               ^
Quake/r_world.c:1108:111: error: Pointer addition with NULL pointer. [nullPointerArithmetic]
 GL_VertexAttribPointerFunc(LMCoordsAttrIndex, 2, GL_FLOAT, GL_FALSE, VERTEXSIZE * sizeof(float), ((float*)0) + 5);
                                                                                                              ^
Quake/r_world.c:291:15: style: The scope of the variable 'glt' can be reduced. [variableScope]
 gltexture_t *glt;
              ^
Quake/r_world.c:632:7: style: The scope of the variable 'lastlightmap' can be reduced. [variableScope]
 int  lastlightmap;
      ^
Quake/r_world.c:97:9: style: Variable 'vis' can be declared as pointer to const [constVariablePointer]
 byte  *vis;
        ^
Quake/r_world.c:210:13: style: Variable 't' can be declared as pointer to const [constVariablePointer]
 texture_t *t;
            ^
Quake/r_world.c:246:13: style: Variable 't' can be declared as pointer to const [constVariablePointer]
 texture_t *t;
            ^
Quake/r_world.c:286:59: style: Parameter 'ent' can be declared as pointer to const [constParameterPointer]
void R_DrawTextureChains_Glow (qmodel_t *model, entity_t *ent, texchain_t chain)
                                                          ^
Quake/r_world.c:324:53: style: Parameter 's' can be declared as pointer to const [constParameterPointer]
static int R_NumTriangleIndicesForSurf (msurface_t *s)
                                                    ^
Quake/r_world.c:337:51: style: Parameter 's' can be declared as pointer to const [constParameterPointer]
static void R_TriangleIndicesForSurf (msurface_t *s, unsigned int *dest)
                                                  ^
Quake/r_world.c:426:67: style: Parameter 'ent' can be declared as pointer to const [constParameterPointer]
void R_DrawTextureChains_Multitexture (qmodel_t *model, entity_t *ent, texchain_t chain)
                                                                  ^
Quake/r_world.c:544:66: style: Parameter 'ent' can be declared as pointer to const [constParameterPointer]
void R_DrawTextureChains_TextureOnly (qmodel_t *model, entity_t *ent, texchain_t chain)
                                                                 ^
Quake/r_world.c:589:48: style: Parameter 'ent' can be declared as pointer to const [constParameterPointer]
float GL_WaterAlphaForEntitySurface (entity_t *ent, msurface_t *s)
                                               ^
Quake/r_world.c:813:13: style: Variable 't' can be declared as pointer to const [constVariablePointer]
 texture_t *t;
            ^
Quake/r_world.c:968:59: style: Parameter 'ent' can be declared as pointer to const [constParameterPointer]
void R_DrawTextureChains_GLSL (qmodel_t *model, entity_t *ent, texchain_t chain)
                                                          ^
Quake/r_world.c:1093:13: style: Variable 't' can be declared as pointer to const [constVariablePointer]
 texture_t* t;
            ^
Quake/sbar.c:0:0: information: Too many #ifdef configurations - cppcheck only checks 12 of 20 configurations. Use --force to check all configurations. [toomanyconfigs]

^
Quake/sbar.c:0:0: information: Limiting analysis of branches. Use --check-level=exhaustive to analyze all branches. [normalCheckLevelMaxBranches]

^
Quake/sbar.c:455:25: style: Same expression in both branches of ternary operator. [duplicateExpressionTernary]
 return m < 128 ? m + 8 : m + 8;
                        ^
Quake/sbar.c:353:6: style: The scope of the variable 'dig' can be reduced. [variableScope]
 int dig;
     ^
Quake/sbar.c:525:9: style: The scope of the variable 'val' can be reduced. [variableScope]
 int i, val;
        ^
Quake/sbar.c:1212:9: style: The scope of the variable 'k' can be reduced. [variableScope]
 int i, k, top, bottom, x, y, f, numlines;
        ^
Quake/sbar.c:756:16: style: Variable 's' can be declared as pointer to const [constVariablePointer]
 scoreboard_t *s;
               ^
Quake/sbar.c:813:17: style: Variable 's' can be declared as pointer to const [constVariablePointer]
  scoreboard_t *s;
                ^
Quake/sbar.c:1136:16: style: Variable 's' can be declared as pointer to const [constVariablePointer]
 scoreboard_t *s;
               ^
Quake/sbar.c:1215:16: style: Variable 's' can be declared as pointer to const [constVariablePointer]
 scoreboard_t *s;
               ^
Quake/snd_codec.c:0:0: information: Too many #ifdef configurations - cppcheck only checks 12 of 29 configurations. Use --force to check all configurations. [toomanyconfigs]

^
Quake/snd_codec.c:0:0: information: Limiting analysis of branches. Use --check-level=exhaustive to analyze all branches. [normalCheckLevelMaxBranches]

^
Quake/snd_dma.c:0:0: information: Too many #ifdef configurations - cppcheck only checks 12 of 21 configurations. Use --force to check all configurations. [toomanyconfigs]

^
Quake/snd_dma.c:0:0: information: Limiting analysis of branches. Use --check-level=exhaustive to analyze all branches. [normalCheckLevelMaxBranches]

^
Quake/snd_dma.c:291:13: warning: Either the condition '!name' is redundant or there is possible null pointer dereference: name. [nullPointerRedundantCheck]
 if (strlen(name) >= MAX_QPATH)
            ^
Quake/snd_dma.c:288:6: note: Assuming that condition '!name' is not redundant
 if (!name)
     ^
Quake/snd_dma.c:291:13: note: Null pointer dereference
 if (strlen(name) >= MAX_QPATH)
            ^
Quake/snd_dma.c:648:7: style: The scope of the variable 'vol' can be reduced. [variableScope]
 int  vol, ambient_channel;
      ^
Quake/snd_dma.c:789:8: style: The scope of the variable 'total' can be reduced. [variableScope]
 int   total;
       ^
Quake/snd_dma.c:987:9: style: The scope of the variable 'sfx' can be reduced. [variableScope]
 sfx_t *sfx;
        ^
Quake/snd_dma.c:1007:8: style: The scope of the variable 'vol' can be reduced. [variableScope]
 float vol;
       ^
Quake/snd_dma.c:1009:9: style: The scope of the variable 'sfx' can be reduced. [variableScope]
 sfx_t *sfx;
        ^
Quake/snd_dma.c:321:32: style: inconclusive: Function 'S_TouchSound' argument 1 names different: declaration 'sample' definition 'name'. [funcArgNamesDifferent]
void S_TouchSound (const char *name)
                               ^
Quake/q_sound.h:107:32: note: Function 'S_TouchSound' argument 1 names different: declaration 'sample' definition 'name'.
void S_TouchSound (const char *sample);
                               ^
Quake/snd_dma.c:321:32: note: Function 'S_TouchSound' argument 1 names different: declaration 'sample' definition 'name'.
void S_TouchSound (const char *name)
                               ^
Quake/snd_dma.c:338:37: style: inconclusive: Function 'S_PrecacheSound' argument 1 names different: declaration 'sample' definition 'name'. [funcArgNamesDifferent]
sfx_t *S_PrecacheSound (const char *name)
                                    ^
Quake/q_sound.h:106:37: note: Function 'S_PrecacheSound' argument 1 names different: declaration 'sample' definition 'name'.
sfx_t *S_PrecacheSound (const char *sample);
                                    ^
Quake/snd_dma.c:338:37: note: Function 'S_PrecacheSound' argument 1 names different: declaration 'sample' definition 'name'.
sfx_t *S_PrecacheSound (const char *name)
                                    ^
Quake/snd_dma.c:117:45: style: Parameter 'var' can be declared as pointer to const. However it seems that 'SND_Callback_sfxvolume' is a callback function, if 'var' is declared with const you might also need to cast function pointer(s). [constParameterCallback]
static void SND_Callback_sfxvolume (cvar_t *var)
                                            ^
Quake/snd_dma.c:228:31: note: You might need to cast the function pointer here
 Cvar_SetCallback(&sfxvolume, SND_Callback_sfxvolume);
                              ^
Quake/snd_dma.c:117:45: note: Parameter 'var' can be declared as pointer to const
static void SND_Callback_sfxvolume (cvar_t *var)
                                            ^
Quake/snd_dma.c:458:67: style: Parameter 'origin' can be declared as const array [constParameter]
void S_StartSound (int entnum, int entchannel, sfx_t *sfx, vec3_t origin, float fvol, float attenuation)
                                                                  ^
Quake/snd_dma.c:461:14: style: Variable 'sc' can be declared as pointer to const [constVariablePointer]
 sfxcache_t *sc;
             ^
Quake/snd_dma.c:601:40: style: Parameter 'origin' can be declared as const array [constParameter]
void S_StaticSound (sfx_t *sfx, vec3_t origin, float vol, float attenuation)
                                       ^
Quake/snd_dma.c:604:15: style: Variable 'sc' can be declared as pointer to const [constVariablePointer]
 sfxcache_t  *sc;
              ^
Quake/snd_dma.c:786:23: style: Parameter 'origin' can be declared as const array [constParameter]
void S_Update (vec3_t origin, vec3_t forward, vec3_t right, vec3_t up)
                      ^
Quake/snd_dma.c:786:38: style: Parameter 'forward' can be declared as const array [constParameter]
void S_Update (vec3_t origin, vec3_t forward, vec3_t right, vec3_t up)
                                     ^
Quake/snd_dma.c:786:54: style: Parameter 'right' can be declared as const array [constParameter]
void S_Update (vec3_t origin, vec3_t forward, vec3_t right, vec3_t up)
                                                     ^
Quake/snd_dma.c:786:68: style: Parameter 'up' can be declared as const array [constParameter]
void S_Update (vec3_t origin, vec3_t forward, vec3_t right, vec3_t up)
                                                                   ^
Quake/snd_dma.c:1030:14: style: Variable 'sc' can be declared as pointer to const [constVariablePointer]
 sfxcache_t *sc;
             ^
Quake/snd_flac.c:0:0: information: Too many #ifdef configurations - cppcheck only checks 12 of 22 configurations. Use --force to check all configurations. [toomanyconfigs]

^
Quake/snd_flac.c:0:0: information: Limiting analysis of branches. Use --check-level=exhaustive to analyze all branches. [normalCheckLevelMaxBranches]

^
Quake/snd_mem.c:0:0: information: Too many #ifdef configurations - cppcheck only checks 12 of 20 configurations. Use --force to check all configurations. [toomanyconfigs]

^
Quake/snd_mem.c:0:0: information: Limiting analysis of branches. Use --check-level=exhaustive to analyze all branches. [normalCheckLevelMaxBranches]

^
Quake/snd_mem.c:34:7: style: The scope of the variable 'srcsample' can be reduced. [variableScope]
 int  srcsample;
      ^
Quake/snd_mem.c:37:7: style: The scope of the variable 'sample' can be reduced. [variableScope]
 int  sample, fracstep;
      ^
Quake/snd_mem.c:37:15: style: The scope of the variable 'fracstep' can be reduced. [variableScope]
 int  sample, fracstep;
              ^
Quake/snd_mikmod.c:0:0: information: Too many #ifdef configurations - cppcheck only checks 12 of 21 configurations. Use --force to check all configurations. [toomanyconfigs]

^
Quake/snd_mix.c:0:0: information: Too many #ifdef configurations - cppcheck only checks 12 of 21 configurations. Use --force to check all configurations. [toomanyconfigs]

^
Quake/snd_mix.c:0:0: information: Limiting analysis of branches. Use --check-level=exhaustive to analyze all branches. [normalCheckLevelMaxBranches]

^
Quake/snd_mix.c:56:7: style: The scope of the variable 'val' can be reduced. [variableScope]
 int  val;
      ^
Quake/snd_mix.c:80:7: style: The scope of the variable 'lpos' can be reduced. [variableScope]
 int  lpos;
      ^
Quake/snd_mix.c:360:7: style: The scope of the variable 'end' can be reduced. [variableScope]
 int  end, ltime, count;
      ^
Quake/snd_mix.c:446:9: style: The scope of the variable 's' can be reduced. [variableScope]
   int  s;
        ^
Quake/snd_mix.c:473:7: style: The scope of the variable 'scale' can be reduced. [variableScope]
 int  scale;
      ^
Quake/snd_mix.c:495:6: style: The scope of the variable 'data' can be reduced. [variableScope]
 int data;
     ^
Quake/snd_mix.c:493:71: style: inconclusive: Function 'SND_PaintChannelFrom8' argument 3 names different: declaration 'endtime' definition 'count'. [funcArgNamesDifferent]
static void SND_PaintChannelFrom8 (channel_t *ch, sfxcache_t *sc, int count, int paintbufferstart)
                                                                      ^
Quake/snd_mix.c:354:71: note: Function 'SND_PaintChannelFrom8' argument 3 names different: declaration 'endtime' definition 'count'.
static void SND_PaintChannelFrom8 (channel_t *ch, sfxcache_t *sc, int endtime, int paintbufferstart);
                                                                      ^
Quake/snd_mix.c:493:71: note: Function 'SND_PaintChannelFrom8' argument 3 names different: declaration 'endtime' definition 'count'.
static void SND_PaintChannelFrom8 (channel_t *ch, sfxcache_t *sc, int count, int paintbufferstart)
                                                                      ^
Quake/snd_mix.c:519:72: style: inconclusive: Function 'SND_PaintChannelFrom16' argument 3 names different: declaration 'endtime' definition 'count'. [funcArgNamesDifferent]
static void SND_PaintChannelFrom16 (channel_t *ch, sfxcache_t *sc, int count, int paintbufferstart)
                                                                       ^
Quake/snd_mix.c:355:72: note: Function 'SND_PaintChannelFrom16' argument 3 names different: declaration 'endtime' definition 'count'.
static void SND_PaintChannelFrom16 (channel_t *ch, sfxcache_t *sc, int endtime, int paintbufferstart);
                                                                       ^
Quake/snd_mix.c:519:72: note: Function 'SND_PaintChannelFrom16' argument 3 names different: declaration 'endtime' definition 'count'.
static void SND_PaintChannelFrom16 (channel_t *ch, sfxcache_t *sc, int count, int paintbufferstart)
                                                                       ^
Quake/snd_mix.c:496:8: style: Variable 'lscale' can be declared as pointer to const [constVariablePointer]
 int  *lscale, *rscale;
       ^
Quake/snd_mix.c:496:17: style: Variable 'rscale' can be declared as pointer to const [constVariablePointer]
 int  *lscale, *rscale;
                ^
Quake/snd_mix.c:497:17: style: Variable 'sfx' can be declared as pointer to const [constVariablePointer]
 unsigned char *sfx;
                ^
Quake/snd_mix.c:524:16: style: Variable 'sfx' can be declared as pointer to const [constVariablePointer]
 signed short *sfx;
               ^
Quake/snd_modplug.c:0:0: information: Too many #ifdef configurations - cppcheck only checks 12 of 21 configurations. Use --force to check all configurations. [toomanyconfigs]

^
Quake/snd_mp3.c:0:0: information: Too many #ifdef configurations - cppcheck only checks 12 of 21 configurations. Use --force to check all configurations. [toomanyconfigs]

^
Quake/snd_mp3.c:0:0: information: Limiting analysis of branches. Use --check-level=exhaustive to analyze all branches. [normalCheckLevelMaxBranches]

^
Quake/snd_mp3.c:179:6: style: The scope of the variable 'donow' can be reduced. [variableScope]
 int donow, i, done = 0;
     ^
Quake/snd_mp3.c:179:13: style: The scope of the variable 'i' can be reduced. [variableScope]
 int donow, i, done = 0;
            ^
Quake/snd_mp3.c:181:12: style: The scope of the variable 'x' can be reduced. [variableScope]
 int chan, x;
           ^
Quake/snd_mp3tag.c:0:0: information: Too many #ifdef configurations - cppcheck only checks 12 of 21 configurations. Use --force to check all configurations. [toomanyconfigs]

^
Quake/snd_mp3tag.c:0:0: information: Limiting analysis of branches. Use --check-level=exhaustive to analyze all branches. [normalCheckLevelMaxBranches]

^
Quake/snd_mp3tag.c:262:10: style: The scope of the variable 'len' can be reduced. [variableScope]
    long len;
         ^
Quake/snd_mp3tag.c:279:10: style: The scope of the variable 'len' can be reduced. [variableScope]
    long len;
         ^
Quake/snd_mp3tag.c:295:10: style: The scope of the variable 'len' can be reduced. [variableScope]
    long len;
         ^
Quake/snd_mpg123.c:0:0: information: Too many #ifdef configurations - cppcheck only checks 12 of 22 configurations. Use --force to check all configurations. [toomanyconfigs]

^
Quake/snd_opus.c:0:0: information: Too many #ifdef configurations - cppcheck only checks 12 of 21 configurations. Use --force to check all configurations. [toomanyconfigs]

^
Quake/snd_opus.c:37:30: style: Parameter 'f' can be declared as pointer to const [constParameterPointer]
static int opc_fclose (void *f)
                             ^
Quake/snd_sdl.c:0:0: information: Too many #ifdef configurations - cppcheck only checks 12 of 21 configurations. Use --force to check all configurations. [toomanyconfigs]

^
Quake/snd_sdl.c:34:0: information: Include file: "SDL.h" not found. [missingInclude]
#include "SDL.h"
^
Quake/snd_umx.c:0:0: information: Too many #ifdef configurations - cppcheck only checks 12 of 21 configurations. Use --force to check all configurations. [toomanyconfigs]

^
Quake/snd_umx.c:0:0: information: Limiting analysis of branches. Use --check-level=exhaustive to analyze all branches. [normalCheckLevelMaxBranches]

^
Quake/snd_umx.c:245:25: style: Condition 'hdr->export_offset>=fsiz' is always false [knownConditionTrueFalse]
 if (hdr->export_offset >= fsiz) return -1;
                        ^
Quake/snd_umx.c:235:25: note: Assuming that condition 'hdr->export_offset>=fsiz' is not redundant
     hdr->export_offset >= fsiz ||
                        ^
Quake/snd_umx.c:245:25: note: Condition 'hdr->export_offset>=fsiz' is always false
 if (hdr->export_offset >= fsiz) return -1;
                        ^
Quake/snd_umx.c:141:18: style: Variable 'p' can be declared as pointer to const [constVariablePointer]
  unsigned char *p = (unsigned char *)sig;
                 ^
Quake/snd_umx.c:382:49: style: Parameter 'stream' can be declared as pointer to const. However it seems that 'S_UMX_CodecReadStream' is a callback function, if 'stream' is declared with const you might also need to cast function pointer(s). [constParameterCallback]
static int S_UMX_CodecReadStream (snd_stream_t *stream, int bytes, void *buffer)
                                                ^
Quake/snd_umx.c:405:2: note: You might need to cast the function pointer here
 S_UMX_CodecReadStream,
 ^
Quake/snd_umx.c:382:49: note: Parameter 'stream' can be declared as pointer to const
static int S_UMX_CodecReadStream (snd_stream_t *stream, int bytes, void *buffer)
                                                ^
Quake/snd_umx.c:382:74: style: Parameter 'buffer' can be declared as pointer to const. However it seems that 'S_UMX_CodecReadStream' is a callback function, if 'buffer' is declared with const you might also need to cast function pointer(s). [constParameterCallback]
static int S_UMX_CodecReadStream (snd_stream_t *stream, int bytes, void *buffer)
                                                                         ^
Quake/snd_umx.c:405:2: note: You might need to cast the function pointer here
 S_UMX_CodecReadStream,
 ^
Quake/snd_umx.c:382:74: note: Parameter 'buffer' can be declared as pointer to const
static int S_UMX_CodecReadStream (snd_stream_t *stream, int bytes, void *buffer)
                                                                         ^
Quake/snd_umx.c:392:51: style: Parameter 'stream' can be declared as pointer to const. However it seems that 'S_UMX_CodecRewindStream' is a callback function, if 'stream' is declared with const you might also need to cast function pointer(s). [constParameterCallback]
static int S_UMX_CodecRewindStream (snd_stream_t *stream)
                                                  ^
Quake/snd_umx.c:406:2: note: You might need to cast the function pointer here
 S_UMX_CodecRewindStream,
 ^
Quake/snd_umx.c:392:51: note: Parameter 'stream' can be declared as pointer to const
static int S_UMX_CodecRewindStream (snd_stream_t *stream)
                                                  ^
Quake/snd_umx.c:37:10: style: struct member '_genhist::export_count' is never used. [unusedStructMember]
 int32_t export_count;
         ^
Quake/snd_umx.c:38:10: style: struct member '_genhist::name_count' is never used. [unusedStructMember]
 int32_t name_count;
         ^
Quake/snd_umx.c:54:10: style: struct member 'upkg_hdr::heritage_count' is never used. [unusedStructMember]
 int32_t heritage_count;
         ^
Quake/snd_umx.c:55:10: style: struct member 'upkg_hdr::heritage_offset' is never used. [unusedStructMember]
 int32_t heritage_offset;
         ^
Quake/snd_umx.c:58:11: style: struct member 'upkg_hdr::guid' is never used. [unusedStructMember]
 uint32_t guid[4];
          ^
Quake/snd_umx.c:59:10: style: struct member 'upkg_hdr::generation_count' is never used. [unusedStructMember]
 int32_t generation_count;
         ^
Quake/snd_umx.c:61:19: style: struct member 'upkg_hdr::gen' is never used. [unusedStructMember]
 struct _genhist *gen;
                  ^
Quake/snd_vorbis.c:0:0: information: Too many #ifdef configurations - cppcheck only checks 12 of 22 configurations. Use --force to check all configurations. [toomanyconfigs]

^
Quake/snd_vorbis.c:48:30: style: Parameter 'f' can be declared as pointer to const. However it seems that 'ovc_fclose' is a callback function, if 'f' is declared with const you might also need to cast function pointer(s). [constParameterCallback]
static int ovc_fclose (void *f)
                             ^
Quake/snd_vorbis.c:63:23: note: You might need to cast the function pointer here
 (int (*)(void *))    ovc_fclose,
                      ^
Quake/snd_vorbis.c:48:30: note: Parameter 'f' can be declared as pointer to const
static int ovc_fclose (void *f)
                             ^
Quake/snd_wave.c:0:0: information: Too many #ifdef configurations - cppcheck only checks 12 of 21 configurations. Use --force to check all configurations. [toomanyconfigs]

^
Quake/snd_wave.c:0:0: information: Limiting analysis of branches. Use --check-level=exhaustive to analyze all branches. [normalCheckLevelMaxBranches]

^
Quake/snd_wave.c:221:6: style: The scope of the variable 'i' can be reduced. [variableScope]
 int i, samples;
     ^
Quake/snd_wave.c:221:9: style: The scope of the variable 'samples' can be reduced. [variableScope]
 int i, samples;
        ^
Quake/snd_xmp.c:0:0: information: Too many #ifdef configurations - cppcheck only checks 12 of 22 configurations. Use --force to check all configurations. [toomanyconfigs]

^
Quake/strlcat.c:33:47: style: inconclusive: Function 'q_strlcat' argument 3 names different: declaration 'size' definition 'siz'. [funcArgNamesDifferent]
q_strlcat (char *dst, const char *src, size_t siz)
                                              ^
Quake/strl_fn.h:11:61: note: Function 'q_strlcat' argument 3 names different: declaration 'size' definition 'siz'.
extern size_t q_strlcat (char *dst, const char *src, size_t size);
                                                            ^
Quake/strlcat.c:33:47: note: Function 'q_strlcat' argument 3 names different: declaration 'size' definition 'siz'.
q_strlcat (char *dst, const char *src, size_t siz)
                                              ^
Quake/strlcpy.c:31:47: style: inconclusive: Function 'q_strlcpy' argument 3 names different: declaration 'size' definition 'siz'. [funcArgNamesDifferent]
q_strlcpy (char *dst, const char *src, size_t siz)
                                              ^
Quake/strl_fn.h:10:61: note: Function 'q_strlcpy' argument 3 names different: declaration 'size' definition 'siz'.
extern size_t q_strlcpy (char *dst, const char *src, size_t size);
                                                            ^
Quake/strlcpy.c:31:47: note: Function 'q_strlcpy' argument 3 names different: declaration 'size' definition 'siz'.
q_strlcpy (char *dst, const char *src, size_t siz)
                                              ^
Quake/sv_main.c:0:0: information: Too many #ifdef configurations - cppcheck only checks 12 of 20 configurations. Use --force to check all configurations. [toomanyconfigs]

^
Quake/sv_main.c:0:0: information: Limiting analysis of branches. Use --check-level=exhaustive to analyze all branches. [normalCheckLevelMaxBranches]

^
Quake/sv_main.c:155:10: style: The scope of the variable 'v' can be reduced. [variableScope]
 int  i, v;
         ^
Quake/sv_main.c:403:9: style: The scope of the variable 'i' can be reduced. [variableScope]
 int    i;
        ^
Quake/sv_main.c:519:12: style: The scope of the variable 'plane' can be reduced. [variableScope]
 mplane_t *plane;
           ^
Quake/sv_main.c:520:8: style: The scope of the variable 'd' can be reduced. [variableScope]
 float d;
       ^
Quake/sv_main.c:836:11: style: The scope of the variable 'other' can be reduced. [variableScope]
 edict_t *other;
          ^
Quake/sv_main.c:153:31: style: Parameter 'org' can be declared as const array [constParameter]
void SV_StartParticle (vec3_t org, vec3_t dir, int color, int count)
                              ^
Quake/sv_main.c:153:43: style: Parameter 'dir' can be declared as const array [constParameter]
void SV_StartParticle (vec3_t org, vec3_t dir, int color, int count)
                                          ^
Quake/sv_main.c:320:45: style: Parameter 'client' can be declared as pointer to const [constParameterPointer]
static qboolean SV_IsLocalClient (client_t *client)
                                            ^
Quake/sv_main.c:518:8: style: Variable 'pvs' can be declared as pointer to const [constVariablePointer]
 byte *pvs;
       ^
Quake/sv_main.c:581:56: style: Parameter 'test' can be declared as pointer to const [constParameterPointer]
qboolean SV_VisibleToClient (edict_t *client, edict_t *test, qmodel_t *worldmodel)
                                                       ^
Quake/sv_main.c:583:8: style: Variable 'pvs' can be declared as pointer to const [constVariablePointer]
 byte *pvs;
       ^
Quake/sv_main.c:609:8: style: Variable 'pvs' can be declared as pointer to const [constVariablePointer]
 byte *pvs;
       ^
Quake/sv_main.c:836:11: style: Variable 'other' can be declared as pointer to const [constVariablePointer]
 edict_t *other;
          ^
Quake/sv_main.c:838:10: style: Variable 'val' can be declared as pointer to const [constVariablePointer]
 eval_t *val;
         ^
Quake/sv_main.c:1155:17: style: Variable 'signon' can be declared as pointer to const [constVariablePointer]
     sizebuf_t *signon = sv.signon_buffers[host_client->signonidx];
                ^
Quake/sv_main.c:979:34: error: Shifting signed 32-bit value by 31 bits is undefined behaviour [shiftTooManyBitsSigned]
   if ( ((int)ent->v.weapon) & (1<<i) )
                                 ^
Quake/sv_main.c:977:12: note: Assuming that condition 'i<32' is not redundant
  for(i=0;i<32;i++)
           ^
Quake/sv_main.c:979:34: note: Shift
   if ( ((int)ent->v.weapon) & (1<<i) )
                                 ^
Quake/sv_move.c:0:0: information: Too many #ifdef configurations - cppcheck only checks 12 of 20 configurations. Use --force to check all configurations. [toomanyconfigs]

^
Quake/sv_move.c:0:0: information: Limiting analysis of branches. Use --check-level=exhaustive to analyze all branches. [normalCheckLevelMaxBranches]

^
Quake/sv_move.c:114:9: style: The scope of the variable 'dz' can be reduced. [variableScope]
 float  dz;
        ^
Quake/sv_move.c:117:8: style: The scope of the variable 'i' can be reduced. [variableScope]
 int   i;
       ^
Quake/sv_move.c:118:12: style: The scope of the variable 'enemy' can be reduced. [variableScope]
 edict_t  *enemy;
           ^
Quake/sv_move.c:238:9: style: The scope of the variable 'delta' can be reduced. [variableScope]
 float  delta;
        ^
Quake/sv_move.c:112:44: style: Parameter 'move' can be declared as const array [constParameter]
qboolean SV_movestep (edict_t *ent, vec3_t move, qboolean relink)
                                           ^
Quake/sv_move.c:118:12: style: Variable 'enemy' can be declared as pointer to const [constVariablePointer]
 edict_t  *enemy;
           ^
Quake/sv_move.c:373:35: style: Parameter 'ent' can be declared as pointer to const [constParameterPointer]
qboolean SV_CloseEnough (edict_t *ent, edict_t *goal, float dist)
                                  ^
Quake/sv_move.c:373:49: style: Parameter 'goal' can be declared as pointer to const [constParameterPointer]
qboolean SV_CloseEnough (edict_t *ent, edict_t *goal, float dist)
                                                ^
Quake/sv_phys.c:0:0: information: Too many #ifdef configurations - cppcheck only checks 12 of 20 configurations. Use --force to check all configurations. [toomanyconfigs]

^
Quake/sv_phys.c:0:0: information: Limiting analysis of branches. Use --check-level=exhaustive to analyze all branches. [normalCheckLevelMaxBranches]

^
Quake/sv_phys.c:844:12: style: Variable '(upmove)[2]' is reassigned a value before the old one has been used. [redundantAssignment]
 upmove[2] = STEPSIZE;
           ^
Quake/sv_phys.c:842:2: note: (upmove)[2] is assigned
 VectorCopy (vec3_origin, upmove);
 ^
Quake/sv_phys.c:844:12: note: (upmove)[2] is overwritten
 upmove[2] = STEPSIZE;
           ^
Quake/sv_phys.c:845:14: style: Variable '(downmove)[2]' is reassigned a value before the old one has been used. [redundantAssignment]
 downmove[2] = -STEPSIZE + oldvel[2]*host_frametime;
             ^
Quake/sv_phys.c:843:2: note: (downmove)[2] is assigned
 VectorCopy (vec3_origin, downmove);
 ^
Quake/sv_phys.c:845:14: note: (downmove)[2] is overwritten
 downmove[2] = -STEPSIZE + oldvel[2]*host_frametime;
             ^
Quake/sv_phys.c:195:8: style: The scope of the variable 'change' can be reduced. [variableScope]
 float change;
       ^
Quake/sv_phys.c:240:11: style: The scope of the variable 'trace' can be reduced. [variableScope]
 trace_t  trace;
          ^
Quake/sv_phys.c:747:7: style: The scope of the variable 'clip' can be reduced. [variableScope]
 int  clip;
      ^
Quake/sv_phys.c:1132:11: style: The scope of the variable 'hitsound' can be reduced. [variableScope]
 qboolean hitsound;
          ^
Quake/sv_phys.c:192:26: style: Parameter 'in' can be declared as const array [constParameter]
int ClipVelocity (vec3_t in, vec3_t normal, vec3_t out, float overbounce)
                         ^
Quake/sv_phys.c:192:37: style: Parameter 'normal' can be declared as const array [constParameter]
int ClipVelocity (vec3_t in, vec3_t normal, vec3_t out, float overbounce)
                                    ^
Quake/sv_phys.c:376:10: style: Variable 'val' can be declared as pointer to const [constVariablePointer]
 eval_t *val;
         ^
Quake/sv_phys.c:403:45: style: Parameter 'push' can be declared as const array [constParameter]
trace_t SV_PushEntity (edict_t *ent, vec3_t push)
                                            ^
Quake/sv_phys.c:436:20: style: Variable 'block' can be declared as pointer to const [constVariablePointer]
 edict_t  *check, *block;
                   ^
Quake/sv_phys.c:742:41: style: Parameter 'oldvel' can be declared as const array [constParameter]
int SV_TryUnstick (edict_t *ent, vec3_t oldvel)
                                        ^
Quake/sv_user.c:0:0: information: Too many #ifdef configurations - cppcheck only checks 12 of 20 configurations. Use --force to check all configurations. [toomanyconfigs]

^
Quake/sv_user.c:0:0: information: Limiting analysis of branches. Use --check-level=exhaustive to analyze all branches. [normalCheckLevelMaxBranches]

^
Quake/sv_user.c:55:10: style: The scope of the variable 'tr' can be reduced. [variableScope]
 trace_t tr;
         ^
Quake/sv_user.c:59:7: style: The scope of the variable 'step' can be reduced. [variableScope]
 int  step, dir, steps;
      ^
Quake/sys_sdl_unix.c:0:0: information: Too many #ifdef configurations - cppcheck only checks 12 of 68 configurations. Use --force to check all configurations. [toomanyconfigs]

^
Quake/sys_sdl_unix.c:47:0: information: Include file: "SDL.h" not found. [missingInclude]
#include "SDL.h"
^
Quake/sys_sdl_unix.c:0:0: information: Limiting analysis of branches. Use --check-level=exhaustive to analyze all branches. [normalCheckLevelMaxBranches]

^
Quake/sys_sdl_unix.c:307:17: style: Variable 'pwent' can be declared as pointer to const [constVariablePointer]
 struct passwd *pwent;
                ^
Quake/sys_sdl_win.c:0:0: information: Too many #ifdef configurations - cppcheck only checks 12 of 20 configurations. Use --force to check all configurations. [toomanyconfigs]

^
Quake/sys_sdl_win.c:44:0: information: Include file: "SDL.h" not found. [missingInclude]
#include "SDL.h"
^
Quake/sys_sdl_win.c:0:0: information: Limiting analysis of branches. Use --check-level=exhaustive to analyze all branches. [normalCheckLevelMaxBranches]

^
Quake/view.c:0:0: information: Too many #ifdef configurations - cppcheck only checks 12 of 20 configurations. Use --force to check all configurations. [toomanyconfigs]

^
Quake/view.c:0:0: information: Limiting analysis of branches. Use --check-level=exhaustive to analyze all branches. [normalCheckLevelMaxBranches]

^
Quake/view.c:749:16: style: The scope of the variable 'punch' can be reduced. [variableScope]
 static vec3_t punch = {0,0,0}; //johnfitz -- v_gunkick
               ^
Quake/view.c:750:8: style: The scope of the variable 'delta' can be reduced. [variableScope]
 float delta; //johnfitz -- v_gunkick
       ^
Quake/view.c:79:41: style: Parameter 'velocity' can be declared as const array [constParameter]
float V_CalcRoll (vec3_t angles, vec3_t velocity)
                                        ^
Quake/wad.c:0:0: information: Too many #ifdef configurations - cppcheck only checks 12 of 20 configurations. Use --force to check all configurations. [toomanyconfigs]

^
Quake/wad.c:0:0: information: Limiting analysis of branches. Use --check-level=exhaustive to analyze all branches. [normalCheckLevelMaxBranches]

^
Quake/wad.c:251:13: warning: If memory allocation fails, then there is a possible null pointer dereference: wad [nullPointerOutOfMemory]
 q_strlcpy (wad->name, name, sizeof (wad->name));
            ^
Quake/wad.c:250:24: note: Assuming allocation function fails
 wad = (wad_t *)malloc (sizeof (wad_t));
                       ^
Quake/wad.c:250:8: note: Assignment 'wad=(struct wad_t*)malloc(sizeof(struct wad_t))', assigned value is 0
 wad = (wad_t *)malloc (sizeof (wad_t));
       ^
Quake/wad.c:251:13: note: Null pointer dereference
 q_strlcpy (wad->name, name, sizeof (wad->name));
            ^
Quake/wad.c:252:2: warning: If memory allocation fails, then there is a possible null pointer dereference: wad [nullPointerOutOfMemory]
 wad->id = id;
 ^
Quake/wad.c:250:24: note: Assuming allocation function fails
 wad = (wad_t *)malloc (sizeof (wad_t));
                       ^
Quake/wad.c:250:8: note: Assignment 'wad=(struct wad_t*)malloc(sizeof(struct wad_t))', assigned value is 0
 wad = (wad_t *)malloc (sizeof (wad_t));
       ^
Quake/wad.c:252:2: note: Null pointer dereference
 wad->id = id;
 ^
Quake/wad.c:253:2: warning: If memory allocation fails, then there is a possible null pointer dereference: wad [nullPointerOutOfMemory]
 wad->fh = *fh;
 ^
Quake/wad.c:250:24: note: Assuming allocation function fails
 wad = (wad_t *)malloc (sizeof (wad_t));
                       ^
Quake/wad.c:250:8: note: Assignment 'wad=(struct wad_t*)malloc(sizeof(struct wad_t))', assigned value is 0
 wad = (wad_t *)malloc (sizeof (wad_t));
       ^
Quake/wad.c:253:2: note: Null pointer dereference
 wad->fh = *fh;
 ^
Quake/wad.c:254:2: warning: If memory allocation fails, then there is a possible null pointer dereference: wad [nullPointerOutOfMemory]
 wad->numlumps = numlumps;
 ^
Quake/wad.c:250:24: note: Assuming allocation function fails
 wad = (wad_t *)malloc (sizeof (wad_t));
                       ^
Quake/wad.c:250:8: note: Assignment 'wad=(struct wad_t*)malloc(sizeof(struct wad_t))', assigned value is 0
 wad = (wad_t *)malloc (sizeof (wad_t));
       ^
Quake/wad.c:254:2: note: Null pointer dereference
 wad->numlumps = numlumps;
 ^
Quake/wad.c:255:2: warning: If memory allocation fails, then there is a possible null pointer dereference: wad [nullPointerOutOfMemory]
 wad->lumps = lumps;
 ^
Quake/wad.c:250:24: note: Assuming allocation function fails
 wad = (wad_t *)malloc (sizeof (wad_t));
                       ^
Quake/wad.c:250:8: note: Assignment 'wad=(struct wad_t*)malloc(sizeof(struct wad_t))', assigned value is 0
 wad = (wad_t *)malloc (sizeof (wad_t));
       ^
Quake/wad.c:255:2: note: Null pointer dereference
 wad->lumps = lumps;
 ^
Quake/wad.c:46:7: style: The scope of the variable 'c' can be reduced. [variableScope]
 int  c;
      ^
Quake/wad.c:184:39: style: The scope of the variable 'disksize' can be reduced. [variableScope]
 int   i, id, numlumps, infotableofs, disksize;
                                      ^
Quake/wad.c:341:14: style: The scope of the variable 'info' can be reduced. [variableScope]
 lumpinfo_t *info;
             ^
Quake/wad.c:134:14: style: Variable 'lump' can be declared as pointer to const [constVariablePointer]
 lumpinfo_t *lump;
             ^
Quake/wad.c:145:14: style: Variable 'lump' can be declared as pointer to const [constVariablePointer]
 lumpinfo_t *lump;
             ^
Quake/world.c:0:0: information: Too many #ifdef configurations - cppcheck only checks 12 of 21 configurations. Use --force to check all configurations. [toomanyconfigs]

^
Quake/world.c:0:0: information: Limiting analysis of branches. Use --check-level=exhaustive to analyze all branches. [normalCheckLevelMaxBranches]

^
Quake/world.c:74:7: style: The scope of the variable 'side' can be reduced. [variableScope]
 int  side;
      ^
Quake/world.c:135:10: style: The scope of the variable 'size' can be reduced. [variableScope]
 vec3_t  size;
         ^
Quake/world.c:338:12: style: The scope of the variable 'touch' can be reduced. [variableScope]
 edict_t  *touch;
           ^
Quake/world.c:393:8: style: The scope of the variable 'leafnum' can be reduced. [variableScope]
 int   leafnum;
       ^
Quake/world.c:525:12: style: The scope of the variable 'plane' can be reduced. [variableScope]
 mplane_t *plane;
           ^
Quake/world.c:895:8: style: The scope of the variable 'i' can be reduced. [variableScope]
 int   i;
       ^
Quake/world.c:108:31: style: Parameter 'mins' can be declared as const array [constParameter]
hull_t *SV_HullForBox (vec3_t mins, vec3_t maxs)
                              ^
Quake/world.c:108:44: style: Parameter 'maxs' can be declared as const array [constParameter]
hull_t *SV_HullForBox (vec3_t mins, vec3_t maxs)
                                           ^
Quake/world.c:132:48: style: Parameter 'mins' can be declared as const array [constParameter]
hull_t *SV_HullForEntity (edict_t *ent, vec3_t mins, vec3_t maxs, vec3_t offset)
                                               ^
Quake/world.c:132:61: style: Parameter 'maxs' can be declared as const array [constParameter]
hull_t *SV_HullForEntity (edict_t *ent, vec3_t mins, vec3_t maxs, vec3_t offset)
                                                            ^
Quake/world.c:207:50: style: Parameter 'mins' can be declared as const array [constParameter]
areanode_t *SV_CreateAreaNode (int depth, vec3_t mins, vec3_t maxs)
                                                 ^
Quake/world.c:207:63: style: Parameter 'maxs' can be declared as const array [constParameter]
areanode_t *SV_CreateAreaNode (int depth, vec3_t mins, vec3_t maxs)
                                                              ^
Quake/world.c:391:12: style: Variable 'leaf' can be declared as pointer to const [constVariablePointer]
 mleaf_t  *leaf;
           ^
Quake/world.c:521:35: style: Parameter 'hull' can be declared as pointer to const [constParameterPointer]
int SV_HullPointContents (hull_t *hull, int num, vec3_t p)
                                  ^
Quake/world.c:521:57: style: Parameter 'p' can be declared as const array [constParameter]
int SV_HullPointContents (hull_t *hull, int num, vec3_t p)
                                                        ^
Quake/world.c:608:15: style: Variable 'node' can be declared as pointer to const [constVariablePointer]
 mclipnode_t *node; //johnfitz -- was dclipnode_t
              ^
Quake/world.c:747:51: style: Parameter 'start' can be declared as const array [constParameter]
trace_t SV_ClipMoveToEntity (edict_t *ent, vec3_t start, vec3_t mins, vec3_t maxs, vec3_t end)
                                                  ^
Quake/world.c:747:91: style: Parameter 'end' can be declared as const array [constParameter]
trace_t SV_ClipMoveToEntity (edict_t *ent, vec3_t start, vec3_t mins, vec3_t maxs, vec3_t end)
                                                                                          ^
Quake/world.c:868:28: style: Parameter 'start' can be declared as const array [constParameter]
void SV_MoveBounds (vec3_t start, vec3_t mins, vec3_t maxs, vec3_t end, vec3_t boxmins, vec3_t boxmaxs)
                           ^
Quake/world.c:868:42: style: Parameter 'mins' can be declared as const array [constParameter]
void SV_MoveBounds (vec3_t start, vec3_t mins, vec3_t maxs, vec3_t end, vec3_t boxmins, vec3_t boxmaxs)
                                         ^
Quake/world.c:868:55: style: Parameter 'maxs' can be declared as const array [constParameter]
void SV_MoveBounds (vec3_t start, vec3_t mins, vec3_t maxs, vec3_t end, vec3_t boxmins, vec3_t boxmaxs)
                                                      ^
Quake/world.c:868:68: style: Parameter 'end' can be declared as const array [constParameter]
void SV_MoveBounds (vec3_t start, vec3_t mins, vec3_t maxs, vec3_t end, vec3_t boxmins, vec3_t boxmaxs)
                                                                   ^
Quake/zone.c:0:0: information: Too many #ifdef configurations - cppcheck only checks 12 of 21 configurations. Use --force to check all configurations. [toomanyconfigs]

^
Quake/zone.c:0:0: information: Limiting analysis of branches. Use --check-level=exhaustive to analyze all branches. [normalCheckLevelMaxBranches]

^
Quake/zone.c:693:4: warning: Either the condition '!cs->lru_next' is redundant or there is possible null pointer dereference: cs->lru_next. [nullPointerRedundantCheck]
 cs->lru_next->lru_prev = cs->lru_prev;
   ^
Quake/zone.c:690:6: note: Assuming that condition '!cs->lru_next' is not redundant
 if (!cs->lru_next || !cs->lru_prev)
     ^
Quake/zone.c:693:4: note: Null pointer dereference
 cs->lru_next->lru_prev = cs->lru_prev;
   ^
Quake/zone.c:694:4: warning: Either the condition '!cs->lru_prev' is redundant or there is possible null pointer dereference: cs->lru_prev. [nullPointerRedundantCheck]
 cs->lru_prev->lru_next = cs->lru_next;
   ^
Quake/zone.c:690:23: note: Assuming that condition '!cs->lru_prev' is not redundant
 if (!cs->lru_next || !cs->lru_prev)
                      ^
Quake/zone.c:694:4: note: Null pointer dereference
 cs->lru_prev->lru_next = cs->lru_next;
   ^
Quake/zone.c:81:39: warning: Either the condition '!ptr' is redundant or there is overflow in pointer subtraction. [nullPointerArithmeticRedundantCheck]
 block = (memblock_t *) ( (byte *)ptr - sizeof(memblock_t));
                                      ^
Quake/zone.c:78:6: note: Assuming that condition '!ptr' is not redundant
 if (!ptr)
     ^
Quake/zone.c:81:39: note: Null pointer subtraction
 block = (memblock_t *) ( (byte *)ptr - sizeof(memblock_t));
                                      ^
Quake/zone.c:858:35: warning: Either the condition '!c->data' is redundant or there is overflow in pointer subtraction. [nullPointerArithmeticRedundantCheck]
 cs = ((cache_system_t *)c->data) - 1;
                                  ^
Quake/zone.c:855:6: note: Assuming that condition '!c->data' is not redundant
 if (!c->data)
     ^
Quake/zone.c:858:35: note: Null pointer subtraction
 cs = ((cache_system_t *)c->data) - 1;
                                  ^
Quake/zone.c:646:18: style: The scope of the variable 'c' can be reduced. [variableScope]
 cache_system_t *c;
                 ^
Quake/zone.c:906:18: style: The scope of the variable 'cs' can be reduced. [variableScope]
 cache_system_t *cs;
                 ^
Quake/zone.c:115:14: style: Variable 'start' can be declared as pointer to const [constVariablePointer]
 memblock_t *start, *rover, *newblock, *base;
             ^
Quake/zone.c:220:14: style: Variable 'block' can be declared as pointer to const [constVariablePointer]
 memblock_t *block;
             ^
Quake/zone.c:337:21: style: Variable 'endlow' can be declared as pointer to const [constVariablePointer]
 hunk_t *h, *next, *endlow, *starthigh, *endhigh;
                    ^
Quake/zone.c:337:42: style: Variable 'endhigh' can be declared as pointer to const [constVariablePointer]
 hunk_t *h, *next, *endlow, *starthigh, *endhigh;
                                         ^
Quake/anorms.h:182:37: error: syntax error [syntaxError]
 { -0.688191, -0.587785, -0.425325 },
                                    ^
Quake/arch_def.h:0:0: information: Too many #ifdef configurations - cppcheck only checks 12 of 38 configurations. Use --force to check all configurations. [toomanyconfigs]

^
Quake/bspfile.h:80:7: style: struct member 'lump_t::fileofs' is never used. [unusedStructMember]
 int  fileofs, filelen;
      ^
Quake/bspfile.h:80:16: style: struct member 'lump_t::filelen' is never used. [unusedStructMember]
 int  fileofs, filelen;
               ^
Quake/bspfile.h:112:8: style: struct member 'dheader_t::version' is never used. [unusedStructMember]
 int   version;
       ^
Quake/bspfile.h:113:10: style: struct member 'dheader_t::lumps' is never used. [unusedStructMember]
 lump_t  lumps[HEADER_LUMPS];
         ^
Quake/bspfile.h:118:8: style: struct member 'dmiptexlump_t::nummiptex' is never used. [unusedStructMember]
 int   nummiptex;
       ^
Quake/bspfile.h:119:8: style: struct member 'dmiptexlump_t::dataofs' is never used. [unusedStructMember]
 int   dataofs[4];  // [nummiptex]
       ^
Quake/bspfile.h:125:8: style: struct member 'miptex_s::name' is never used. [unusedStructMember]
 char  name[16];
       ^
Quake/bspfile.h:126:11: style: struct member 'miptex_s::width' is never used. [unusedStructMember]
 unsigned width, height;
          ^
Quake/bspfile.h:126:18: style: struct member 'miptex_s::height' is never used. [unusedStructMember]
 unsigned width, height;
                 ^
Quake/bspfile.h:127:11: style: struct member 'miptex_s::offsets' is never used. [unusedStructMember]
 unsigned offsets[MIPLEVELS];  // four mip maps stored
          ^
Quake/bspfile.h:133:8: style: struct member 'miptex64_s::name' is never used. [unusedStructMember]
 char  name[16];
       ^
Quake/bspfile.h:134:11: style: struct member 'miptex64_s::width' is never used. [unusedStructMember]
 unsigned width, height;
          ^
Quake/bspfile.h:134:18: style: struct member 'miptex64_s::height' is never used. [unusedStructMember]
 unsigned width, height;
                 ^
Quake/bspfile.h:135:11: style: struct member 'miptex64_s::shift' is never used. [unusedStructMember]
 unsigned shift;
          ^
Quake/bspfile.h:136:11: style: struct member 'miptex64_s::offsets' is never used. [unusedStructMember]
 unsigned offsets[MIPLEVELS];  // four mip maps stored
          ^
Quake/bspfile.h:183:8: style: struct member 'dsnode_t::planenum' is never used. [unusedStructMember]
 int   planenum;
       ^
Quake/bspfile.h:184:9: style: struct member 'dsnode_t::children' is never used. [unusedStructMember]
 short  children[2]; // negative numbers are -(leafs+1), not nodes
        ^
Quake/bspfile.h:185:9: style: struct member 'dsnode_t::mins' is never used. [unusedStructMember]
 short  mins[3];  // for sphere culling
        ^
Quake/bspfile.h:186:9: style: struct member 'dsnode_t::maxs' is never used. [unusedStructMember]
 short  maxs[3];
        ^
Quake/bspfile.h:187:17: style: struct member 'dsnode_t::firstface' is never used. [unusedStructMember]
 unsigned short firstface;
                ^
Quake/bspfile.h:188:17: style: struct member 'dsnode_t::numfaces' is never used. [unusedStructMember]
 unsigned short numfaces; // counting both sides
                ^
Quake/bspfile.h:193:8: style: struct member 'dl1node_t::planenum' is never used. [unusedStructMember]
 int   planenum;
       ^
Quake/bspfile.h:194:8: style: struct member 'dl1node_t::children' is never used. [unusedStructMember]
 int   children[2]; // negative numbers are -(leafs+1), not nodes
       ^
Quake/bspfile.h:195:9: style: struct member 'dl1node_t::mins' is never used. [unusedStructMember]
 short  mins[3];  // for sphere culling
        ^
Quake/bspfile.h:196:9: style: struct member 'dl1node_t::maxs' is never used. [unusedStructMember]
 short  maxs[3];
        ^
Quake/bspfile.h:197:15: style: struct member 'dl1node_t::firstface' is never used. [unusedStructMember]
 unsigned int firstface;
              ^
Quake/bspfile.h:198:15: style: struct member 'dl1node_t::numfaces' is never used. [unusedStructMember]
 unsigned int numfaces; // counting both sides
              ^
Quake/bspfile.h:203:8: style: struct member 'dl2node_t::planenum' is never used. [unusedStructMember]
 int   planenum;
       ^
Quake/bspfile.h:204:8: style: struct member 'dl2node_t::children' is never used. [unusedStructMember]
 int   children[2]; // negative numbers are -(leafs+1), not nodes
       ^
Quake/bspfile.h:205:9: style: struct member 'dl2node_t::mins' is never used. [unusedStructMember]
 float  mins[3];  // for sphere culling
        ^
Quake/bspfile.h:206:9: style: struct member 'dl2node_t::maxs' is never used. [unusedStructMember]
 float  maxs[3];
        ^
Quake/bspfile.h:207:15: style: struct member 'dl2node_t::firstface' is never used. [unusedStructMember]
 unsigned int firstface;
              ^
Quake/bspfile.h:208:15: style: struct member 'dl2node_t::numfaces' is never used. [unusedStructMember]
 unsigned int numfaces; // counting both sides
              ^
Quake/bspfile.h:213:8: style: struct member 'dsclipnode_t::planenum' is never used. [unusedStructMember]
 int   planenum;
       ^
Quake/bspfile.h:214:9: style: struct member 'dsclipnode_t::children' is never used. [unusedStructMember]
 short  children[2]; // negative numbers are contents
        ^
Quake/bspfile.h:219:8: style: struct member 'dlclipnode_t::planenum' is never used. [unusedStructMember]
 int   planenum;
       ^
Quake/bspfile.h:220:8: style: struct member 'dlclipnode_t::children' is never used. [unusedStructMember]
 int   children[2]; // negative numbers are contents
       ^
Quake/bspfile.h:237:17: style: struct member 'dsedge_t::v' is never used. [unusedStructMember]
 unsigned short v[2];  // vertex numbers
                ^
Quake/bspfile.h:242:15: style: struct member 'dledge_t::v' is never used. [unusedStructMember]
 unsigned int v[2];  // vertex numbers
              ^
Quake/bspfile.h:248:9: style: struct member 'dsface_t::planenum' is never used. [unusedStructMember]
 short  planenum;
        ^
Quake/bspfile.h:249:9: style: struct member 'dsface_t::side' is never used. [unusedStructMember]
 short  side;
        ^
Quake/bspfile.h:251:8: style: struct member 'dsface_t::firstedge' is never used. [unusedStructMember]
 int   firstedge;  // we must support > 64k edges
       ^
Quake/bspfile.h:252:9: style: struct member 'dsface_t::numedges' is never used. [unusedStructMember]
 short  numedges;
        ^
Quake/bspfile.h:253:9: style: struct member 'dsface_t::texinfo' is never used. [unusedStructMember]
 short  texinfo;
        ^
Quake/bspfile.h:257:8: style: struct member 'dsface_t::lightofs' is never used. [unusedStructMember]
 int   lightofs;  // start of [numstyles*surfsize] samples
       ^
Quake/bspfile.h:262:8: style: struct member 'dlface_t::planenum' is never used. [unusedStructMember]
 int   planenum;
       ^
Quake/bspfile.h:263:8: style: struct member 'dlface_t::side' is never used. [unusedStructMember]
 int   side;
       ^
Quake/bspfile.h:265:8: style: struct member 'dlface_t::firstedge' is never used. [unusedStructMember]
 int   firstedge;  // we must support > 64k edges
       ^
Quake/bspfile.h:266:8: style: struct member 'dlface_t::numedges' is never used. [unusedStructMember]
 int   numedges;
       ^
Quake/bspfile.h:267:8: style: struct member 'dlface_t::texinfo' is never used. [unusedStructMember]
 int   texinfo;
       ^
Quake/bspfile.h:271:8: style: struct member 'dlface_t::lightofs' is never used. [unusedStructMember]
 int   lightofs;  // start of [numstyles*surfsize] samples
       ^
Quake/bspfile.h:285:8: style: struct member 'dsleaf_t::contents' is never used. [unusedStructMember]
 int   contents;
       ^
Quake/bspfile.h:286:8: style: struct member 'dsleaf_t::visofs' is never used. [unusedStructMember]
 int   visofs;    // -1 = no visibility info
       ^
Quake/bspfile.h:288:9: style: struct member 'dsleaf_t::mins' is never used. [unusedStructMember]
 short  mins[3];   // for frustum culling
        ^
Quake/bspfile.h:289:9: style: struct member 'dsleaf_t::maxs' is never used. [unusedStructMember]
 short  maxs[3];
        ^
Quake/bspfile.h:291:18: style: struct member 'dsleaf_t::firstmarksurface' is never used. [unusedStructMember]
 unsigned short  firstmarksurface;
                 ^
Quake/bspfile.h:292:18: style: struct member 'dsleaf_t::nummarksurfaces' is never used. [unusedStructMember]
 unsigned short  nummarksurfaces;
                 ^
Quake/bspfile.h:299:8: style: struct member 'dl1leaf_t::contents' is never used. [unusedStructMember]
 int   contents;
       ^
Quake/bspfile.h:300:8: style: struct member 'dl1leaf_t::visofs' is never used. [unusedStructMember]
 int   visofs;    // -1 = no visibility info
       ^
Quake/bspfile.h:302:9: style: struct member 'dl1leaf_t::mins' is never used. [unusedStructMember]
 short  mins[3];   // for frustum culling
        ^
Quake/bspfile.h:303:9: style: struct member 'dl1leaf_t::maxs' is never used. [unusedStructMember]
 short  maxs[3];
        ^
Quake/bspfile.h:305:16: style: struct member 'dl1leaf_t::firstmarksurface' is never used. [unusedStructMember]
 unsigned int  firstmarksurface;
               ^
Quake/bspfile.h:306:16: style: struct member 'dl1leaf_t::nummarksurfaces' is never used. [unusedStructMember]
 unsigned int  nummarksurfaces;
               ^
Quake/bspfile.h:313:8: style: struct member 'dl2leaf_t::contents' is never used. [unusedStructMember]
 int   contents;
       ^
Quake/bspfile.h:314:8: style: struct member 'dl2leaf_t::visofs' is never used. [unusedStructMember]
 int   visofs;    // -1 = no visibility info
       ^
Quake/bspfile.h:316:9: style: struct member 'dl2leaf_t::mins' is never used. [unusedStructMember]
 float  mins[3];   // for frustum culling
        ^
Quake/bspfile.h:317:9: style: struct member 'dl2leaf_t::maxs' is never used. [unusedStructMember]
 float  maxs[3];
        ^
Quake/bspfile.h:319:16: style: struct member 'dl2leaf_t::firstmarksurface' is never used. [unusedStructMember]
 unsigned int  firstmarksurface;
               ^
Quake/bspfile.h:320:16: style: struct member 'dl2leaf_t::nummarksurfaces' is never used. [unusedStructMember]
 unsigned int  nummarksurfaces;
               ^
Quake/bspfile.h:394:18: style: struct member 'epair_s::next' is never used. [unusedStructMember]
 struct epair_s *next;
                 ^
Quake/bspfile.h:395:8: style: struct member 'epair_s::key' is never used. [unusedStructMember]
 char *key;
       ^
Quake/bspfile.h:396:8: style: struct member 'epair_s::value' is never used. [unusedStructMember]
 char *value;
       ^
Quake/client.h:38:7: style: struct member 'scoreboard_t::name' is never used. [unusedStructMember]
 char name[MAX_SCOREBOARDNAME];
      ^
Quake/client.h:39:8: style: struct member 'scoreboard_t::entertime' is never used. [unusedStructMember]
 float entertime;
       ^
Quake/client.h:40:7: style: struct member 'scoreboard_t::frags' is never used. [unusedStructMember]
 int  frags;
      ^
Quake/client.h:41:7: style: struct member 'scoreboard_t::colors' is never used. [unusedStructMember]
 int  colors;   // two 4 bit fields
      ^
Quake/client.h:47:7: style: struct member 'cshift_t::destcolor' is never used. [unusedStructMember]
 int  destcolor[3];
      ^
Quake/client.h:48:7: style: struct member 'cshift_t::percent' is never used. [unusedStructMember]
 int  percent;  // 0-256
      ^
Quake/common.h:283:7: error: There is an unknown macro here somewhere. Configuration is required. If va is a macro then please configure it. [unknownMacro]
char *va (const char *format, ...) FUNC_PRINTF(1,2);
      ^
Quake/cvar.h:82:14: style: struct member 'cvar_s::name' is never used. [unusedStructMember]
 const char *name;
             ^
Quake/cvar.h:83:14: style: struct member 'cvar_s::string' is never used. [unusedStructMember]
 const char *string;
             ^
Quake/cvar.h:84:15: style: struct member 'cvar_s::flags' is never used. [unusedStructMember]
 unsigned int flags;
              ^
Quake/cvar.h:85:9: style: struct member 'cvar_s::value' is never used. [unusedStructMember]
 float  value;
        ^
Quake/cvar.h:86:14: style: struct member 'cvar_s::default_string' is never used. [unusedStructMember]
 const char *default_string; //johnfitz -- remember defaults for reset function
             ^
Quake/cvar.h:87:17: style: struct member 'cvar_s::callback' is never used. [unusedStructMember]
 cvarcallback_t callback;
                ^
Quake/cvar.h:88:17: style: struct member 'cvar_s::next' is never used. [unusedStructMember]
 struct cvar_s *next;
                ^
Quake/gl_model.h:75:8: style: struct member 'mplane_s::dist' is never used. [unusedStructMember]
 float dist;
       ^
Quake/gl_model.h:90:10: style: struct member 'texture_s::name' is never used. [unusedStructMember]
 char    name[16];
         ^
Quake/gl_model.h:91:13: style: struct member 'texture_s::width' is never used. [unusedStructMember]
 unsigned   width, height;
            ^
Quake/gl_model.h:91:20: style: struct member 'texture_s::height' is never used. [unusedStructMember]
 unsigned   width, height;
                   ^
Quake/gl_model.h:92:13: style: struct member 'texture_s::shift' is never used. [unusedStructMember]
 unsigned   shift;  // Q64
            ^
Quake/gl_model.h:93:22: style: struct member 'texture_s::gltexture' is never used. [unusedStructMember]
 struct gltexture_s *gltexture; //johnfitz -- pointer to gltexture
                     ^
Quake/gl_model.h:94:22: style: struct member 'texture_s::fullbright' is never used. [unusedStructMember]
 struct gltexture_s *fullbright; //johnfitz -- fullbright mask texture
                     ^
Quake/gl_model.h:95:22: style: struct member 'texture_s::warpimage' is never used. [unusedStructMember]
 struct gltexture_s *warpimage; //johnfitz -- for water animation
                     ^
Quake/gl_model.h:98:10: style: struct member 'texture_s::anim_total' is never used. [unusedStructMember]
 int     anim_total;    // total tenths in sequence ( 0 = no)
         ^
Quake/gl_model.h:99:10: style: struct member 'texture_s::anim_min' is never used. [unusedStructMember]
 int     anim_min, anim_max;  // time for this frame min <=time< max
         ^
Quake/gl_model.h:99:20: style: struct member 'texture_s::anim_max' is never used. [unusedStructMember]
 int     anim_min, anim_max;  // time for this frame min <=time< max
                   ^
Quake/gl_model.h:100:20: style: struct member 'texture_s::anim_next' is never used. [unusedStructMember]
 struct texture_s *anim_next;  // in the animation sequence
                   ^
Quake/gl_model.h:101:20: style: struct member 'texture_s::alternate_anims' is never used. [unusedStructMember]
 struct texture_s *alternate_anims; // bmodels in frmae 1 use these
                   ^
Quake/gl_model.h:122:15: style: struct member 'medge_t::v' is never used. [unusedStructMember]
 unsigned int v[2];
              ^
Quake/gl_model.h:123:15: style: struct member 'medge_t::cachededgeoffset' is never used. [unusedStructMember]
 unsigned int cachededgeoffset;
              ^
Quake/gl_model.h:128:9: style: struct member 'mtexinfo_t::vecs' is never used. [unusedStructMember]
 float  vecs[2][4];
        ^
Quake/gl_model.h:129:13: style: struct member 'mtexinfo_t::texture' is never used. [unusedStructMember]
 texture_t *texture;
            ^
Quake/gl_model.h:130:8: style: struct member 'mtexinfo_t::flags' is never used. [unusedStructMember]
 int   flags;
       ^
Quake/gl_model.h:137:19: style: struct member 'glpoly_s::next' is never used. [unusedStructMember]
 struct glpoly_s *next;
                  ^
Quake/gl_model.h:138:19: style: struct member 'glpoly_s::chain' is never used. [unusedStructMember]
 struct glpoly_s *chain;
                  ^
Quake/gl_model.h:139:7: style: struct member 'glpoly_s::numverts' is never used. [unusedStructMember]
 int  numverts;
      ^
Quake/gl_model.h:140:8: style: struct member 'glpoly_s::verts' is never used. [unusedStructMember]
 float verts[4][VERTEXSIZE]; // variable sized (xyz s1t1 s2t2)
       ^
Quake/gl_model.h:145:8: style: struct member 'msurface_s::visframe' is never used. [unusedStructMember]
 int   visframe;  // should be drawn when node is crossed
       ^
Quake/gl_model.h:146:9: style: struct member 'msurface_s::mins' is never used. [unusedStructMember]
 float  mins[3];  // johnfitz -- for frustum culling
        ^
Quake/gl_model.h:147:9: style: struct member 'msurface_s::maxs' is never used. [unusedStructMember]
 float  maxs[3];  // johnfitz -- for frustum culling
        ^
Quake/gl_model.h:149:12: style: struct member 'msurface_s::plane' is never used. [unusedStructMember]
 mplane_t *plane;
           ^
Quake/gl_model.h:150:8: style: struct member 'msurface_s::flags' is never used. [unusedStructMember]
 int   flags;
       ^
Quake/gl_model.h:152:8: style: struct member 'msurface_s::firstedge' is never used. [unusedStructMember]
 int   firstedge; // look up in model->surfedges[], negative numbers
       ^
Quake/gl_model.h:153:8: style: struct member 'msurface_s::numedges' is never used. [unusedStructMember]
 int   numedges; // are backwards edges
       ^
Quake/gl_model.h:155:9: style: struct member 'msurface_s::texturemins' is never used. [unusedStructMember]
 short  texturemins[2];
        ^
Quake/gl_model.h:156:9: style: struct member 'msurface_s::extents' is never used. [unusedStructMember]
 short  extents[2];
        ^
Quake/gl_model.h:158:8: style: struct member 'msurface_s::light_s' is never used. [unusedStructMember]
 int   light_s, light_t; // gl lightmap coordinates
       ^
Quake/gl_model.h:158:17: style: struct member 'msurface_s::light_t' is never used. [unusedStructMember]
 int   light_s, light_t; // gl lightmap coordinates
                ^
Quake/gl_model.h:160:12: style: struct member 'msurface_s::polys' is never used. [unusedStructMember]
 glpoly_t *polys;    // multiple if warped
           ^
Quake/gl_model.h:161:21: style: struct member 'msurface_s::texturechain' is never used. [unusedStructMember]
 struct msurface_s *texturechain;
                    ^
Quake/gl_model.h:163:14: style: struct member 'msurface_s::texinfo' is never used. [unusedStructMember]
 mtexinfo_t *texinfo;
             ^
Quake/gl_model.h:165:7: style: struct member 'msurface_s::vbo_firstvert' is never used. [unusedStructMember]
 int  vbo_firstvert;  // index of this surface's first vert in the VBO
      ^
Quake/gl_model.h:166:7: style: struct member 'msurface_s::var_firstvert' is never used. [unusedStructMember]
 int  var_firstvert;  // PPC port -- Phase 3.2: index in the APPLE_vertex_array_range pool (gl_apple_var_able)
      ^
Quake/gl_model.h:169:8: style: struct member 'msurface_s::dlightframe' is never used. [unusedStructMember]
 int   dlightframe;
       ^
Quake/gl_model.h:170:16: style: struct member 'msurface_s::dlightbits' is never used. [unusedStructMember]
 unsigned int  dlightbits[(MAX_DLIGHTS + 31) >> 5];
               ^
Quake/gl_model.h:173:8: style: struct member 'msurface_s::lightmaptexturenum' is never used. [unusedStructMember]
 int   lightmaptexturenum;
       ^
Quake/gl_model.h:175:8: style: struct member 'msurface_s::cached_light' is never used. [unusedStructMember]
 int   cached_light[MAXLIGHTMAPS]; // values currently used in lightmap
       ^
Quake/gl_model.h:177:9: style: struct member 'msurface_s::samples' is never used. [unusedStructMember]
 byte  *samples;  // [numstyles*surfsize]
        ^
Quake/gl_model.h:183:8: style: struct member 'mnode_s::contents' is never used. [unusedStructMember]
 int   contents;  // 0, to differentiate from leafs
       ^
Quake/gl_model.h:184:8: style: struct member 'mnode_s::visframe' is never used. [unusedStructMember]
 int   visframe;  // node needs to be traversed if current
       ^
Quake/gl_model.h:186:9: style: struct member 'mnode_s::minmaxs' is never used. [unusedStructMember]
 float  minmaxs[6];  // for bounding box culling
        ^
Quake/gl_model.h:188:18: style: struct member 'mnode_s::parent' is never used. [unusedStructMember]
 struct mnode_s *parent;
                 ^
Quake/gl_model.h:191:12: style: struct member 'mnode_s::plane' is never used. [unusedStructMember]
 mplane_t *plane;
           ^
Quake/gl_model.h:194:16: style: struct member 'mnode_s::firstsurface' is never used. [unusedStructMember]
 unsigned int  firstsurface;
               ^
Quake/gl_model.h:195:16: style: struct member 'mnode_s::numsurfaces' is never used. [unusedStructMember]
 unsigned int  numsurfaces;
               ^
Quake/gl_model.h:203:8: style: struct member 'mleaf_s::contents' is never used. [unusedStructMember]
 int   contents;  // wil be a negative contents number
       ^
Quake/gl_model.h:204:8: style: struct member 'mleaf_s::visframe' is never used. [unusedStructMember]
 int   visframe;  // node needs to be traversed if current
       ^
Quake/gl_model.h:206:9: style: struct member 'mleaf_s::minmaxs' is never used. [unusedStructMember]
 float  minmaxs[6];  // for bounding box culling
        ^
Quake/gl_model.h:208:18: style: struct member 'mleaf_s::parent' is never used. [unusedStructMember]
 struct mnode_s *parent;
                 ^
Quake/gl_model.h:211:9: style: struct member 'mleaf_s::compressed_vis' is never used. [unusedStructMember]
 byte  *compressed_vis;
        ^
Quake/gl_model.h:212:12: style: struct member 'mleaf_s::efrags' is never used. [unusedStructMember]
 efrag_t  *efrags;
           ^
Quake/gl_model.h:214:15: style: struct member 'mleaf_s::firstmarksurface' is never used. [unusedStructMember]
 msurface_t **firstmarksurface;
              ^
Quake/gl_model.h:215:8: style: struct member 'mleaf_s::nummarksurfaces' is never used. [unusedStructMember]
 int   nummarksurfaces;
       ^
Quake/gl_model.h:216:8: style: struct member 'mleaf_s::key' is never used. [unusedStructMember]
 int   key;   // BSP sequence number for leaf's contents
       ^
Quake/gl_model.h:223:8: style: struct member 'mclipnode_s::planenum' is never used. [unusedStructMember]
 int   planenum;
       ^
Quake/gl_model.h:224:8: style: struct member 'mclipnode_s::children' is never used. [unusedStructMember]
 int   children[2]; // negative numbers are contents
       ^
Quake/gl_model.h:231:15: style: struct member 'hull_t::clipnodes' is never used. [unusedStructMember]
 mclipnode_t *clipnodes; //johnfitz -- was dclipnode_t
              ^
Quake/gl_model.h:232:12: style: struct member 'hull_t::planes' is never used. [unusedStructMember]
 mplane_t *planes;
           ^
Quake/gl_model.h:233:8: style: struct member 'hull_t::firstclipnode' is never used. [unusedStructMember]
 int   firstclipnode;
       ^
Quake/gl_model.h:234:8: style: struct member 'hull_t::lastclipnode' is never used. [unusedStructMember]
 int   lastclipnode;
       ^
Quake/gl_model.h:251:10: style: struct member 'mspriteframe_s::width' is never used. [unusedStructMember]
 int     width, height;
         ^
Quake/gl_model.h:251:17: style: struct member 'mspriteframe_s::height' is never used. [unusedStructMember]
 int     width, height;
                ^
Quake/gl_model.h:252:11: style: struct member 'mspriteframe_s::up' is never used. [unusedStructMember]
 float    up, down, left, right;
          ^
Quake/gl_model.h:252:15: style: struct member 'mspriteframe_s::down' is never used. [unusedStructMember]
 float    up, down, left, right;
              ^
Quake/gl_model.h:252:21: style: struct member 'mspriteframe_s::left' is never used. [unusedStructMember]
 float    up, down, left, right;
                    ^
Quake/gl_model.h:252:27: style: struct member 'mspriteframe_s::right' is never used. [unusedStructMember]
 float    up, down, left, right;
                          ^
Quake/gl_model.h:253:11: style: struct member 'mspriteframe_s::smax' is never used. [unusedStructMember]
 float    smax, tmax; //johnfitz -- image might be padded
          ^
Quake/gl_model.h:253:17: style: struct member 'mspriteframe_s::tmax' is never used. [unusedStructMember]
 float    smax, tmax; //johnfitz -- image might be padded
                ^
Quake/gl_model.h:254:22: style: struct member 'mspriteframe_s::gltexture' is never used. [unusedStructMember]
 struct gltexture_s *gltexture;
                     ^
Quake/gl_model.h:259:9: style: struct member 'mspritegroup_t::numframes' is never used. [unusedStructMember]
 int    numframes;
        ^
Quake/gl_model.h:260:11: style: struct member 'mspritegroup_t::intervals' is never used. [unusedStructMember]
 float   *intervals;
          ^
Quake/gl_model.h:261:18: style: struct member 'mspritegroup_t::frames' is never used. [unusedStructMember]
 mspriteframe_t *frames[1];
                 ^
Quake/gl_model.h:266:20: style: struct member 'mspriteframedesc_t::type' is never used. [unusedStructMember]
 spriteframetype_t type;
                   ^
Quake/gl_model.h:267:19: style: struct member 'mspriteframedesc_t::frameptr' is never used. [unusedStructMember]
 mspriteframe_t  *frameptr;
                  ^
Quake/gl_model.h:272:10: style: struct member 'msprite_t::type' is never used. [unusedStructMember]
 int     type;
         ^
Quake/gl_model.h:273:10: style: struct member 'msprite_t::maxwidth' is never used. [unusedStructMember]
 int     maxwidth;
         ^
Quake/gl_model.h:274:10: style: struct member 'msprite_t::maxheight' is never used. [unusedStructMember]
 int     maxheight;
         ^
Quake/gl_model.h:275:10: style: struct member 'msprite_t::numframes' is never used. [unusedStructMember]
 int     numframes;
         ^
Quake/gl_model.h:276:11: style: struct member 'msprite_t::beamlength' is never used. [unusedStructMember]
 float    beamlength;  // remove?
          ^
Quake/gl_model.h:277:11: style: struct member 'msprite_t::cachespot' is never used. [unusedStructMember]
 void    *cachespot;  // remove?
          ^
Quake/gl_model.h:278:21: style: struct member 'msprite_t::frames' is never used. [unusedStructMember]
 mspriteframedesc_t frames[1];
                    ^
Quake/gl_model.h:295:8: style: struct member 'aliasmesh_s::st' is never used. [unusedStructMember]
 float st[2];
       ^
Quake/gl_model.h:296:17: style: struct member 'aliasmesh_s::vertindex' is never used. [unusedStructMember]
 unsigned short vertindex;
                ^
Quake/gl_model.h:302:14: style: struct member 'meshxyz_s::normal' is never used. [unusedStructMember]
 signed char normal[4];
             ^
Quake/gl_model.h:307:8: style: struct member 'meshst_s::st' is never used. [unusedStructMember]
 float st[2];
       ^
Quake/gl_model.h:313:10: style: struct member 'maliasframedesc_t::firstpose' is never used. [unusedStructMember]
 int     firstpose;
         ^
Quake/gl_model.h:314:10: style: struct member 'maliasframedesc_t::numposes' is never used. [unusedStructMember]
 int     numposes;
         ^
Quake/gl_model.h:315:11: style: struct member 'maliasframedesc_t::interval' is never used. [unusedStructMember]
 float    interval;
          ^
Quake/gl_model.h:318:10: style: struct member 'maliasframedesc_t::frame' is never used. [unusedStructMember]
 int     frame;
         ^
Quake/gl_model.h:319:10: style: struct member 'maliasframedesc_t::name' is never used. [unusedStructMember]
 char    name[16];
         ^
Quake/gl_model.h:326:10: style: struct member 'maliasgroupframedesc_t::frame' is never used. [unusedStructMember]
 int     frame;
         ^
Quake/gl_model.h:331:11: style: struct member 'maliasgroup_t::numframes' is never used. [unusedStructMember]
 int      numframes;
          ^
Quake/gl_model.h:332:11: style: struct member 'maliasgroup_t::intervals' is never used. [unusedStructMember]
 int      intervals;
          ^
Quake/gl_model.h:345:8: style: struct member 'aliashdr_t::ident' is never used. [unusedStructMember]
 int   ident;
       ^
Quake/gl_model.h:346:8: style: struct member 'aliashdr_t::version' is never used. [unusedStructMember]
 int   version;
       ^
Quake/gl_model.h:349:9: style: struct member 'aliashdr_t::boundingradius' is never used. [unusedStructMember]
 float  boundingradius;
        ^
Quake/gl_model.h:351:8: style: struct member 'aliashdr_t::numskins' is never used. [unusedStructMember]
 int   numskins;
       ^
Quake/gl_model.h:352:8: style: struct member 'aliashdr_t::skinwidth' is never used. [unusedStructMember]
 int   skinwidth;
       ^
Quake/gl_model.h:353:8: style: struct member 'aliashdr_t::skinheight' is never used. [unusedStructMember]
 int   skinheight;
       ^
Quake/gl_model.h:354:8: style: struct member 'aliashdr_t::numverts' is never used. [unusedStructMember]
 int   numverts;
       ^
Quake/gl_model.h:355:8: style: struct member 'aliashdr_t::numtris' is never used. [unusedStructMember]
 int   numtris;
       ^
Quake/gl_model.h:356:8: style: struct member 'aliashdr_t::numframes' is never used. [unusedStructMember]
 int   numframes;
       ^
Quake/gl_model.h:357:13: style: struct member 'aliashdr_t::synctype' is never used. [unusedStructMember]
 synctype_t synctype;
            ^
Quake/gl_model.h:358:8: style: struct member 'aliashdr_t::flags' is never used. [unusedStructMember]
 int   flags;
       ^
Quake/gl_model.h:359:9: style: struct member 'aliashdr_t::size' is never used. [unusedStructMember]
 float  size;
        ^
Quake/gl_model.h:362:8: style: struct member 'aliashdr_t::numverts_vbo' is never used. [unusedStructMember]
 int   numverts_vbo;   // number of verts with unique x,y,z,s,t
       ^
Quake/gl_model.h:363:12: style: struct member 'aliashdr_t::meshdesc' is never used. [unusedStructMember]
 intptr_t  meshdesc;       // offset into extradata: numverts_vbo aliasmesh_t
           ^
Quake/gl_model.h:364:8: style: struct member 'aliashdr_t::numindexes' is never used. [unusedStructMember]
 int   numindexes;
       ^
Quake/gl_model.h:365:12: style: struct member 'aliashdr_t::indexes' is never used. [unusedStructMember]
 intptr_t  indexes;        // offset into extradata: numindexes unsigned shorts
           ^
Quake/gl_model.h:366:12: style: struct member 'aliashdr_t::vertexes' is never used. [unusedStructMember]
 intptr_t  vertexes;       // offset into extradata: numposes*vertsperframe trivertx_t
           ^
Quake/gl_model.h:375:12: style: struct member 'aliashdr_t::meshst' is never used. [unusedStructMember]
 intptr_t  meshst;
           ^
Quake/gl_model.h:377:10: style: struct member 'aliashdr_t::numposes' is never used. [unusedStructMember]
 int     numposes;
         ^
Quake/gl_model.h:378:10: style: struct member 'aliashdr_t::poseverts' is never used. [unusedStructMember]
 int     poseverts;
         ^
Quake/gl_model.h:379:10: style: struct member 'aliashdr_t::posedata' is never used. [unusedStructMember]
 int     posedata; // numposes*poseverts trivert_t
         ^
Quake/gl_model.h:380:10: style: struct member 'aliashdr_t::commands' is never used. [unusedStructMember]
 int     commands; // gl command list with embedded s/t
         ^
Quake/gl_model.h:383:10: style: struct member 'aliashdr_t::texels' is never used. [unusedStructMember]
 int     texels[MAX_SKINS]; // only for player skins
         ^
Quake/gl_model.h:421:8: style: struct member 'qmodel_s::name' is never used. [unusedStructMember]
 char  name[MAX_QPATH];
       ^
Quake/gl_model.h:422:15: style: struct member 'qmodel_s::path_id' is never used. [unusedStructMember]
 unsigned int path_id;  // path id of the game directory
              ^
Quake/gl_model.h:426:12: style: struct member 'qmodel_s::type' is never used. [unusedStructMember]
 modtype_t type;
           ^
Quake/gl_model.h:427:8: style: struct member 'qmodel_s::numframes' is never used. [unusedStructMember]
 int   numframes;
       ^
Quake/gl_model.h:428:13: style: struct member 'qmodel_s::synctype' is never used. [unusedStructMember]
 synctype_t synctype;
            ^
Quake/gl_model.h:430:8: style: struct member 'qmodel_s::flags' is never used. [unusedStructMember]
 int   flags;
       ^
Quake/gl_model.h:449:8: style: struct member 'qmodel_s::firstmodelsurface' is never used. [unusedStructMember]
 int   firstmodelsurface, nummodelsurfaces;
       ^
Quake/gl_model.h:449:27: style: struct member 'qmodel_s::nummodelsurfaces' is never used. [unusedStructMember]
 int   firstmodelsurface, nummodelsurfaces;
                          ^
Quake/gl_model.h:451:8: style: struct member 'qmodel_s::numsubmodels' is never used. [unusedStructMember]
 int   numsubmodels;
       ^
Quake/gl_model.h:452:12: style: struct member 'qmodel_s::submodels' is never used. [unusedStructMember]
 dmodel_t *submodels;
           ^
Quake/gl_model.h:454:8: style: struct member 'qmodel_s::numplanes' is never used. [unusedStructMember]
 int   numplanes;
       ^
Quake/gl_model.h:455:12: style: struct member 'qmodel_s::planes' is never used. [unusedStructMember]
 mplane_t *planes;
           ^
Quake/gl_model.h:457:8: style: struct member 'qmodel_s::numleafs' is never used. [unusedStructMember]
 int   numleafs;  // number of visible leafs, not counting 0
       ^
Quake/gl_model.h:458:12: style: struct member 'qmodel_s::leafs' is never used. [unusedStructMember]
 mleaf_t  *leafs;
           ^
Quake/gl_model.h:460:8: style: struct member 'qmodel_s::numvertexes' is never used. [unusedStructMember]
 int   numvertexes;
       ^
Quake/gl_model.h:461:13: style: struct member 'qmodel_s::vertexes' is never used. [unusedStructMember]
 mvertex_t *vertexes;
            ^
Quake/gl_model.h:463:8: style: struct member 'qmodel_s::numedges' is never used. [unusedStructMember]
 int   numedges;
       ^
Quake/gl_model.h:464:12: style: struct member 'qmodel_s::edges' is never used. [unusedStructMember]
 medge_t  *edges;
           ^
Quake/gl_model.h:466:8: style: struct member 'qmodel_s::numnodes' is never used. [unusedStructMember]
 int   numnodes;
       ^
Quake/gl_model.h:467:12: style: struct member 'qmodel_s::nodes' is never used. [unusedStructMember]
 mnode_t  *nodes;
           ^
Quake/gl_model.h:469:8: style: struct member 'qmodel_s::numtexinfo' is never used. [unusedStructMember]
 int   numtexinfo;
       ^
Quake/gl_model.h:470:14: style: struct member 'qmodel_s::texinfo' is never used. [unusedStructMember]
 mtexinfo_t *texinfo;
             ^
Quake/gl_model.h:472:8: style: struct member 'qmodel_s::numsurfaces' is never used. [unusedStructMember]
 int   numsurfaces;
       ^
Quake/gl_model.h:473:14: style: struct member 'qmodel_s::surfaces' is never used. [unusedStructMember]
 msurface_t *surfaces;
             ^
Quake/gl_model.h:475:8: style: struct member 'qmodel_s::numsurfedges' is never used. [unusedStructMember]
 int   numsurfedges;
       ^
Quake/gl_model.h:476:9: style: struct member 'qmodel_s::surfedges' is never used. [unusedStructMember]
 int   *surfedges;
        ^
Quake/gl_model.h:478:8: style: struct member 'qmodel_s::numclipnodes' is never used. [unusedStructMember]
 int   numclipnodes;
       ^
Quake/gl_model.h:479:15: style: struct member 'qmodel_s::clipnodes' is never used. [unusedStructMember]
 mclipnode_t *clipnodes; //johnfitz -- was dclipnode_t
              ^
Quake/gl_model.h:481:8: style: struct member 'qmodel_s::nummarksurfaces' is never used. [unusedStructMember]
 int   nummarksurfaces;
       ^
Quake/gl_model.h:482:15: style: struct member 'qmodel_s::marksurfaces' is never used. [unusedStructMember]
 msurface_t **marksurfaces;
              ^
Quake/gl_model.h:486:8: style: struct member 'qmodel_s::numtextures' is never used. [unusedStructMember]
 int   numtextures;
       ^
Quake/gl_model.h:487:14: style: struct member 'qmodel_s::textures' is never used. [unusedStructMember]
 texture_t **textures;
             ^
Quake/gl_model.h:489:9: style: struct member 'qmodel_s::visdata' is never used. [unusedStructMember]
 byte  *visdata;
        ^
Quake/gl_model.h:490:9: style: struct member 'qmodel_s::lightdata' is never used. [unusedStructMember]
 byte  *lightdata;
        ^
Quake/gl_model.h:491:9: style: struct member 'qmodel_s::entities' is never used. [unusedStructMember]
 char  *entities;
        ^
Quake/gl_model.h:495:8: style: struct member 'qmodel_s::bspversion' is never used. [unusedStructMember]
 int   bspversion;
       ^
Quake/gl_model.h:503:8: style: struct member 'qmodel_s::vboindexofs' is never used. [unusedStructMember]
 int   vboindexofs;    // offset in vbo of the hdr->numindexes unsigned shorts
       ^
Quake/gl_model.h:504:8: style: struct member 'qmodel_s::vboxyzofs' is never used. [unusedStructMember]
 int   vboxyzofs;      // offset in vbo of hdr->numposes*hdr->numverts_vbo meshxyz_t
       ^
Quake/gl_model.h:505:8: style: struct member 'qmodel_s::vbostofs' is never used. [unusedStructMember]
 int   vbostofs;       // offset in vbo of hdr->numverts_vbo meshst_t
       ^
Quake/glquake.h:57:22: style: struct member 'surfcache_s::next' is never used. [unusedStructMember]
 struct surfcache_s *next;
                     ^
Quake/glquake.h:58:24: style: struct member 'surfcache_s::owner' is never used. [unusedStructMember]
 struct surfcache_s  **owner;  // NULL is an empty chunk of memory
                       ^
Quake/glquake.h:59:8: style: struct member 'surfcache_s::lightadj' is never used. [unusedStructMember]
 int   lightadj[MAXLIGHTMAPS]; // checked for strobe flush
       ^
Quake/glquake.h:60:8: style: struct member 'surfcache_s::dlight' is never used. [unusedStructMember]
 int   dlight;
       ^
Quake/glquake.h:61:8: style: struct member 'surfcache_s::size' is never used. [unusedStructMember]
 int   size;  // including header
       ^
Quake/glquake.h:62:12: style: struct member 'surfcache_s::width' is never used. [unusedStructMember]
 unsigned  width;
           ^
Quake/glquake.h:63:12: style: struct member 'surfcache_s::height' is never used. [unusedStructMember]
 unsigned  height;  // DEBUG only needed for debug
           ^
Quake/glquake.h:64:10: style: struct member 'surfcache_s::mipscale' is never used. [unusedStructMember]
 float   mipscale;
         ^
Quake/glquake.h:65:20: style: struct member 'surfcache_s::texture' is never used. [unusedStructMember]
 struct texture_s *texture; // checked for animating textures
                   ^
Quake/glquake.h:72:12: style: struct member 'drawsurf_t::surfdat' is never used. [unusedStructMember]
 pixel_t  *surfdat; // destination for generated surface
           ^
Quake/glquake.h:73:7: style: struct member 'drawsurf_t::rowbytes' is never used. [unusedStructMember]
 int  rowbytes; // destination logical width in bytes
      ^
Quake/glquake.h:74:14: style: struct member 'drawsurf_t::surf' is never used. [unusedStructMember]
 msurface_t *surf;  // description for surface to generate
             ^
Quake/glquake.h:77:13: style: struct member 'drawsurf_t::texture' is never used. [unusedStructMember]
 texture_t *texture; // corrected for animating textures
            ^
Quake/glquake.h:78:7: style: struct member 'drawsurf_t::surfmip' is never used. [unusedStructMember]
 int  surfmip; // mipmapped ratio of surface texels / world pixels
      ^
Quake/glquake.h:79:7: style: struct member 'drawsurf_t::surfwidth' is never used. [unusedStructMember]
 int  surfwidth; // in mipmapped texels
      ^
Quake/glquake.h:80:7: style: struct member 'drawsurf_t::surfheight' is never used. [unusedStructMember]
 int  surfheight; // in mipmapped texels
      ^
Quake/glquake.h:93:9: style: struct member 'particle_s::color' is never used. [unusedStructMember]
 float  color;
        ^
Quake/glquake.h:95:21: style: struct member 'particle_s::next' is never used. [unusedStructMember]
 struct particle_s *next;
                    ^
Quake/glquake.h:97:9: style: struct member 'particle_s::ramp' is never used. [unusedStructMember]
 float  ramp;
        ^
Quake/glquake.h:98:9: style: struct member 'particle_s::die' is never used. [unusedStructMember]
 float  die;
        ^
Quake/glquake.h:99:11: style: struct member 'particle_s::type' is never used. [unusedStructMember]
 ptype_t  type;
          ^
Quake/glquake.h:376:17: style: struct member 'glRect_s::l' is never used. [unusedStructMember]
 unsigned short l,t,w,h;
                ^
Quake/glquake.h:376:19: style: struct member 'glRect_s::t' is never used. [unusedStructMember]
 unsigned short l,t,w,h;
                  ^
Quake/glquake.h:376:21: style: struct member 'glRect_s::w' is never used. [unusedStructMember]
 unsigned short l,t,w,h;
                    ^
Quake/glquake.h:376:23: style: struct member 'glRect_s::h' is never used. [unusedStructMember]
 unsigned short l,t,w,h;
                      ^
Quake/glquake.h:380:15: style: struct member 'lightmap_s::texture' is never used. [unusedStructMember]
 gltexture_t *texture;
              ^
Quake/glquake.h:381:12: style: struct member 'lightmap_s::polys' is never used. [unusedStructMember]
 glpoly_t *polys;
           ^
Quake/glquake.h:383:11: style: struct member 'lightmap_s::rectchange' is never used. [unusedStructMember]
 glRect_t rectchange;
          ^
Quake/glquake.h:387:9: style: struct member 'lightmap_s::data' is never used. [unusedStructMember]
 byte  *data;//[4*LMBLOCK_WIDTH*LMBLOCK_HEIGHT];
        ^
Quake/glquake.h:397:14: style: struct member 'glsl_attrib_binding_s::name' is never used. [unusedStructMember]
 const char *name;
             ^
Quake/gl_texmgr.h:49:22: style: struct member 'gltexture_s::next' is never used. [unusedStructMember]
 struct gltexture_s *next;
                     ^
Quake/gl_texmgr.h:50:13: style: struct member 'gltexture_s::owner' is never used. [unusedStructMember]
 qmodel_t  *owner;
            ^
Quake/gl_texmgr.h:52:9: style: struct member 'gltexture_s::name' is never used. [unusedStructMember]
 char   name[64];
        ^
Quake/gl_texmgr.h:53:16: style: struct member 'gltexture_s::width' is never used. [unusedStructMember]
 unsigned int  width; //size of image as it exists in opengl
               ^
Quake/gl_texmgr.h:54:16: style: struct member 'gltexture_s::height' is never used. [unusedStructMember]
 unsigned int  height; //size of image as it exists in opengl
               ^
Quake/gl_texmgr.h:55:16: style: struct member 'gltexture_s::flags' is never used. [unusedStructMember]
 unsigned int  flags;
               ^
Quake/gl_texmgr.h:56:9: style: struct member 'gltexture_s::source_file' is never used. [unusedStructMember]
 char   source_file[MAX_QPATH]; //relative filepath to data source, or "" if source is in memory
        ^
Quake/gl_texmgr.h:57:16: style: struct member 'gltexture_s::source_offset' is never used. [unusedStructMember]
 src_offset_t  source_offset; //byte offset into file, or memory address
               ^
Quake/gl_texmgr.h:58:18: style: struct member 'gltexture_s::source_format' is never used. [unusedStructMember]
 enum srcformat  source_format; //format of pixel data (indexed, lightmap, or rgba)
                 ^
Quake/gl_texmgr.h:59:16: style: struct member 'gltexture_s::source_width' is never used. [unusedStructMember]
 unsigned int  source_width; //size of image in source data
               ^
Quake/gl_texmgr.h:60:16: style: struct member 'gltexture_s::source_height' is never used. [unusedStructMember]
 unsigned int  source_height; //size of image in source data
               ^
Quake/gl_texmgr.h:61:18: style: struct member 'gltexture_s::source_crc' is never used. [unusedStructMember]
 unsigned short  source_crc; //generated by source data before modifications
                 ^
Quake/gl_texmgr.h:62:16: style: struct member 'gltexture_s::shirt' is never used. [unusedStructMember]
 signed char   shirt; //0-13 shirt color, or -1 if never colormapped
               ^
Quake/gl_texmgr.h:63:16: style: struct member 'gltexture_s::pants' is never used. [unusedStructMember]
 signed char   pants; //0-13 pants color, or -1 if never colormapped
               ^
Quake/gl_texmgr.h:65:8: style: struct member 'gltexture_s::visframe' is never used. [unusedStructMember]
 int   visframe; //matches r_framecount if texture was bound this frame
       ^
Quake/gl_warp_sin.h:83:43: error: syntax error [syntaxError]
 -0.784137, -0.588517, -0.392541, -0.19633,
                                          ^
Quake/lodepng.h:383:20: style: struct member 'LodePNGColorMode::colortype' is never used. [unusedStructMember]
  LodePNGColorType colortype; /*color type, see PNG standard or documentation further in this header file*/
                   ^
Quake/lodepng.h:384:12: style: struct member 'LodePNGColorMode::bitdepth' is never used. [unusedStructMember]
  unsigned bitdepth;  /*bits per sample, see PNG standard or documentation further in this header file*/
           ^
Quake/lodepng.h:403:18: style: struct member 'LodePNGColorMode::palette' is never used. [unusedStructMember]
  unsigned char* palette; /*palette in RGBARGBA... order. Must be either 0, or when allocated must have 1024 bytes*/
                 ^
Quake/lodepng.h:404:10: style: struct member 'LodePNGColorMode::palettesize' is never used. [unusedStructMember]
  size_t palettesize; /*palette size in number of colors (amount of used bytes is 4 * palettesize)*/
         ^
Quake/lodepng.h:417:12: style: struct member 'LodePNGColorMode::key_defined' is never used. [unusedStructMember]
  unsigned key_defined; /*is a transparent color key given? 0 = false, 1 = true*/
           ^
Quake/lodepng.h:418:12: style: struct member 'LodePNGColorMode::key_r' is never used. [unusedStructMember]
  unsigned key_r;       /*red/grayscale component of color key*/
           ^
Quake/lodepng.h:419:12: style: struct member 'LodePNGColorMode::key_g' is never used. [unusedStructMember]
  unsigned key_g;       /*green component of color key*/
           ^
Quake/lodepng.h:420:12: style: struct member 'LodePNGColorMode::key_b' is never used. [unusedStructMember]
  unsigned key_b;       /*blue component of color key*/
           ^
Quake/lodepng.h:464:12: style: struct member 'LodePNGTime::year' is never used. [unusedStructMember]
  unsigned year;    /*2 bytes used (0-65535)*/
           ^
Quake/lodepng.h:465:12: style: struct member 'LodePNGTime::month' is never used. [unusedStructMember]
  unsigned month;   /*1-12*/
           ^
Quake/lodepng.h:466:12: style: struct member 'LodePNGTime::day' is never used. [unusedStructMember]
  unsigned day;     /*1-31*/
           ^
Quake/lodepng.h:467:12: style: struct member 'LodePNGTime::hour' is never used. [unusedStructMember]
  unsigned hour;    /*0-23*/
           ^
Quake/lodepng.h:468:12: style: struct member 'LodePNGTime::minute' is never used. [unusedStructMember]
  unsigned minute;  /*0-59*/
           ^
Quake/lodepng.h:469:12: style: struct member 'LodePNGTime::second' is never used. [unusedStructMember]
  unsigned second;  /*0-60 (to allow for leap seconds)*/
           ^
Quake/lodepng.h:476:12: style: struct member 'LodePNGInfo::compression_method' is never used. [unusedStructMember]
  unsigned compression_method;/*compression method of the original file. Always 0.*/
           ^
Quake/lodepng.h:477:12: style: struct member 'LodePNGInfo::filter_method' is never used. [unusedStructMember]
  unsigned filter_method;     /*filter method of the original file*/
           ^
Quake/lodepng.h:478:12: style: struct member 'LodePNGInfo::interlace_method' is never used. [unusedStructMember]
  unsigned interlace_method;  /*interlace method of the original file: 0=none, 1=Adam7*/
           ^
Quake/lodepng.h:479:20: style: struct member 'LodePNGInfo::color' is never used. [unusedStructMember]
  LodePNGColorMode color;     /*color type and bits, palette and transparency of the PNG file*/
                   ^
Quake/lodepng.h:507:12: style: struct member 'LodePNGInfo::background_defined' is never used. [unusedStructMember]
  unsigned background_defined; /*is a suggested background color given?*/
           ^
Quake/lodepng.h:508:12: style: struct member 'LodePNGInfo::background_r' is never used. [unusedStructMember]
  unsigned background_r;       /*red/gray/palette component of suggested background color*/
           ^
Quake/lodepng.h:509:12: style: struct member 'LodePNGInfo::background_g' is never used. [unusedStructMember]
  unsigned background_g;       /*green component of suggested background color*/
           ^
Quake/lodepng.h:510:12: style: struct member 'LodePNGInfo::background_b' is never used. [unusedStructMember]
  unsigned background_b;       /*blue component of suggested background color*/
           ^
Quake/lodepng.h:532:10: style: struct member 'LodePNGInfo::text_num' is never used. [unusedStructMember]
  size_t text_num; /*the amount of texts in these char** buffers (there may be more texts in itext)*/
         ^
Quake/lodepng.h:533:10: style: struct member 'LodePNGInfo::text_keys' is never used. [unusedStructMember]
  char** text_keys; /*the keyword of a text chunk (e.g. "Comment")*/
         ^
Quake/lodepng.h:534:10: style: struct member 'LodePNGInfo::text_strings' is never used. [unusedStructMember]
  char** text_strings; /*the actual text*/
         ^
Quake/lodepng.h:544:10: style: struct member 'LodePNGInfo::itext_num' is never used. [unusedStructMember]
  size_t itext_num; /*the amount of international texts in this PNG*/
         ^
Quake/lodepng.h:545:10: style: struct member 'LodePNGInfo::itext_keys' is never used. [unusedStructMember]
  char** itext_keys; /*the English keyword of the text chunk (e.g. "Comment")*/
         ^
Quake/lodepng.h:546:10: style: struct member 'LodePNGInfo::itext_langtags' is never used. [unusedStructMember]
  char** itext_langtags; /*language tag for this text's language, ISO/IEC 646 string, e.g. ISO 639 language tag*/
         ^
Quake/lodepng.h:547:10: style: struct member 'LodePNGInfo::itext_transkeys' is never used. [unusedStructMember]
  char** itext_transkeys; /*keyword translated to the international language - UTF-8 string*/
         ^
Quake/lodepng.h:548:10: style: struct member 'LodePNGInfo::itext_strings' is never used. [unusedStructMember]
  char** itext_strings; /*the actual international text - UTF-8 string*/
         ^
Quake/lodepng.h:551:12: style: struct member 'LodePNGInfo::time_defined' is never used. [unusedStructMember]
  unsigned time_defined; /*set to 1 to make the encoder generate a tIME chunk*/
           ^
Quake/lodepng.h:552:15: style: struct member 'LodePNGInfo::time' is never used. [unusedStructMember]
  LodePNGTime time;
              ^
Quake/lodepng.h:555:12: style: struct member 'LodePNGInfo::phys_defined' is never used. [unusedStructMember]
  unsigned phys_defined; /*if 0, there is no pHYs chunk and the values below are undefined, if 1 else there is one*/
           ^
Quake/lodepng.h:556:12: style: struct member 'LodePNGInfo::phys_x' is never used. [unusedStructMember]
  unsigned phys_x; /*pixels per unit in x direction*/
           ^
Quake/lodepng.h:557:12: style: struct member 'LodePNGInfo::phys_y' is never used. [unusedStructMember]
  unsigned phys_y; /*pixels per unit in y direction*/
           ^
Quake/lodepng.h:558:12: style: struct member 'LodePNGInfo::phys_unit' is never used. [unusedStructMember]
  unsigned phys_unit; /*may be 0 (unknown unit) or 1 (metre)*/
           ^
Quake/lodepng.h:571:12: style: struct member 'LodePNGInfo::gama_defined' is never used. [unusedStructMember]
  unsigned gama_defined; /* Whether a gAMA chunk is present (0 = not present, 1 = present). */
           ^
Quake/lodepng.h:572:12: style: struct member 'LodePNGInfo::gama_gamma' is never used. [unusedStructMember]
  unsigned gama_gamma;   /* Gamma exponent times 100000 */
           ^
Quake/lodepng.h:575:12: style: struct member 'LodePNGInfo::chrm_defined' is never used. [unusedStructMember]
  unsigned chrm_defined; /* Whether a cHRM chunk is present (0 = not present, 1 = present). */
           ^
Quake/lodepng.h:576:12: style: struct member 'LodePNGInfo::chrm_white_x' is never used. [unusedStructMember]
  unsigned chrm_white_x; /* White Point x times 100000 */
           ^
Quake/lodepng.h:577:12: style: struct member 'LodePNGInfo::chrm_white_y' is never used. [unusedStructMember]
  unsigned chrm_white_y; /* White Point y times 100000 */
           ^
Quake/lodepng.h:578:12: style: struct member 'LodePNGInfo::chrm_red_x' is never used. [unusedStructMember]
  unsigned chrm_red_x;   /* Red x times 100000 */
           ^
Quake/lodepng.h:579:12: style: struct member 'LodePNGInfo::chrm_red_y' is never used. [unusedStructMember]
  unsigned chrm_red_y;   /* Red y times 100000 */
           ^
Quake/lodepng.h:580:12: style: struct member 'LodePNGInfo::chrm_green_x' is never used. [unusedStructMember]
  unsigned chrm_green_x; /* Green x times 100000 */
           ^
Quake/lodepng.h:581:12: style: struct member 'LodePNGInfo::chrm_green_y' is never used. [unusedStructMember]
  unsigned chrm_green_y; /* Green y times 100000 */
           ^
Quake/lodepng.h:582:12: style: struct member 'LodePNGInfo::chrm_blue_x' is never used. [unusedStructMember]
  unsigned chrm_blue_x;  /* Blue x times 100000 */
           ^
Quake/lodepng.h:583:12: style: struct member 'LodePNGInfo::chrm_blue_y' is never used. [unusedStructMember]
  unsigned chrm_blue_y;  /* Blue y times 100000 */
           ^
Quake/lodepng.h:590:12: style: struct member 'LodePNGInfo::srgb_defined' is never used. [unusedStructMember]
  unsigned srgb_defined; /* Whether an sRGB chunk is present (0 = not present, 1 = present). */
           ^
Quake/lodepng.h:591:12: style: struct member 'LodePNGInfo::srgb_intent' is never used. [unusedStructMember]
  unsigned srgb_intent;  /* Rendering intent: 0=perceptual, 1=rel. colorimetric, 2=saturation, 3=abs. colorimetric */
           ^
Quake/lodepng.h:614:12: style: struct member 'LodePNGInfo::iccp_defined' is never used. [unusedStructMember]
  unsigned iccp_defined;      /* Whether an iCCP chunk is present (0 = not present, 1 = present). */
           ^
Quake/lodepng.h:615:9: style: struct member 'LodePNGInfo::iccp_name' is never used. [unusedStructMember]
  char* iccp_name;            /* Null terminated string with profile name, 1-79 bytes */
        ^
Quake/lodepng.h:621:18: style: struct member 'LodePNGInfo::iccp_profile' is never used. [unusedStructMember]
  unsigned char* iccp_profile;
                 ^
Quake/lodepng.h:622:12: style: struct member 'LodePNGInfo::iccp_profile_size' is never used. [unusedStructMember]
  unsigned iccp_profile_size; /* The size of iccp_profile in bytes */
           ^
Quake/lodepng.h:657:12: style: struct member 'LodePNGInfo::sbit_defined' is never used. [unusedStructMember]
  unsigned sbit_defined; /*is significant bits given? if not, the values below are unused*/
           ^
Quake/lodepng.h:658:12: style: struct member 'LodePNGInfo::sbit_r' is never used. [unusedStructMember]
  unsigned sbit_r;       /*red or gray component of significant bits*/
           ^
Quake/lodepng.h:659:12: style: struct member 'LodePNGInfo::sbit_g' is never used. [unusedStructMember]
  unsigned sbit_g;       /*green component of significant bits*/
           ^
Quake/lodepng.h:660:12: style: struct member 'LodePNGInfo::sbit_b' is never used. [unusedStructMember]
  unsigned sbit_b;       /*blue component of significant bits*/
           ^
Quake/lodepng.h:661:12: style: struct member 'LodePNGInfo::sbit_a' is never used. [unusedStructMember]
  unsigned sbit_a;       /*alpha component of significant bits*/
           ^
Quake/lodepng.h:683:18: style: struct member 'LodePNGInfo::unknown_chunks_data' is never used. [unusedStructMember]
  unsigned char* unknown_chunks_data[3];
                 ^
Quake/lodepng.h:684:10: style: struct member 'LodePNGInfo::unknown_chunks_size' is never used. [unusedStructMember]
  size_t unknown_chunks_size[3]; /*size in bytes of the unknown chunks, given for protection*/
         ^
Quake/lodepng.h:728:29: style: struct member 'LodePNGDecoderSettings::zlibsettings' is never used. [unusedStructMember]
  LodePNGDecompressSettings zlibsettings; /*in here is the setting to ignore Adler32 checksums*/
                            ^
Quake/lodepng.h:731:12: style: struct member 'LodePNGDecoderSettings::ignore_crc' is never used. [unusedStructMember]
  unsigned ignore_crc; /*ignore CRC checksums*/
           ^
Quake/lodepng.h:732:12: style: struct member 'LodePNGDecoderSettings::ignore_critical' is never used. [unusedStructMember]
  unsigned ignore_critical; /*ignore unknown critical chunks*/
           ^
Quake/lodepng.h:733:12: style: struct member 'LodePNGDecoderSettings::ignore_end' is never used. [unusedStructMember]
  unsigned ignore_end; /*ignore issues at end of file if possible (missing IEND chunk, too large chunk, ...)*/
           ^
Quake/lodepng.h:739:12: style: struct member 'LodePNGDecoderSettings::color_convert' is never used. [unusedStructMember]
  unsigned color_convert; /*whether to convert the PNG to the color type you want. Default: yes*/
           ^
Quake/lodepng.h:742:12: style: struct member 'LodePNGDecoderSettings::read_text_chunks' is never used. [unusedStructMember]
  unsigned read_text_chunks; /*if false but remember_unknown_chunks is true, they're stored in the unknown chunks*/
           ^
Quake/lodepng.h:745:12: style: struct member 'LodePNGDecoderSettings::remember_unknown_chunks' is never used. [unusedStructMember]
  unsigned remember_unknown_chunks;
           ^
Quake/lodepng.h:750:10: style: struct member 'LodePNGDecoderSettings::max_text_size' is never used. [unusedStructMember]
  size_t max_text_size;
         ^
Quake/lodepng.h:755:10: style: struct member 'LodePNGDecoderSettings::max_icc_size' is never used. [unusedStructMember]
  size_t max_icc_size;
         ^
Quake/lodepng.h:790:12: style: struct member 'LodePNGColorStats::colored' is never used. [unusedStructMember]
  unsigned colored; /*not grayscale*/
           ^
Quake/lodepng.h:791:12: style: struct member 'LodePNGColorStats::key' is never used. [unusedStructMember]
  unsigned key; /*image is not opaque and color key is possible instead of full alpha*/
           ^
Quake/lodepng.h:792:18: style: struct member 'LodePNGColorStats::key_r' is never used. [unusedStructMember]
  unsigned short key_r; /*key values, always as 16-bit, in 8-bit case the byte is duplicated, e.g. 65535 means 255*/
                 ^
Quake/lodepng.h:793:18: style: struct member 'LodePNGColorStats::key_g' is never used. [unusedStructMember]
  unsigned short key_g;
                 ^
Quake/lodepng.h:794:18: style: struct member 'LodePNGColorStats::key_b' is never used. [unusedStructMember]
  unsigned short key_b;
                 ^
Quake/lodepng.h:795:12: style: struct member 'LodePNGColorStats::alpha' is never used. [unusedStructMember]
  unsigned alpha; /*image is not opaque and alpha channel or alpha palette required*/
           ^
Quake/lodepng.h:796:12: style: struct member 'LodePNGColorStats::numcolors' is never used. [unusedStructMember]
  unsigned numcolors; /*amount of colors, up to 257. Not valid if bits == 16 or allow_palette is disabled.*/
           ^
Quake/lodepng.h:797:17: style: struct member 'LodePNGColorStats::palette' is never used. [unusedStructMember]
  unsigned char palette[1024]; /*Remembers up to the first 256 RGBA colors, in no particular order, only valid when numcolors is valid*/
                ^
Quake/lodepng.h:798:12: style: struct member 'LodePNGColorStats::bits' is never used. [unusedStructMember]
  unsigned bits; /*bits per channel (not for palette). 1,2 or 4 for grayscale only. 16 if 16-bit per channel required.*/
           ^
Quake/lodepng.h:799:10: style: struct member 'LodePNGColorStats::numpixels' is never used. [unusedStructMember]
  size_t numpixels;
         ^
Quake/lodepng.h:802:12: style: struct member 'LodePNGColorStats::allow_palette' is never used. [unusedStructMember]
  unsigned allow_palette; /*default 1. if 0, disallow choosing palette colortype in auto_choose_color, and don't count numcolors*/
           ^
Quake/lodepng.h:803:12: style: struct member 'LodePNGColorStats::allow_greyscale' is never used. [unusedStructMember]
  unsigned allow_greyscale; /*default 1. if 0, choose RGB or RGBA even if the image only has gray colors*/
           ^
Quake/lodepng.h:816:27: style: struct member 'LodePNGEncoderSettings::zlibsettings' is never used. [unusedStructMember]
  LodePNGCompressSettings zlibsettings; /*settings for the zlib encoder, such as window size, ...*/
                          ^
Quake/lodepng.h:818:12: style: struct member 'LodePNGEncoderSettings::auto_convert' is never used. [unusedStructMember]
  unsigned auto_convert; /*automatically choose output PNG color type. Default: true*/
           ^
Quake/lodepng.h:824:12: style: struct member 'LodePNGEncoderSettings::filter_palette_zero' is never used. [unusedStructMember]
  unsigned filter_palette_zero;
           ^
Quake/lodepng.h:827:25: style: struct member 'LodePNGEncoderSettings::filter_strategy' is never used. [unusedStructMember]
  LodePNGFilterStrategy filter_strategy;
                        ^
Quake/lodepng.h:832:24: style: struct member 'LodePNGEncoderSettings::predefined_filters' is never used. [unusedStructMember]
  const unsigned char* predefined_filters;
                       ^
Quake/lodepng.h:840:12: style: struct member 'LodePNGEncoderSettings::force_palette' is never used. [unusedStructMember]
  unsigned force_palette;
           ^
Quake/lodepng.h:843:12: style: struct member 'LodePNGEncoderSettings::add_id' is never used. [unusedStructMember]
  unsigned add_id;
           ^
Quake/lodepng.h:845:12: style: struct member 'LodePNGEncoderSettings::text_compression' is never used. [unusedStructMember]
  unsigned text_compression;
           ^
Quake/lodepng.h:857:26: style: struct member 'LodePNGState::decoder' is never used. [unusedStructMember]
  LodePNGDecoderSettings decoder; /*the decoding settings*/
                         ^
Quake/lodepng.h:860:26: style: struct member 'LodePNGState::encoder' is never used. [unusedStructMember]
  LodePNGEncoderSettings encoder; /*the encoding settings*/
                         ^
Quake/lodepng.h:862:20: style: struct member 'LodePNGState::info_raw' is never used. [unusedStructMember]
  LodePNGColorMode info_raw; /*specifies the format in which you would like to get the raw pixel buffer*/
                   ^
Quake/lodepng.h:863:15: style: struct member 'LodePNGState::info_png' is never used. [unusedStructMember]
  LodePNGInfo info_png; /*info of the PNG image obtained after decoding*/
              ^
Quake/lodepng.h:864:12: style: struct member 'LodePNGState::error' is never used. [unusedStructMember]
  unsigned error;
           ^
Quake/miniz.h:459:15: style: struct member 'tinfl_decompressor_tag::m_state' is never used. [unusedStructMember]
    mz_uint32 m_state, m_num_bits, m_zhdr0, m_zhdr1, m_z_adler32, m_final, m_type, m_check_adler32, m_dist, m_counter, m_num_extra, m_table_sizes[TINFL_MAX_HUFF_TABLES];
              ^
Quake/miniz.h:459:24: style: struct member 'tinfl_decompressor_tag::m_num_bits' is never used. [unusedStructMember]
    mz_uint32 m_state, m_num_bits, m_zhdr0, m_zhdr1, m_z_adler32, m_final, m_type, m_check_adler32, m_dist, m_counter, m_num_extra, m_table_sizes[TINFL_MAX_HUFF_TABLES];
                       ^
Quake/miniz.h:459:36: style: struct member 'tinfl_decompressor_tag::m_zhdr0' is never used. [unusedStructMember]
    mz_uint32 m_state, m_num_bits, m_zhdr0, m_zhdr1, m_z_adler32, m_final, m_type, m_check_adler32, m_dist, m_counter, m_num_extra, m_table_sizes[TINFL_MAX_HUFF_TABLES];
                                   ^
Quake/miniz.h:459:45: style: struct member 'tinfl_decompressor_tag::m_zhdr1' is never used. [unusedStructMember]
    mz_uint32 m_state, m_num_bits, m_zhdr0, m_zhdr1, m_z_adler32, m_final, m_type, m_check_adler32, m_dist, m_counter, m_num_extra, m_table_sizes[TINFL_MAX_HUFF_TABLES];
                                            ^
Quake/miniz.h:459:54: style: struct member 'tinfl_decompressor_tag::m_z_adler32' is never used. [unusedStructMember]
    mz_uint32 m_state, m_num_bits, m_zhdr0, m_zhdr1, m_z_adler32, m_final, m_type, m_check_adler32, m_dist, m_counter, m_num_extra, m_table_sizes[TINFL_MAX_HUFF_TABLES];
                                                     ^
Quake/miniz.h:459:67: style: struct member 'tinfl_decompressor_tag::m_final' is never used. [unusedStructMember]
    mz_uint32 m_state, m_num_bits, m_zhdr0, m_zhdr1, m_z_adler32, m_final, m_type, m_check_adler32, m_dist, m_counter, m_num_extra, m_table_sizes[TINFL_MAX_HUFF_TABLES];
                                                                  ^
Quake/miniz.h:459:76: style: struct member 'tinfl_decompressor_tag::m_type' is never used. [unusedStructMember]
    mz_uint32 m_state, m_num_bits, m_zhdr0, m_zhdr1, m_z_adler32, m_final, m_type, m_check_adler32, m_dist, m_counter, m_num_extra, m_table_sizes[TINFL_MAX_HUFF_TABLES];
                                                                           ^
Quake/miniz.h:459:84: style: struct member 'tinfl_decompressor_tag::m_check_adler32' is never used. [unusedStructMember]
    mz_uint32 m_state, m_num_bits, m_zhdr0, m_zhdr1, m_z_adler32, m_final, m_type, m_check_adler32, m_dist, m_counter, m_num_extra, m_table_sizes[TINFL_MAX_HUFF_TABLES];
                                                                                   ^
Quake/miniz.h:459:101: style: struct member 'tinfl_decompressor_tag::m_dist' is never used. [unusedStructMember]
    mz_uint32 m_state, m_num_bits, m_zhdr0, m_zhdr1, m_z_adler32, m_final, m_type, m_check_adler32, m_dist, m_counter, m_num_extra, m_table_sizes[TINFL_MAX_HUFF_TABLES];
                                                                                                    ^
Quake/miniz.h:459:109: style: struct member 'tinfl_decompressor_tag::m_counter' is never used. [unusedStructMember]
    mz_uint32 m_state, m_num_bits, m_zhdr0, m_zhdr1, m_z_adler32, m_final, m_type, m_check_adler32, m_dist, m_counter, m_num_extra, m_table_sizes[TINFL_MAX_HUFF_TABLES];
                                                                                                            ^
Quake/miniz.h:459:120: style: struct member 'tinfl_decompressor_tag::m_num_extra' is never used. [unusedStructMember]
    mz_uint32 m_state, m_num_bits, m_zhdr0, m_zhdr1, m_z_adler32, m_final, m_type, m_check_adler32, m_dist, m_counter, m_num_extra, m_table_sizes[TINFL_MAX_HUFF_TABLES];
                                                                                                                       ^
Quake/miniz.h:459:133: style: struct member 'tinfl_decompressor_tag::m_table_sizes' is never used. [unusedStructMember]
    mz_uint32 m_state, m_num_bits, m_zhdr0, m_zhdr1, m_z_adler32, m_final, m_type, m_check_adler32, m_dist, m_counter, m_num_extra, m_table_sizes[TINFL_MAX_HUFF_TABLES];
                                                                                                                                    ^
Quake/miniz.h:460:21: style: struct member 'tinfl_decompressor_tag::m_bit_buf' is never used. [unusedStructMember]
    tinfl_bit_buf_t m_bit_buf;
                    ^
Quake/miniz.h:461:12: style: struct member 'tinfl_decompressor_tag::m_dist_from_out_buf_start' is never used. [unusedStructMember]
    size_t m_dist_from_out_buf_start;
           ^
Quake/miniz.h:462:14: style: struct member 'tinfl_decompressor_tag::m_look_up' is never used. [unusedStructMember]
    mz_int16 m_look_up[TINFL_MAX_HUFF_TABLES][TINFL_FAST_LOOKUP_SIZE];
             ^
Quake/miniz.h:463:14: style: struct member 'tinfl_decompressor_tag::m_tree_0' is never used. [unusedStructMember]
    mz_int16 m_tree_0[TINFL_MAX_HUFF_SYMBOLS_0 * 2];
             ^
Quake/miniz.h:464:14: style: struct member 'tinfl_decompressor_tag::m_tree_1' is never used. [unusedStructMember]
    mz_int16 m_tree_1[TINFL_MAX_HUFF_SYMBOLS_1 * 2];
             ^
Quake/miniz.h:465:14: style: struct member 'tinfl_decompressor_tag::m_tree_2' is never used. [unusedStructMember]
    mz_int16 m_tree_2[TINFL_MAX_HUFF_SYMBOLS_2 * 2];
             ^
Quake/miniz.h:466:14: style: struct member 'tinfl_decompressor_tag::m_code_size_0' is never used. [unusedStructMember]
    mz_uint8 m_code_size_0[TINFL_MAX_HUFF_SYMBOLS_0];
             ^
Quake/miniz.h:467:14: style: struct member 'tinfl_decompressor_tag::m_code_size_1' is never used. [unusedStructMember]
    mz_uint8 m_code_size_1[TINFL_MAX_HUFF_SYMBOLS_1];
             ^
Quake/miniz.h:468:14: style: struct member 'tinfl_decompressor_tag::m_code_size_2' is never used. [unusedStructMember]
    mz_uint8 m_code_size_2[TINFL_MAX_HUFF_SYMBOLS_2];
             ^
Quake/miniz.h:469:14: style: struct member 'tinfl_decompressor_tag::m_raw_header' is never used. [unusedStructMember]
    mz_uint8 m_raw_header[4], m_len_codes[TINFL_MAX_HUFF_SYMBOLS_0 + TINFL_MAX_HUFF_SYMBOLS_1 + 137];
             ^
Quake/miniz.h:469:31: style: struct member 'tinfl_decompressor_tag::m_len_codes' is never used. [unusedStructMember]
    mz_uint8 m_raw_header[4], m_len_codes[TINFL_MAX_HUFF_SYMBOLS_0 + TINFL_MAX_HUFF_SYMBOLS_1 + 137];
                              ^
Quake/miniz.h:498:15: style: struct member 'mz_zip_archive_file_stat::m_file_index' is never used. [unusedStructMember]
    mz_uint32 m_file_index;
              ^
Quake/miniz.h:501:15: style: struct member 'mz_zip_archive_file_stat::m_central_dir_ofs' is never used. [unusedStructMember]
    mz_uint64 m_central_dir_ofs;
              ^
Quake/miniz.h:504:15: style: struct member 'mz_zip_archive_file_stat::m_version_made_by' is never used. [unusedStructMember]
    mz_uint16 m_version_made_by;
              ^
Quake/miniz.h:505:15: style: struct member 'mz_zip_archive_file_stat::m_version_needed' is never used. [unusedStructMember]
    mz_uint16 m_version_needed;
              ^
Quake/miniz.h:506:15: style: struct member 'mz_zip_archive_file_stat::m_bit_flag' is never used. [unusedStructMember]
    mz_uint16 m_bit_flag;
              ^
Quake/miniz.h:507:15: style: struct member 'mz_zip_archive_file_stat::m_method' is never used. [unusedStructMember]
    mz_uint16 m_method;
              ^
Quake/miniz.h:510:15: style: struct member 'mz_zip_archive_file_stat::m_crc32' is never used. [unusedStructMember]
    mz_uint32 m_crc32;
              ^
Quake/miniz.h:513:15: style: struct member 'mz_zip_archive_file_stat::m_comp_size' is never used. [unusedStructMember]
    mz_uint64 m_comp_size;
              ^
Quake/miniz.h:516:15: style: struct member 'mz_zip_archive_file_stat::m_uncomp_size' is never used. [unusedStructMember]
    mz_uint64 m_uncomp_size;
              ^
Quake/miniz.h:519:15: style: struct member 'mz_zip_archive_file_stat::m_internal_attr' is never used. [unusedStructMember]
    mz_uint16 m_internal_attr;
              ^
Quake/miniz.h:520:15: style: struct member 'mz_zip_archive_file_stat::m_external_attr' is never used. [unusedStructMember]
    mz_uint32 m_external_attr;
              ^
Quake/miniz.h:523:15: style: struct member 'mz_zip_archive_file_stat::m_local_header_ofs' is never used. [unusedStructMember]
    mz_uint64 m_local_header_ofs;
              ^
Quake/miniz.h:526:15: style: struct member 'mz_zip_archive_file_stat::m_comment_size' is never used. [unusedStructMember]
    mz_uint32 m_comment_size;
              ^
Quake/miniz.h:529:13: style: struct member 'mz_zip_archive_file_stat::m_is_directory' is never used. [unusedStructMember]
    mz_bool m_is_directory;
            ^
Quake/miniz.h:532:13: style: struct member 'mz_zip_archive_file_stat::m_is_encrypted' is never used. [unusedStructMember]
    mz_bool m_is_encrypted;
            ^
Quake/miniz.h:535:13: style: struct member 'mz_zip_archive_file_stat::m_is_supported' is never used. [unusedStructMember]
    mz_bool m_is_supported;
            ^
Quake/miniz.h:539:10: style: struct member 'mz_zip_archive_file_stat::m_filename' is never used. [unusedStructMember]
    char m_filename[MZ_ZIP_MAX_ARCHIVE_FILENAME_SIZE];
         ^
Quake/miniz.h:543:10: style: struct member 'mz_zip_archive_file_stat::m_comment' is never used. [unusedStructMember]
    char m_comment[MZ_ZIP_MAX_ARCHIVE_FILE_COMMENT_SIZE];
         ^
Quake/miniz.h:625:15: style: struct member 'mz_zip_archive::m_archive_size' is never used. [unusedStructMember]
    mz_uint64 m_archive_size;
              ^
Quake/miniz.h:626:15: style: struct member 'mz_zip_archive::m_central_directory_file_ofs' is never used. [unusedStructMember]
    mz_uint64 m_central_directory_file_ofs;
              ^
Quake/miniz.h:629:15: style: struct member 'mz_zip_archive::m_total_files' is never used. [unusedStructMember]
    mz_uint32 m_total_files;
              ^
Quake/miniz.h:630:17: style: struct member 'mz_zip_archive::m_zip_mode' is never used. [unusedStructMember]
    mz_zip_mode m_zip_mode;
                ^
Quake/miniz.h:631:17: style: struct member 'mz_zip_archive::m_zip_type' is never used. [unusedStructMember]
    mz_zip_type m_zip_type;
                ^
Quake/miniz.h:632:18: style: struct member 'mz_zip_archive::m_last_error' is never used. [unusedStructMember]
    mz_zip_error m_last_error;
                 ^
Quake/miniz.h:634:15: style: struct member 'mz_zip_archive::m_file_offset_alignment' is never used. [unusedStructMember]
    mz_uint64 m_file_offset_alignment;
              ^
Quake/miniz.h:636:19: style: struct member 'mz_zip_archive::m_pAlloc' is never used. [unusedStructMember]
    mz_alloc_func m_pAlloc;
                  ^
Quake/miniz.h:637:18: style: struct member 'mz_zip_archive::m_pFree' is never used. [unusedStructMember]
    mz_free_func m_pFree;
                 ^
Quake/miniz.h:638:21: style: struct member 'mz_zip_archive::m_pRealloc' is never used. [unusedStructMember]
    mz_realloc_func m_pRealloc;
                    ^
Quake/miniz.h:639:11: style: struct member 'mz_zip_archive::m_pAlloc_opaque' is never used. [unusedStructMember]
    void *m_pAlloc_opaque;
          ^
Quake/miniz.h:641:23: style: struct member 'mz_zip_archive::m_pRead' is never used. [unusedStructMember]
    mz_file_read_func m_pRead;
                      ^
Quake/miniz.h:642:24: style: struct member 'mz_zip_archive::m_pWrite' is never used. [unusedStructMember]
    mz_file_write_func m_pWrite;
                       ^
Quake/miniz.h:643:29: style: struct member 'mz_zip_archive::m_pNeeds_keepalive' is never used. [unusedStructMember]
    mz_file_needs_keepalive m_pNeeds_keepalive;
                            ^
Quake/miniz.h:644:11: style: struct member 'mz_zip_archive::m_pIO_opaque' is never used. [unusedStructMember]
    void *m_pIO_opaque;
          ^
Quake/miniz.h:646:28: style: struct member 'mz_zip_archive::m_pState' is never used. [unusedStructMember]
    mz_zip_internal_state *m_pState;
                           ^
Quake/modelgen.h:65:8: style: struct member 'mdl_t::ident' is never used. [unusedStructMember]
 int   ident;
       ^
Quake/modelgen.h:66:8: style: struct member 'mdl_t::version' is never used. [unusedStructMember]
 int   version;
       ^
Quake/modelgen.h:69:9: style: struct member 'mdl_t::boundingradius' is never used. [unusedStructMember]
 float  boundingradius;
        ^
Quake/modelgen.h:71:8: style: struct member 'mdl_t::numskins' is never used. [unusedStructMember]
 int   numskins;
       ^
Quake/modelgen.h:72:8: style: struct member 'mdl_t::skinwidth' is never used. [unusedStructMember]
 int   skinwidth;
       ^
Quake/modelgen.h:73:8: style: struct member 'mdl_t::skinheight' is never used. [unusedStructMember]
 int   skinheight;
       ^
Quake/modelgen.h:74:8: style: struct member 'mdl_t::numverts' is never used. [unusedStructMember]
 int   numverts;
       ^
Quake/modelgen.h:75:8: style: struct member 'mdl_t::numtris' is never used. [unusedStructMember]
 int   numtris;
       ^
Quake/modelgen.h:76:8: style: struct member 'mdl_t::numframes' is never used. [unusedStructMember]
 int   numframes;
       ^
Quake/modelgen.h:77:13: style: struct member 'mdl_t::synctype' is never used. [unusedStructMember]
 synctype_t synctype;
            ^
Quake/modelgen.h:78:8: style: struct member 'mdl_t::flags' is never used. [unusedStructMember]
 int   flags;
       ^
Quake/modelgen.h:79:9: style: struct member 'mdl_t::size' is never used. [unusedStructMember]
 float  size;
        ^
Quake/modelgen.h:85:7: style: struct member 'stvert_t::onseam' is never used. [unusedStructMember]
 int  onseam;
      ^
Quake/modelgen.h:86:7: style: struct member 'stvert_t::s' is never used. [unusedStructMember]
 int  s;
      ^
Quake/modelgen.h:87:7: style: struct member 'stvert_t::t' is never used. [unusedStructMember]
 int  t;
      ^
Quake/modelgen.h:91:10: style: struct member 'dtriangle_s::facesfront' is never used. [unusedStructMember]
 int     facesfront;
         ^
Quake/modelgen.h:92:10: style: struct member 'dtriangle_s::vertindex' is never used. [unusedStructMember]
 int     vertindex[3];
         ^
Quake/modelgen.h:108:8: style: struct member 'daliasframe_t::name' is never used. [unusedStructMember]
 char  name[16]; // frame name from grabbing
       ^
Quake/modelgen.h:112:8: style: struct member 'daliasgroup_t::numframes' is never used. [unusedStructMember]
 int   numframes;
       ^
Quake/modelgen.h:118:8: style: struct member 'daliasskingroup_t::numskins' is never used. [unusedStructMember]
 int   numskins;
       ^
Quake/modelgen.h:122:8: style: struct member 'daliasinterval_t::interval' is never used. [unusedStructMember]
 float interval;
       ^
Quake/modelgen.h:126:8: style: struct member 'daliasskininterval_t::interval' is never used. [unusedStructMember]
 float interval;
       ^
Quake/modelgen.h:130:19: style: struct member 'daliasframetype_t::type' is never used. [unusedStructMember]
 aliasframetype_t type;
                  ^
Quake/modelgen.h:134:18: style: struct member 'daliasskintype_t::type' is never used. [unusedStructMember]
 aliasskintype_t type;
                 ^
Quake/net_defs.h:33:8: style: struct member 'qsockaddr::qsa_family' is never used. [unusedStructMember]
 short qsa_family;
       ^
Quake/net_defs.h:35:16: style: struct member 'qsockaddr::qsa_data' is never used. [unusedStructMember]
 unsigned char qsa_data[14];
               ^
Quake/net_defs.h:132:20: style: struct member 'qsocket_s::next' is never used. [unusedStructMember]
 struct qsocket_s *next;
                   ^
Quake/net_defs.h:133:10: style: struct member 'qsocket_s::connecttime' is never used. [unusedStructMember]
 double  connecttime;
         ^
Quake/net_defs.h:134:10: style: struct member 'qsocket_s::lastMessageTime' is never used. [unusedStructMember]
 double  lastMessageTime;
         ^
Quake/net_defs.h:135:10: style: struct member 'qsocket_s::lastSendTime' is never used. [unusedStructMember]
 double  lastSendTime;
         ^
Quake/net_defs.h:141:7: style: struct member 'qsocket_s::driver' is never used. [unusedStructMember]
 int  driver;
      ^
Quake/net_defs.h:142:7: style: struct member 'qsocket_s::landriver' is never used. [unusedStructMember]
 int  landriver;
      ^
Quake/net_defs.h:144:9: style: struct member 'qsocket_s::driverdata' is never used. [unusedStructMember]
 void  *driverdata;
        ^
Quake/net_defs.h:146:15: style: struct member 'qsocket_s::ackSequence' is never used. [unusedStructMember]
 unsigned int ackSequence;
              ^
Quake/net_defs.h:147:15: style: struct member 'qsocket_s::sendSequence' is never used. [unusedStructMember]
 unsigned int sendSequence;
              ^
Quake/net_defs.h:148:15: style: struct member 'qsocket_s::unreliableSendSequence' is never used. [unusedStructMember]
 unsigned int unreliableSendSequence;
              ^
Quake/net_defs.h:149:7: style: struct member 'qsocket_s::sendMessageLength' is never used. [unusedStructMember]
 int  sendMessageLength;
      ^
Quake/net_defs.h:152:15: style: struct member 'qsocket_s::receiveSequence' is never used. [unusedStructMember]
 unsigned int receiveSequence;
              ^
Quake/net_defs.h:153:15: style: struct member 'qsocket_s::unreliableReceiveSequence' is never used. [unusedStructMember]
 unsigned int unreliableReceiveSequence;
              ^
Quake/net_defs.h:154:7: style: struct member 'qsocket_s::receiveMessageLength' is never used. [unusedStructMember]
 int  receiveMessageLength;
      ^
Quake/net_defs.h:157:19: style: struct member 'qsocket_s::addr' is never used. [unusedStructMember]
 struct qsockaddr addr;
                  ^
Quake/net_defs.h:158:8: style: struct member 'qsocket_s::address' is never used. [unusedStructMember]
 char  address[NET_NAMELEN];
       ^
Quake/net_defs.h:251:25: style: struct member '_PollProcedure::next' is never used. [unusedStructMember]
 struct _PollProcedure *next;
                        ^
Quake/net_defs.h:252:12: style: struct member '_PollProcedure::nextTime' is never used. [unusedStructMember]
 double    nextTime;
           ^
Quake/net_defs.h:253:12: style: struct member '_PollProcedure::procedure' is never used. [unusedStructMember]
 void    (*procedure)(void *);
           ^
Quake/net_defs.h:254:11: style: struct member '_PollProcedure::arg' is never used. [unusedStructMember]
 void    *arg;
          ^
Quake/net_defs.h:30:16: style: struct member 'qsockaddr::qsa_len' is never used. [unusedStructMember]
 unsigned char qsa_len;
               ^
Quake/net_defs.h:31:16: style: struct member 'qsockaddr::qsa_family' is never used. [unusedStructMember]
 unsigned char qsa_family;
               ^
Quake/net_sys.h:0:0: information: Too many #ifdef configurations - cppcheck only checks 12 of 14 configurations. Use --force to check all configurations. [toomanyconfigs]

^
Quake/pr_comp.h:137:17: style: struct member 'statement_s::op' is never used. [unusedStructMember]
 unsigned short op;
                ^
Quake/pr_comp.h:138:8: style: struct member 'statement_s::a' is never used. [unusedStructMember]
 short a, b, c;
       ^
Quake/pr_comp.h:138:11: style: struct member 'statement_s::b' is never used. [unusedStructMember]
 short a, b, c;
          ^
Quake/pr_comp.h:138:14: style: struct member 'statement_s::c' is never used. [unusedStructMember]
 short a, b, c;
             ^
Quake/pr_comp.h:143:17: style: struct member 'ddef_t::type' is never used. [unusedStructMember]
 unsigned short type; // if DEF_SAVEGLOBAL bit is set
                ^
Quake/pr_comp.h:145:17: style: struct member 'ddef_t::ofs' is never used. [unusedStructMember]
 unsigned short ofs;
                ^
Quake/pr_comp.h:146:7: style: struct member 'ddef_t::s_name' is never used. [unusedStructMember]
 int  s_name;
      ^
Quake/pr_comp.h:155:7: style: struct member 'dfunction_t::first_statement' is never used. [unusedStructMember]
 int  first_statement; // negative numbers are builtins
      ^
Quake/pr_comp.h:156:7: style: struct member 'dfunction_t::parm_start' is never used. [unusedStructMember]
 int  parm_start;
      ^
Quake/pr_comp.h:157:7: style: struct member 'dfunction_t::locals' is never used. [unusedStructMember]
 int  locals;   // total ints of parms + locals
      ^
Quake/pr_comp.h:159:7: style: struct member 'dfunction_t::profile' is never used. [unusedStructMember]
 int  profile;  // runtime
      ^
Quake/pr_comp.h:161:7: style: struct member 'dfunction_t::s_name' is never used. [unusedStructMember]
 int  s_name;
      ^
Quake/pr_comp.h:162:7: style: struct member 'dfunction_t::s_file' is never used. [unusedStructMember]
 int  s_file;   // source file defined in
      ^
Quake/pr_comp.h:164:7: style: struct member 'dfunction_t::numparms' is never used. [unusedStructMember]
 int  numparms;
      ^
Quake/pr_comp.h:172:7: style: struct member 'dprograms_t::version' is never used. [unusedStructMember]
 int  version;
      ^
Quake/pr_comp.h:173:7: style: struct member 'dprograms_t::crc' is never used. [unusedStructMember]
 int  crc;  // check of header file
      ^
Quake/pr_comp.h:175:7: style: struct member 'dprograms_t::ofs_statements' is never used. [unusedStructMember]
 int  ofs_statements;
      ^
Quake/pr_comp.h:176:7: style: struct member 'dprograms_t::numstatements' is never used. [unusedStructMember]
 int  numstatements; // statement 0 is an error
      ^
Quake/pr_comp.h:178:7: style: struct member 'dprograms_t::ofs_globaldefs' is never used. [unusedStructMember]
 int  ofs_globaldefs;
      ^
Quake/pr_comp.h:179:7: style: struct member 'dprograms_t::numglobaldefs' is never used. [unusedStructMember]
 int  numglobaldefs;
      ^
Quake/pr_comp.h:181:7: style: struct member 'dprograms_t::ofs_fielddefs' is never used. [unusedStructMember]
 int  ofs_fielddefs;
      ^
Quake/pr_comp.h:182:7: style: struct member 'dprograms_t::numfielddefs' is never used. [unusedStructMember]
 int  numfielddefs;
      ^
Quake/pr_comp.h:184:7: style: struct member 'dprograms_t::ofs_functions' is never used. [unusedStructMember]
 int  ofs_functions;
      ^
Quake/pr_comp.h:185:7: style: struct member 'dprograms_t::numfunctions' is never used. [unusedStructMember]
 int  numfunctions; // function 0 is an empty
      ^
Quake/pr_comp.h:187:7: style: struct member 'dprograms_t::ofs_strings' is never used. [unusedStructMember]
 int  ofs_strings;
      ^
Quake/pr_comp.h:188:7: style: struct member 'dprograms_t::numstrings' is never used. [unusedStructMember]
 int  numstrings; // first string is a null string
      ^
Quake/pr_comp.h:190:7: style: struct member 'dprograms_t::ofs_globals' is never used. [unusedStructMember]
 int  ofs_globals;
      ^
Quake/pr_comp.h:191:7: style: struct member 'dprograms_t::numglobals' is never used. [unusedStructMember]
 int  numglobals;
      ^
Quake/pr_comp.h:193:7: style: struct member 'dprograms_t::entityfields' is never used. [unusedStructMember]
 int  entityfields;
      ^
Quake/progs.h:31:11: style: union member 'eval_s::string' is never used. [unusedStructMember]
 string_t string;
          ^
Quake/progs.h:32:9: style: union member 'eval_s::_float' is never used. [unusedStructMember]
 float  _float;
        ^
Quake/progs.h:33:9: style: union member 'eval_s::vector' is never used. [unusedStructMember]
 float  vector[3];
        ^
Quake/progs.h:34:10: style: union member 'eval_s::function' is never used. [unusedStructMember]
 func_t  function;
         ^
Quake/progs.h:35:7: style: union member 'eval_s::_int' is never used. [unusedStructMember]
 int  _int;
      ^
Quake/progs.h:36:7: style: union member 'eval_s::edict' is never used. [unusedStructMember]
 int  edict;
      ^
Quake/progs.h:45:7: style: struct member 'edict_s::num_leafs' is never used. [unusedStructMember]
 int  num_leafs;
      ^
Quake/progs.h:46:7: style: struct member 'edict_s::leafnums' is never used. [unusedStructMember]
 int  leafnums[MAX_ENT_LEAFS];
      ^
Quake/progs.h:49:16: style: struct member 'edict_s::alpha' is never used. [unusedStructMember]
 unsigned char alpha;   /* johnfitz -- hack to support alpha since it's not part of entvars_t */
               ^
Quake/progs.h:50:16: style: struct member 'edict_s::scale' is never used. [unusedStructMember]
 unsigned char scale;   /* Quakespasm: added for model scale support. */
               ^
Quake/progs.h:52:9: style: struct member 'edict_s::oldframe' is never used. [unusedStructMember]
 float  oldframe;
        ^
Quake/progs.h:53:9: style: struct member 'edict_s::oldthinktime' is never used. [unusedStructMember]
 float  oldthinktime;
        ^
Quake/progs.h:55:9: style: struct member 'edict_s::freetime' is never used. [unusedStructMember]
 float  freetime;  /* sv.time when the object was freed */
        ^
Quake/progs.h:131:14: style: struct member 'exbuiltin_t::name' is never used. [unusedStructMember]
 const char *name;
             ^
Quake/progs.h:132:6: style: struct member 'exbuiltin_t::first_statement' is never used. [unusedStructMember]
 int first_statement;
     ^
Quake/progs.h:133:6: style: struct member 'exbuiltin_t::patch_statement' is never used. [unusedStructMember]
 int patch_statement;
     ^
Quake/protocol.h:260:18: style: struct member 'entity_state_t::modelindex' is never used. [unusedStructMember]
 unsigned short  modelindex; //johnfitz -- was int
                 ^
Quake/protocol.h:261:18: style: struct member 'entity_state_t::frame' is never used. [unusedStructMember]
 unsigned short  frame;  //johnfitz -- was int
                 ^
Quake/protocol.h:262:17: style: struct member 'entity_state_t::colormap' is never used. [unusedStructMember]
 unsigned char  colormap; //johnfitz -- was int
                ^
Quake/protocol.h:263:17: style: struct member 'entity_state_t::skin' is never used. [unusedStructMember]
 unsigned char  skin;  //johnfitz -- was int
                ^
Quake/protocol.h:264:16: style: struct member 'entity_state_t::alpha' is never used. [unusedStructMember]
 unsigned char alpha;  //johnfitz -- added
               ^
Quake/protocol.h:265:16: style: struct member 'entity_state_t::scale' is never used. [unusedStructMember]
 unsigned char scale;  //Quakespasm: for model scale support.
               ^
Quake/protocol.h:266:7: style: struct member 'entity_state_t::effects' is never used. [unusedStructMember]
 int  effects;
      ^
Quake/protocol.h:274:8: style: struct member 'usercmd_t::forwardmove' is never used. [unusedStructMember]
 float forwardmove;
       ^
Quake/protocol.h:275:8: style: struct member 'usercmd_t::sidemove' is never used. [unusedStructMember]
 float sidemove;
       ^
Quake/protocol.h:276:8: style: struct member 'usercmd_t::upmove' is never used. [unusedStructMember]
 float upmove;
       ^
Quake/qs_bmp.h:189:31: error: syntax error [syntaxError]
0xa3, 0xa3, 0xa3, 0xa3, 0xa3, 0xa3
                              ^
Quake/q_sound.h:37:7: style: struct member 'sfx_s::name' is never used. [unusedStructMember]
 char name[MAX_QPATH];
      ^
Quake/q_sound.h:44:6: style: struct member 'sfxcache_t::length' is never used. [unusedStructMember]
 int length;
     ^
Quake/q_sound.h:45:6: style: struct member 'sfxcache_t::loopstart' is never used. [unusedStructMember]
 int loopstart;
     ^
Quake/q_sound.h:46:6: style: struct member 'sfxcache_t::speed' is never used. [unusedStructMember]
 int speed;
     ^
Quake/q_sound.h:47:6: style: struct member 'sfxcache_t::width' is never used. [unusedStructMember]
 int width;
     ^
Quake/q_sound.h:48:6: style: struct member 'sfxcache_t::stereo' is never used. [unusedStructMember]
 int stereo;
     ^
Quake/q_sound.h:54:6: style: struct member 'dma_t::channels' is never used. [unusedStructMember]
 int channels;
     ^
Quake/q_sound.h:55:6: style: struct member 'dma_t::samples' is never used. [unusedStructMember]
 int samples;  /* mono samples in buffer   */
     ^
Quake/q_sound.h:56:6: style: struct member 'dma_t::submission_chunk' is never used. [unusedStructMember]
 int submission_chunk; /* don't mix less than this #   */
     ^
Quake/q_sound.h:57:6: style: struct member 'dma_t::samplepos' is never used. [unusedStructMember]
 int samplepos;  /* in mono samples    */
     ^
Quake/q_sound.h:58:6: style: struct member 'dma_t::samplebits' is never used. [unusedStructMember]
 int samplebits;
     ^
Quake/q_sound.h:59:6: style: struct member 'dma_t::signed8' is never used. [unusedStructMember]
 int signed8;  /* device opened for S8 format? (e.g. Amiga AHI) */
     ^
Quake/q_sound.h:60:6: style: struct member 'dma_t::speed' is never used. [unusedStructMember]
 int speed;
     ^
Quake/q_sound.h:61:17: style: struct member 'dma_t::buffer' is never used. [unusedStructMember]
 unsigned char *buffer;
                ^
Quake/q_sound.h:84:6: style: struct member 'wavinfo_t::rate' is never used. [unusedStructMember]
 int rate;
     ^
Quake/q_sound.h:85:6: style: struct member 'wavinfo_t::width' is never used. [unusedStructMember]
 int width;
     ^
Quake/q_sound.h:86:6: style: struct member 'wavinfo_t::channels' is never used. [unusedStructMember]
 int channels;
     ^
Quake/q_sound.h:87:6: style: struct member 'wavinfo_t::loopstart' is never used. [unusedStructMember]
 int loopstart;
     ^
Quake/q_sound.h:88:6: style: struct member 'wavinfo_t::samples' is never used. [unusedStructMember]
 int samples;
     ^
Quake/q_sound.h:89:6: style: struct member 'wavinfo_t::dataofs' is never used. [unusedStructMember]
 int dataofs;  /* chunk starts this many bytes from file start */
     ^
Quake/q_stdinc.h:0:0: information: Too many #ifdef configurations - cppcheck only checks 12 of 13 configurations. Use --force to check all configurations. [toomanyconfigs]

^
Quake/quakedef.h:0:0: information: Too many #ifdef configurations - cppcheck only checks 12 of 19 configurations. Use --force to check all configurations. [toomanyconfigs]

^
Quake/quakedef.h:198:14: style: struct member 'quakeparms_t::basedir' is never used. [unusedStructMember]
 const char *basedir;
             ^
Quake/quakedef.h:199:14: style: struct member 'quakeparms_t::userdir' is never used. [unusedStructMember]
 const char *userdir; // user's directory on UNIX platforms.
             ^
Quake/quakedef.h:203:6: style: struct member 'quakeparms_t::argc' is never used. [unusedStructMember]
 int argc;
     ^
Quake/quakedef.h:204:9: style: struct member 'quakeparms_t::argv' is never used. [unusedStructMember]
 char **argv;
        ^
Quake/quakedef.h:205:8: style: struct member 'quakeparms_t::membase' is never used. [unusedStructMember]
 void *membase;
       ^
Quake/quakedef.h:206:6: style: struct member 'quakeparms_t::memsize' is never used. [unusedStructMember]
 int memsize;
     ^
Quake/quakedef.h:207:6: style: struct member 'quakeparms_t::numcpus' is never used. [unusedStructMember]
 int numcpus;
     ^
Quake/quakedef.h:208:6: style: struct member 'quakeparms_t::errstate' is never used. [unusedStructMember]
 int errstate;
     ^
Quake/quakedef.h:303:9: style: struct member 'filelist_item_s::name' is never used. [unusedStructMember]
 char   name[32];
        ^
Quake/quakedef.h:304:16: style: struct member 'filelist_item_s::path_id' is never used. [unusedStructMember]
 unsigned int  path_id;
               ^
Quake/quakedef.h:305:26: style: struct member 'filelist_item_s::next' is never used. [unusedStructMember]
 struct filelist_item_s *next;
                         ^
Quake/render.h:37:19: style: struct member 'efrag_s::leafnext' is never used. [unusedStructMember]
 struct efrag_s  *leafnext;
                  ^
Quake/render.h:38:20: style: struct member 'efrag_s::entity' is never used. [unusedStructMember]
 struct entity_s  *entity;
                   ^
Quake/render.h:53:11: style: struct member 'entity_s::update_type' is never used. [unusedStructMember]
 int      update_type;
          ^
Quake/render.h:57:13: style: struct member 'entity_s::msgtime' is never used. [unusedStructMember]
 double     msgtime;  // time of last update
            ^
Quake/render.h:62:21: style: struct member 'entity_s::model' is never used. [unusedStructMember]
 struct qmodel_s   *model;   // NULL = no model
                    ^
Quake/render.h:63:20: style: struct member 'entity_s::efrag' is never used. [unusedStructMember]
 struct efrag_s   *efrag;   // linked list of efrags
                   ^
Quake/render.h:64:11: style: struct member 'entity_s::frame' is never used. [unusedStructMember]
 int      frame;
          ^
Quake/render.h:65:12: style: struct member 'entity_s::syncbase' is never used. [unusedStructMember]
 float     syncbase;  // for client-side animations
           ^
Quake/render.h:66:12: style: struct member 'entity_s::colormap' is never used. [unusedStructMember]
 byte     *colormap;
           ^
Quake/render.h:67:11: style: struct member 'entity_s::effects' is never used. [unusedStructMember]
 int      effects;  // light, particles, etc
          ^
Quake/render.h:68:11: style: struct member 'entity_s::skinnum' is never used. [unusedStructMember]
 int      skinnum;  // for Alias models
          ^
Quake/render.h:69:11: style: struct member 'entity_s::visframe' is never used. [unusedStructMember]
 int      visframe;  // last frame this entity was
          ^
Quake/render.h:72:11: style: struct member 'entity_s::dlightframe' is never used. [unusedStructMember]
 int      dlightframe; // dynamic lighting
          ^
Quake/render.h:73:11: style: struct member 'entity_s::dlightbits' is never used. [unusedStructMember]
 int      dlightbits;
          ^
Quake/render.h:76:20: style: struct member 'entity_s::topnode' is never used. [unusedStructMember]
 struct mnode_s   *topnode;  // for bmodels, first world node
                   ^
Quake/render.h:83:12: style: struct member 'entity_s::lerpstart' is never used. [unusedStructMember]
 float     lerpstart;  //johnfitz -- animation lerping
           ^
Quake/render.h:84:12: style: struct member 'entity_s::lerptime' is never used. [unusedStructMember]
 float     lerptime;  //johnfitz -- animation lerping
           ^
Quake/render.h:85:12: style: struct member 'entity_s::lerpfinish' is never used. [unusedStructMember]
 float     lerpfinish;  //johnfitz -- lerping -- server sent us a more accurate interval, use it instead of 0.1
           ^
Quake/render.h:86:12: style: struct member 'entity_s::previouspose' is never used. [unusedStructMember]
 short     previouspose; //johnfitz -- animation lerping
           ^
Quake/render.h:87:12: style: struct member 'entity_s::currentpose' is never used. [unusedStructMember]
 short     currentpose; //johnfitz -- animation lerping
           ^
Quake/render.h:89:12: style: struct member 'entity_s::movelerpstart' is never used. [unusedStructMember]
 float     movelerpstart; //johnfitz -- transform lerping
           ^
Quake/server.h:101:20: style: struct member 'client_s::sendsignon' is never used. [unusedStructMember]
 enum sendsignon_e sendsignon;   // only valid before spawned
                   ^
Quake/server.h:102:9: style: struct member 'client_s::signonidx' is never used. [unusedStructMember]
 int    signonidx;
        ^
Quake/server.h:104:11: style: struct member 'client_s::last_message' is never used. [unusedStructMember]
 double   last_message;  // reliable messages must be sent
          ^
Quake/server.h:107:20: style: struct member 'client_s::netconnection' is never used. [unusedStructMember]
 struct qsocket_s *netconnection; // communications handle
                   ^
Quake/server.h:115:13: style: struct member 'client_s::edict' is never used. [unusedStructMember]
 edict_t   *edict;    // EDICT_NUM(clientnum+1)
            ^
Quake/server.h:116:9: style: struct member 'client_s::name' is never used. [unusedStructMember]
 char   name[32];   // for printing to other people
        ^
Quake/server.h:117:9: style: struct member 'client_s::colors' is never used. [unusedStructMember]
 int    colors;
        ^
Quake/server.h:119:10: style: struct member 'client_s::ping_times' is never used. [unusedStructMember]
 float   ping_times[NUM_PING_TIMES];
         ^
Quake/server.h:120:9: style: struct member 'client_s::num_pings' is never used. [unusedStructMember]
 int    num_pings;   // ping_times[num_pings%NUM_PING_TIMES]
        ^
Quake/server.h:123:10: style: struct member 'client_s::spawn_parms' is never used. [unusedStructMember]
 float   spawn_parms[NUM_SPAWN_PARMS];
         ^
Quake/server.h:126:9: style: struct member 'client_s::old_frags' is never used. [unusedStructMember]
 int    old_frags;
        ^
Quake/snd_codec.h:31:6: style: struct member 'snd_info_s::rate' is never used. [unusedStructMember]
 int rate;
     ^
Quake/snd_codec.h:32:6: style: struct member 'snd_info_s::bits' is never used. [unusedStructMember]
 int bits, width;
     ^
Quake/snd_codec.h:32:12: style: struct member 'snd_info_s::width' is never used. [unusedStructMember]
 int bits, width;
           ^
Quake/snd_codec.h:33:6: style: struct member 'snd_info_s::channels' is never used. [unusedStructMember]
 int channels;
     ^
Quake/snd_codec.h:34:6: style: struct member 'snd_info_s::samples' is never used. [unusedStructMember]
 int samples;
     ^
Quake/snd_codec.h:35:6: style: struct member 'snd_info_s::blocksize' is never used. [unusedStructMember]
 int blocksize;
     ^
Quake/snd_codec.h:36:6: style: struct member 'snd_info_s::size' is never used. [unusedStructMember]
 int size;
     ^
Quake/snd_codec.h:37:6: style: struct member 'snd_info_s::dataofs' is never used. [unusedStructMember]
 int dataofs;
     ^
Quake/snd_codec.h:53:7: style: struct member 'snd_stream_s::name' is never used. [unusedStructMember]
 char name[MAX_QPATH]; /* name of the source file */
      ^
Quake/snd_codec.h:54:13: style: struct member 'snd_stream_s::info' is never used. [unusedStructMember]
 snd_info_t info;
            ^
Quake/snd_codec.h:55:18: style: struct member 'snd_stream_s::status' is never used. [unusedStructMember]
 stream_status_t status;
                 ^
Quake/snd_codec.h:56:15: style: struct member 'snd_stream_s::codec' is never used. [unusedStructMember]
 snd_codec_t *codec; /* codec handling this stream */
              ^
Quake/snd_codec.h:58:8: style: struct member 'snd_stream_s::priv' is never used. [unusedStructMember]
 void *priv;  /* data private to the codec. */
       ^
Quake/snd_codeci.h:40:15: style: struct member 'snd_codec_s::type' is never used. [unusedStructMember]
 unsigned int type; /* handled data type. (1U << n) */
              ^
Quake/snd_codeci.h:42:14: style: struct member 'snd_codec_s::ext' is never used. [unusedStructMember]
 const char *ext; /* expected extension */
             ^
Quake/snd_codeci.h:43:13: style: struct member 'snd_codec_s::initialize' is never used. [unusedStructMember]
 CODEC_INIT initialize;
            ^
Quake/snd_codeci.h:44:17: style: struct member 'snd_codec_s::shutdown' is never used. [unusedStructMember]
 CODEC_SHUTDOWN shutdown;
                ^
Quake/snd_codeci.h:45:13: style: struct member 'snd_codec_s::codec_open' is never used. [unusedStructMember]
 CODEC_OPEN codec_open;
            ^
Quake/snd_codeci.h:46:13: style: struct member 'snd_codec_s::codec_read' is never used. [unusedStructMember]
 CODEC_READ codec_read;
            ^
Quake/snd_codeci.h:47:15: style: struct member 'snd_codec_s::codec_rewind' is never used. [unusedStructMember]
 CODEC_REWIND codec_rewind;
              ^
Quake/snd_codeci.h:48:13: style: struct member 'snd_codec_s::codec_jump' is never used. [unusedStructMember]
 CODEC_JUMP codec_jump;
            ^
Quake/snd_codeci.h:49:14: style: struct member 'snd_codec_s::codec_close' is never used. [unusedStructMember]
 CODEC_CLOSE codec_close;
             ^
Quake/snd_codeci.h:50:15: style: struct member 'snd_codec_s::next' is never used. [unusedStructMember]
 snd_codec_t *next;
              ^
Quake/spritegn.h:76:8: style: struct member 'dsprite_t::ident' is never used. [unusedStructMember]
 int   ident;
       ^
Quake/spritegn.h:77:8: style: struct member 'dsprite_t::version' is never used. [unusedStructMember]
 int   version;
       ^
Quake/spritegn.h:78:8: style: struct member 'dsprite_t::type' is never used. [unusedStructMember]
 int   type;
       ^
Quake/spritegn.h:79:9: style: struct member 'dsprite_t::boundingradius' is never used. [unusedStructMember]
 float  boundingradius;
        ^
Quake/spritegn.h:80:8: style: struct member 'dsprite_t::width' is never used. [unusedStructMember]
 int   width;
       ^
Quake/spritegn.h:81:8: style: struct member 'dsprite_t::height' is never used. [unusedStructMember]
 int   height;
       ^
Quake/spritegn.h:82:8: style: struct member 'dsprite_t::numframes' is never used. [unusedStructMember]
 int   numframes;
       ^
Quake/spritegn.h:83:9: style: struct member 'dsprite_t::beamlength' is never used. [unusedStructMember]
 float  beamlength;
        ^
Quake/spritegn.h:84:13: style: struct member 'dsprite_t::synctype' is never used. [unusedStructMember]
 synctype_t synctype;
            ^
Quake/spritegn.h:94:8: style: struct member 'dspriteframe_t::origin' is never used. [unusedStructMember]
 int   origin[2];
       ^
Quake/spritegn.h:95:8: style: struct member 'dspriteframe_t::width' is never used. [unusedStructMember]
 int   width;
       ^
Quake/spritegn.h:96:8: style: struct member 'dspriteframe_t::height' is never used. [unusedStructMember]
 int   height;
       ^
Quake/spritegn.h:100:8: style: struct member 'dspritegroup_t::numframes' is never used. [unusedStructMember]
 int   numframes;
       ^
Quake/spritegn.h:104:8: style: struct member 'dspriteinterval_t::interval' is never used. [unusedStructMember]
 float interval;
       ^
Quake/spritegn.h:110:20: style: struct member 'dspriteframetype_t::type' is never used. [unusedStructMember]
 spriteframetype_t type;
                   ^
Quake/stb_image_write.h:0:0: information: Limiting analysis of branches. Use --check-level=exhaustive to analyze all branches. [normalCheckLevelMaxBranches]

^
Quake/vid.h:44:6: style: struct member 'vrect_s::x' is never used. [unusedStructMember]
 int x, y, width, height;
     ^
Quake/vid.h:44:9: style: struct member 'vrect_s::y' is never used. [unusedStructMember]
 int x, y, width, height;
        ^
Quake/vid.h:44:12: style: struct member 'vrect_s::width' is never used. [unusedStructMember]
 int x, y, width, height;
           ^
Quake/vid.h:44:19: style: struct member 'vrect_s::height' is never used. [unusedStructMember]
 int x, y, width, height;
                  ^
Quake/vid.h:45:18: style: struct member 'vrect_s::pnext' is never used. [unusedStructMember]
 struct vrect_s *pnext;
                 ^
Quake/wad.h:51:8: style: struct member 'qpic_t::width' is never used. [unusedStructMember]
 int   width, height;
       ^
Quake/wad.h:51:15: style: struct member 'qpic_t::height' is never used. [unusedStructMember]
 int   width, height;
              ^
Quake/wad.h:57:8: style: struct member 'wadinfo_t::identification' is never used. [unusedStructMember]
 char  identification[4];  // should be WAD2 or 2DAW
       ^
Quake/wad.h:58:8: style: struct member 'wadinfo_t::numlumps' is never used. [unusedStructMember]
 int   numlumps;
       ^
Quake/wad.h:59:8: style: struct member 'wadinfo_t::infotableofs' is never used. [unusedStructMember]
 int   infotableofs;
       ^
Quake/wad.h:64:8: style: struct member 'lumpinfo_t::filepos' is never used. [unusedStructMember]
 int   filepos;
       ^
Quake/wad.h:65:8: style: struct member 'lumpinfo_t::disksize' is never used. [unusedStructMember]
 int   disksize;
       ^
Quake/wad.h:66:8: style: struct member 'lumpinfo_t::size' is never used. [unusedStructMember]
 int   size;     // uncompressed
       ^
Quake/wad.h:67:8: style: struct member 'lumpinfo_t::type' is never used. [unusedStructMember]
 char  type;
       ^
Quake/wad.h:68:8: style: struct member 'lumpinfo_t::compression' is never used. [unusedStructMember]
 char  compression;
       ^
Quake/wad.h:69:8: style: struct member 'lumpinfo_t::pad1' is never used. [unusedStructMember]
 char  pad1, pad2;
       ^
Quake/wad.h:69:14: style: struct member 'lumpinfo_t::pad2' is never used. [unusedStructMember]
 char  pad1, pad2;
             ^
Quake/wad.h:70:8: style: struct member 'lumpinfo_t::name' is never used. [unusedStructMember]
 char  name[16];    // must be null terminated
       ^
Quake/wad.h:75:8: style: struct member 'wad_s::name' is never used. [unusedStructMember]
 char  name[MAX_QPATH];
       ^
Quake/wad.h:76:8: style: struct member 'wad_s::id' is never used. [unusedStructMember]
 int   id;
       ^
Quake/wad.h:78:8: style: struct member 'wad_s::numlumps' is never used. [unusedStructMember]
 int   numlumps;
       ^
Quake/wad.h:79:14: style: struct member 'wad_s::lumps' is never used. [unusedStructMember]
 lumpinfo_t *lumps;
             ^
Quake/wad.h:80:16: style: struct member 'wad_s::next' is never used. [unusedStructMember]
 struct wad_s *next;
               ^
Quake/world.h:29:8: style: struct member 'plane_t::dist' is never used. [unusedStructMember]
 float dist;
       ^
Quake/world.h:37:8: style: struct member 'trace_t::fraction' is never used. [unusedStructMember]
 float fraction;  // time completed, 1.0 = didn't hit anything
       ^
Quake/world.h:40:11: style: struct member 'trace_t::ent' is never used. [unusedStructMember]
 edict_t *ent;   // entity the surface is on
          ^
Quake/zone.h:122:8: style: struct member 'cache_user_s::data' is never used. [unusedStructMember]
 void *data;
       ^
Quake/common.c:1642:13: error: Pointer arithmetic overflow; 'path' buffer size is 1 [ctuPointerArith]
 for (ofs = path + 1; *ofs; ofs++)
            ^
Quake/console.c:161:17: note: Calling function COM_CreatePath, 1st argument is uninitialized
 COM_CreatePath (name);
                ^
Quake/common.c:1642:13: note: Using argument path
 for (ofs = path + 1; *ofs; ofs++)
            ^
Quake/sys_sdl_unix.c:135:16: warning: If memory allocation fails, then there is a possible null pointer dereference: dest [ctunullpointerOutOfMemory]
 return fread (dest, 1, count, sys_handles[handle]);
               ^
Quake/common.c:1895:25: note: Assuming allocation function fails
  buf = (byte *) malloc (len+1);
                        ^
Quake/common.c:1895:9: note: Assignment 'buf=(unsigned char*)malloc(len+1)', assigned value is 0
  buf = (byte *) malloc (len+1);
        ^
Quake/common.c:1906:23: note: Calling function Sys_FileRead, 2nd argument is null
 nread = Sys_FileRead (h, buf, len);
                      ^
Quake/sys_sdl_unix.c:135:16: note: Dereferencing argument dest that is null
 return fread (dest, 1, count, sys_handles[handle]);
               ^
Quake/sys_sdl_win.c:134:16: warning: If memory allocation fails, then there is a possible null pointer dereference: dest [ctunullpointerOutOfMemory]
 return fread (dest, 1, count, sys_handles[handle]);
               ^
Quake/common.c:1895:25: note: Assuming allocation function fails
  buf = (byte *) malloc (len+1);
                        ^
Quake/common.c:1895:9: note: Assignment 'buf=(unsigned char*)malloc(len+1)', assigned value is 0
  buf = (byte *) malloc (len+1);
        ^
Quake/common.c:1906:23: note: Calling function Sys_FileRead, 2nd argument is null
 nread = Sys_FileRead (h, buf, len);
                      ^
Quake/sys_sdl_win.c:134:16: note: Dereferencing argument dest that is null
 return fread (dest, 1, count, sys_handles[handle]);
               ^
Quake/wad.c:368:2: warning: Null pointer dereference: pic [ctunullpointer]
 pic->width = LittleLong(pic->width);
 ^
Quake/gl_draw.c:293:6: note: Assuming that condition '!dat' is not redundant
 if (!dat)
     ^
Quake/gl_draw.c:295:10: note: Calling function SwapPic, 1st argument is null
 SwapPic (dat);
         ^
Quake/wad.c:368:2: note: Dereferencing argument pic that is null
 pic->width = LittleLong(pic->width);
 ^
Quake/bgmusic.c:232:0: style: The function 'BGM_Play' should have static linkage since it is not used outside of its translation unit. [staticFunction]
void BGM_Play (const char *filename)
^
Quake/cl_input.c:63:0: style: The function 'KeyDown' should have static linkage since it is not used outside of its translation unit. [staticFunction]
void KeyDown (kbutton_t *b)
^
Quake/cl_input.c:92:0: style: The function 'KeyUp' should have static linkage since it is not used outside of its translation unit. [staticFunction]
void KeyUp (kbutton_t *b)
^
Quake/cl_input.c:122:0: style: The function 'IN_KLookDown' should have static linkage since it is not used outside of its translation unit. [staticFunction]
void IN_KLookDown (void) {KeyDown(&in_klook);}
^
Quake/cl_input.c:123:0: style: The function 'IN_KLookUp' should have static linkage since it is not used outside of its translation unit. [staticFunction]
void IN_KLookUp (void) {KeyUp(&in_klook);}
^
Quake/cl_input.c:124:0: style: The function 'IN_MLookDown' should have static linkage since it is not used outside of its translation unit. [staticFunction]
void IN_MLookDown (void) {KeyDown(&in_mlook);}
^
Quake/cl_input.c:125:0: style: The function 'IN_MLookUp' should have static linkage since it is not used outside of its translation unit. [staticFunction]
void IN_MLookUp (void) {
^
Quake/cl_input.c:130:0: style: The function 'IN_UpDown' should have static linkage since it is not used outside of its translation unit. [staticFunction]
void IN_UpDown(void) {KeyDown(&in_up);}
^
Quake/cl_input.c:131:0: style: The function 'IN_UpUp' should have static linkage since it is not used outside of its translation unit. [staticFunction]
void IN_UpUp(void) {KeyUp(&in_up);}
^
Quake/cl_input.c:132:0: style: The function 'IN_DownDown' should have static linkage since it is not used outside of its translation unit. [staticFunction]
void IN_DownDown(void) {KeyDown(&in_down);}
^
Quake/cl_input.c:133:0: style: The function 'IN_DownUp' should have static linkage since it is not used outside of its translation unit. [staticFunction]
void IN_DownUp(void) {KeyUp(&in_down);}
^
Quake/cl_input.c:134:0: style: The function 'IN_LeftDown' should have static linkage since it is not used outside of its translation unit. [staticFunction]
void IN_LeftDown(void) {KeyDown(&in_left);}
^
Quake/cl_input.c:135:0: style: The function 'IN_LeftUp' should have static linkage since it is not used outside of its translation unit. [staticFunction]
void IN_LeftUp(void) {KeyUp(&in_left);}
^
Quake/cl_input.c:136:0: style: The function 'IN_RightDown' should have static linkage since it is not used outside of its translation unit. [staticFunction]
void IN_RightDown(void) {KeyDown(&in_right);}
^
Quake/cl_input.c:137:0: style: The function 'IN_RightUp' should have static linkage since it is not used outside of its translation unit. [staticFunction]
void IN_RightUp(void) {KeyUp(&in_right);}
^
Quake/cl_input.c:138:0: style: The function 'IN_ForwardDown' should have static linkage since it is not used outside of its translation unit. [staticFunction]
void IN_ForwardDown(void) {KeyDown(&in_forward);}
^
Quake/cl_input.c:139:0: style: The function 'IN_ForwardUp' should have static linkage since it is not used outside of its translation unit. [staticFunction]
void IN_ForwardUp(void) {KeyUp(&in_forward);}
^
Quake/cl_input.c:140:0: style: The function 'IN_BackDown' should have static linkage since it is not used outside of its translation unit. [staticFunction]
void IN_BackDown(void) {KeyDown(&in_back);}
^
Quake/cl_input.c:141:0: style: The function 'IN_BackUp' should have static linkage since it is not used outside of its translation unit. [staticFunction]
void IN_BackUp(void) {KeyUp(&in_back);}
^
Quake/cl_input.c:142:0: style: The function 'IN_LookupDown' should have static linkage since it is not used outside of its translation unit. [staticFunction]
void IN_LookupDown(void) {KeyDown(&in_lookup);}
^
Quake/cl_input.c:143:0: style: The function 'IN_LookupUp' should have static linkage since it is not used outside of its translation unit. [staticFunction]
void IN_LookupUp(void) {KeyUp(&in_lookup);}
^
Quake/cl_input.c:144:0: style: The function 'IN_LookdownDown' should have static linkage since it is not used outside of its translation unit. [staticFunction]
void IN_LookdownDown(void) {KeyDown(&in_lookdown);}
^
Quake/cl_input.c:145:0: style: The function 'IN_LookdownUp' should have static linkage since it is not used outside of its translation unit. [staticFunction]
void IN_LookdownUp(void) {KeyUp(&in_lookdown);}
^
Quake/cl_input.c:146:0: style: The function 'IN_MoveleftDown' should have static linkage since it is not used outside of its translation unit. [staticFunction]
void IN_MoveleftDown(void) {KeyDown(&in_moveleft);}
^
Quake/cl_input.c:147:0: style: The function 'IN_MoveleftUp' should have static linkage since it is not used outside of its translation unit. [staticFunction]
void IN_MoveleftUp(void) {KeyUp(&in_moveleft);}
^
Quake/cl_input.c:148:0: style: The function 'IN_MoverightDown' should have static linkage since it is not used outside of its translation unit. [staticFunction]
void IN_MoverightDown(void) {KeyDown(&in_moveright);}
^
Quake/cl_input.c:149:0: style: The function 'IN_MoverightUp' should have static linkage since it is not used outside of its translation unit. [staticFunction]
void IN_MoverightUp(void) {KeyUp(&in_moveright);}
^
Quake/cl_input.c:151:0: style: The function 'IN_SpeedDown' should have static linkage since it is not used outside of its translation unit. [staticFunction]
void IN_SpeedDown(void) {KeyDown(&in_speed);}
^
Quake/cl_input.c:152:0: style: The function 'IN_SpeedUp' should have static linkage since it is not used outside of its translation unit. [staticFunction]
void IN_SpeedUp(void) {KeyUp(&in_speed);}
^
Quake/cl_input.c:153:0: style: The function 'IN_StrafeDown' should have static linkage since it is not used outside of its translation unit. [staticFunction]
void IN_StrafeDown(void) {KeyDown(&in_strafe);}
^
Quake/cl_input.c:154:0: style: The function 'IN_StrafeUp' should have static linkage since it is not used outside of its translation unit. [staticFunction]
void IN_StrafeUp(void) {KeyUp(&in_strafe);}
^
Quake/cl_input.c:156:0: style: The function 'IN_AttackDown' should have static linkage since it is not used outside of its translation unit. [staticFunction]
void IN_AttackDown(void) {KeyDown(&in_attack);}
^
Quake/cl_input.c:157:0: style: The function 'IN_AttackUp' should have static linkage since it is not used outside of its translation unit. [staticFunction]
void IN_AttackUp(void) {KeyUp(&in_attack);}
^
Quake/cl_input.c:159:0: style: The function 'IN_UseDown' should have static linkage since it is not used outside of its translation unit. [staticFunction]
void IN_UseDown (void) {KeyDown(&in_use);}
^
Quake/cl_input.c:160:0: style: The function 'IN_UseUp' should have static linkage since it is not used outside of its translation unit. [staticFunction]
void IN_UseUp (void) {KeyUp(&in_use);}
^
Quake/cl_input.c:161:0: style: The function 'IN_JumpDown' should have static linkage since it is not used outside of its translation unit. [staticFunction]
void IN_JumpDown (void) {KeyDown(&in_jump);}
^
Quake/cl_input.c:162:0: style: The function 'IN_JumpUp' should have static linkage since it is not used outside of its translation unit. [staticFunction]
void IN_JumpUp (void) {KeyUp(&in_jump);}
^
Quake/cl_input.c:164:0: style: The function 'IN_Impulse' should have static linkage since it is not used outside of its translation unit. [staticFunction]
void IN_Impulse (void) {in_impulse=Q_atoi(Cmd_Argv(1));}
^
Quake/cl_input.c:176:0: style: The function 'CL_KeyState' should have static linkage since it is not used outside of its translation unit. [staticFunction]
float CL_KeyState (kbutton_t *key)
^
Quake/cl_input.c:244:0: style: The function 'CL_AdjustAngles' should have static linkage since it is not used outside of its translation unit. [staticFunction]
void CL_AdjustAngles (void)
^
Quake/cl_main.c:258:0: style: The function 'CL_PrintEntities_f' should have static linkage since it is not used outside of its translation unit. [staticFunction]
void CL_PrintEntities_f (void)
^
Quake/cl_main.c:362:0: style: The function 'CL_LerpPoint' should have static linkage since it is not used outside of its translation unit. [staticFunction]
float CL_LerpPoint (void)
^
Quake/cl_main.c:408:0: style: The function 'CL_RelinkEntities' should have static linkage since it is not used outside of its translation unit. [staticFunction]
void CL_RelinkEntities (void)
^
Quake/cl_main.c:741:0: style: The function 'CL_Tracepos_f' should have static linkage since it is not used outside of its translation unit. [staticFunction]
void CL_Tracepos_f (void)
^
Quake/cl_main.c:764:0: style: The function 'CL_Viewpos_f' should have static linkage since it is not used outside of its translation unit. [staticFunction]
void CL_Viewpos_f (void)
^
Quake/cl_parse.c:114:0: style: The function 'CL_EntityNum' should have static linkage since it is not used outside of its translation unit. [staticFunction]
entity_t *CL_EntityNum (int num)
^
Quake/cl_parse.c:143:0: style: The function 'CL_ParseStartSoundPacket' should have static linkage since it is not used outside of its translation unit. [staticFunction]
void CL_ParseStartSoundPacket(void)
^
Quake/cl_parse.c:203:0: style: The function 'CL_ParseLocalSound' should have static linkage since it is not used outside of its translation unit. [staticFunction]
void CL_ParseLocalSound(void)
^
Quake/cl_parse.c:224:0: style: The function 'CL_KeepaliveMessage' should have static linkage since it is not used outside of its translation unit. [staticFunction]
void CL_KeepaliveMessage (void)
^
Quake/cl_parse.c:283:0: style: The function 'CL_ParseServerInfo' should have static linkage since it is not used outside of its translation unit. [staticFunction]
void CL_ParseServerInfo (void)
^
Quake/cl_parse.c:451:0: style: The function 'CL_ParseUpdate' should have static linkage since it is not used outside of its translation unit. [staticFunction]
void CL_ParseUpdate (int bits)
^
Quake/cl_parse.c:670:0: style: The function 'CL_ParseBaseline' should have static linkage since it is not used outside of its translation unit. [staticFunction]
void CL_ParseBaseline (entity_t *ent, int version) //johnfitz -- added argument
^
Quake/cl_parse.c:701:0: style: The function 'CL_ParseClientdata' should have static linkage since it is not used outside of its translation unit. [staticFunction]
void CL_ParseClientdata (void)
^
Quake/cl_parse.c:867:0: style: The function 'CL_NewTranslation' should have static linkage since it is not used outside of its translation unit. [staticFunction]
void CL_NewTranslation (int slot)
^
Quake/cl_parse.c:907:0: style: The function 'CL_ParseStatic' should have static linkage since it is not used outside of its translation unit. [staticFunction]
void CL_ParseStatic (int version) //johnfitz -- added a parameter
^
Quake/cl_parse.c:941:0: style: The function 'CL_ParseStaticSound' should have static linkage since it is not used outside of its translation unit. [staticFunction]
void CL_ParseStaticSound (int version) //johnfitz -- added argument
^
Quake/cl_tent.c:59:0: style: The function 'CL_ParseBeam' should have static linkage since it is not used outside of its translation unit. [staticFunction]
void CL_ParseBeam (qmodel_t *m)
^
Quake/cl_tent.c:268:0: style: The function 'CL_NewTempEntity' should have static linkage since it is not used outside of its translation unit. [staticFunction]
entity_t *CL_NewTempEntity (void)
^
Quake/cmd.c:55:0: style: The function 'Cmd_Wait_f' should have static linkage since it is not used outside of its translation unit. [staticFunction]
void Cmd_Wait_f (void)
^
Quake/cmd.c:222:0: style: The function 'Cmd_StuffCmds_f' should have static linkage since it is not used outside of its translation unit. [staticFunction]
void Cmd_StuffCmds_f (void)
^
Quake/cmd.c:261:0: style: The function 'Cmd_Exec_f' should have static linkage since it is not used outside of its translation unit. [staticFunction]
void Cmd_Exec_f (void)
^
Quake/cmd.c:298:0: style: The function 'Cmd_Echo_f' should have static linkage since it is not used outside of its translation unit. [staticFunction]
void Cmd_Echo_f (void)
^
Quake/cmd.c:314:0: style: The function 'Cmd_Alias_f' should have static linkage since it is not used outside of its translation unit. [staticFunction]
void Cmd_Alias_f (void)
^
Quake/cmd.c:389:0: style: The function 'Cmd_Unalias_f' should have static linkage since it is not used outside of its translation unit. [staticFunction]
void Cmd_Unalias_f (void)
^
Quake/cmd.c:426:0: style: The function 'Cmd_Unaliasall_f' should have static linkage since it is not used outside of its translation unit. [staticFunction]
void Cmd_Unaliasall_f (void)
^
Quake/cmd.c:474:0: style: The function 'Cmd_List_f' should have static linkage since it is not used outside of its translation unit. [staticFunction]
void Cmd_List_f (void)
^
Quake/cmd.c:533:0: style: The function 'Cmd_Apropos_f' should have static linkage since it is not used outside of its translation unit. [staticFunction]
void Cmd_Apropos_f(void)
^
Quake/cmd.c:628:0: style: The function 'Cmd_TokenizeString' should have static linkage since it is not used outside of its translation unit. [staticFunction]
void Cmd_TokenizeString (const char *text)
^
Quake/common.c:621:0: style: The function 'ShortSwap' should have static linkage since it is not used outside of its translation unit. [staticFunction]
short ShortSwap (short l)
^
Quake/common.c:631:0: style: The function 'ShortNoSwap' should have static linkage since it is not used outside of its translation unit. [staticFunction]
short ShortNoSwap (short l)
^
Quake/common.c:636:0: style: The function 'LongSwap' should have static linkage since it is not used outside of its translation unit. [staticFunction]
int LongSwap (int l)
^
Quake/common.c:648:0: style: The function 'LongNoSwap' should have static linkage since it is not used outside of its translation unit. [staticFunction]
int LongNoSwap (int l)
^
Quake/common.c:653:0: style: The function 'FloatSwap' should have static linkage since it is not used outside of its translation unit. [staticFunction]
float FloatSwap (float f)
^
Quake/common.c:670:0: style: The function 'FloatNoSwap' should have static linkage since it is not used outside of its translation unit. [staticFunction]
float FloatNoSwap (float f)
^
Quake/common.c:762:0: style: The function 'MSG_WriteCoord16' should have static linkage since it is not used outside of its translation unit. [staticFunction]
void MSG_WriteCoord16 (sizebuf_t *sb, float f)
^
Quake/common.c:768:0: style: The function 'MSG_WriteCoord24' should have static linkage since it is not used outside of its translation unit. [staticFunction]
void MSG_WriteCoord24 (sizebuf_t *sb, float f)
^
Quake/common.c:934:0: style: The function 'MSG_ReadCoord16' should have static linkage since it is not used outside of its translation unit. [staticFunction]
float MSG_ReadCoord16 (void)
^
Quake/common.c:940:0: style: The function 'MSG_ReadCoord24' should have static linkage since it is not used outside of its translation unit. [staticFunction]
float MSG_ReadCoord24 (void)
^
Quake/common.c:1005:0: style: The function 'SZ_GetSpace' should have static linkage since it is not used outside of its translation unit. [staticFunction]
void *SZ_GetSpace (sizebuf_t *buf, int length)
^
Quake/common.c:1658:0: style: The function 'COM_filelength' should have static linkage since it is not used outside of its translation unit. [staticFunction]
long COM_filelength (FILE *f)
^
Quake/common.c:1801:0: style: The function 'COM_OpenFile' should have static linkage since it is not used outside of its translation unit. [staticFunction]
int COM_OpenFile (const char *filename, int *handle, unsigned int *path_id)
^
Quake/common.c:1826:0: style: The function 'COM_CloseFile' should have static linkage since it is not used outside of its translation unit. [staticFunction]
void COM_CloseFile (int h)
^
Quake/common.c:1857:0: style: The function 'COM_LoadFile' should have static linkage since it is not used outside of its translation unit. [staticFunction]
byte *COM_LoadFile (const char *path, int usehunk, unsigned int *path_id)
^
Quake/common.c:2585:0: style: The function 'COM_HashString' should have static linkage since it is not used outside of its translation unit. [staticFunction]
unsigned COM_HashString (const char *str)
^
Quake/common.c:2625:0: style: The function 'LOC_LoadFile' should have static linkage since it is not used outside of its translation unit. [staticFunction]
void LOC_LoadFile (const char *file)
^
Quake/common.c:2887:0: style: The function 'LOC_GetRawString' should have static linkage since it is not used outside of its translation unit. [staticFunction]
const char* LOC_GetRawString (const char *key)
^
Quake/console.c:468:0: style: The function 'Con_DebugLog' should have static linkage since it is not used outside of its translation unit. [staticFunction]
void Con_DebugLog(const char *msg)
^
Quake/console.c:647:0: style: The function 'Con_CenterPrintf' should have static linkage since it is not used outside of its translation unit. [staticFunction]
void Con_CenterPrintf (int linewidth, const char *fmt, ...)
^
Quake/console.c:758:0: style: The function 'AddToTabList' should have static linkage since it is not used outside of its translation unit. [staticFunction]
void AddToTabList (const char *name, const char *type)
^
Quake/console.c:841:0: style: The function 'FindCompletion' should have static linkage since it is not used outside of its translation unit. [staticFunction]
const char *FindCompletion (const char *partial, filelist_item_t *filelist, int *nummatches_out)
^
Quake/console.c:897:0: style: The function 'BuildTabList' should have static linkage since it is not used outside of its translation unit. [staticFunction]
void BuildTabList (const char *partial)
^
Quake/console.c:1158:0: style: The function 'Con_DrawInput' should have static linkage since it is not used outside of its translation unit. [staticFunction]
void Con_DrawInput (void)
^
Quake/cvar.c:42:0: style: The function 'Cvar_List_f' should have static linkage since it is not used outside of its translation unit. [staticFunction]
void Cvar_List_f (void)
^
Quake/cvar.c:87:0: style: The function 'Cvar_Inc_f' should have static linkage since it is not used outside of its translation unit. [staticFunction]
void Cvar_Inc_f (void)
^
Quake/cvar.c:109:0: style: The function 'Cvar_Toggle_f' should have static linkage since it is not used outside of its translation unit. [staticFunction]
void Cvar_Toggle_f (void)
^
Quake/cvar.c:131:0: style: The function 'Cvar_Cycle_f' should have static linkage since it is not used outside of its translation unit. [staticFunction]
void Cvar_Cycle_f (void)
^
Quake/cvar.c:174:0: style: The function 'Cvar_Reset_f' should have static linkage since it is not used outside of its translation unit. [staticFunction]
void Cvar_Reset_f (void)
^
Quake/cvar.c:193:0: style: The function 'Cvar_ResetAll_f' should have static linkage since it is not used outside of its translation unit. [staticFunction]
void Cvar_ResetAll_f (void)
^
Quake/cvar.c:206:0: style: The function 'Cvar_ResetCfg_f' should have static linkage since it is not used outside of its translation unit. [staticFunction]
void Cvar_ResetCfg_f (void)
^
Quake/cvar.c:248:0: style: The function 'Cvar_FindVar' should have static linkage since it is not used outside of its translation unit. [staticFunction]
cvar_t *Cvar_FindVar (const char *var_name)
^
Quake/cvar.c:375:0: style: The function 'Cvar_Reset' should have static linkage since it is not used outside of its translation unit. [staticFunction]
void Cvar_Reset (const char *name)
^
Quake/gl_draw.c:150:0: style: The function 'Scrap_AllocBlock' should have static linkage since it is not used outside of its translation unit. [staticFunction]
int Scrap_AllocBlock (int w, int h, int *x, int *y)
^
Quake/gl_draw.c:196:0: style: The function 'Scrap_Upload' should have static linkage since it is not used outside of its translation unit. [staticFunction]
void Scrap_Upload (void)
^
Quake/gl_draw.c:322:0: style: The function 'Draw_MakePic' should have static linkage since it is not used outside of its translation unit. [staticFunction]
qpic_t *Draw_MakePic (const char *name, int width, int height, byte *data)
^
Quake/gl_draw.c:353:0: style: The function 'Draw_LoadPics' should have static linkage since it is not used outside of its translation unit. [staticFunction]
void Draw_LoadPics (void)
^
Quake/gl_draw.c:431:0: style: The function 'Draw_CharacterQuad' should have static linkage since it is not used outside of its translation unit. [staticFunction]
void Draw_CharacterQuad (int x, int y, char num)
^
Quake/gl_fog.c:55:0: style: The function 'Fog_Update' should have static linkage since it is not used outside of its translation unit. [staticFunction]
void Fog_Update (float density, float red, float green, float blue, float time)
^
Quake/gl_fog.c:116:0: style: The function 'Fog_FogCommand_f' should have static linkage since it is not used outside of its translation unit. [staticFunction]
void Fog_FogCommand_f (void)
^
Quake/gl_fog.c:188:0: style: The function 'Fog_ParseWorldspawn' should have static linkage since it is not used outside of its translation unit. [staticFunction]
void Fog_ParseWorldspawn (void)
^
Quake/gl_fog.c:374:0: style: The function 'Fog_MarkModels' should have static linkage since it is not used outside of its translation unit. [staticFunction]
void Fog_MarkModels (void){}
^
Quake/gl_refrag.c:91:0: style: The function 'R_SplitEntityOnNode' should have static linkage since it is not used outside of its translation unit. [staticFunction]
void R_SplitEntityOnNode (mnode_t *node)
^
Quake/gl_rlight.c:73:0: style: The function 'AddLightBlend' should have static linkage since it is not used outside of its translation unit. [staticFunction]
void AddLightBlend (float r, float g, float b, float a2)
^
Quake/gl_rlight.c:86:0: style: The function 'R_RenderDlight' should have static linkage since it is not used outside of its translation unit. [staticFunction]
void R_RenderDlight (dlight_t *light)
^
Quake/gl_rlight.c:272:0: style: The function 'RecursiveLightPoint' should have static linkage since it is not used outside of its translation unit. [staticFunction]
int RecursiveLightPoint (vec3_t color, mnode_t *node, vec3_t rayorg, vec3_t start, vec3_t end, float *maxdist)
^
Quake/gl_rmain.c:535:0: style: The function 'SignbitsForPlane' should have static linkage since it is not used outside of its translation unit. [staticFunction]
int SignbitsForPlane (mplane_t *out)
^
Quake/gl_rmain.c:560:0: style: The function 'TurnVector' should have static linkage since it is not used outside of its translation unit. [staticFunction]
void TurnVector (vec3_t out, const vec3_t forward, const vec3_t side, float angle)
^
Quake/gl_rmain.c:577:0: style: The function 'R_SetFrustum' should have static linkage since it is not used outside of its translation unit. [staticFunction]
void R_SetFrustum (float fovx, float fovy)
^
Quake/gl_rmain.c:604:0: style: The function 'GL_SetFrustum' should have static linkage since it is not used outside of its translation unit. [staticFunction]
void GL_SetFrustum(float fovx, float fovy)
^
Quake/gl_rmain.c:617:0: style: The function 'R_SetupGL' should have static linkage since it is not used outside of its translation unit. [staticFunction]
void R_SetupGL (void)
^
Quake/gl_rmain.c:663:0: style: The function 'R_Clear' should have static linkage since it is not used outside of its translation unit. [staticFunction]
void R_Clear (void)
^
Quake/gl_rmain.c:681:0: style: The function 'R_SetupScene' should have static linkage since it is not used outside of its translation unit. [staticFunction]
void R_SetupScene (void)
^
Quake/gl_rmain.c:691:0: style: The function 'R_SetupView' should have static linkage since it is not used outside of its translation unit. [staticFunction]
void R_SetupView (void)
^
Quake/gl_rmain.c:761:0: style: The function 'R_DrawEntitiesOnList' should have static linkage since it is not used outside of its translation unit. [staticFunction]
void R_DrawEntitiesOnList (qboolean alphapass) //johnfitz -- added parameter
^
Quake/gl_rmain.c:804:0: style: The function 'R_DrawViewModel' should have static linkage since it is not used outside of its translation unit. [staticFunction]
void R_DrawViewModel (void)
^
Quake/gl_rmain.c:832:0: style: The function 'R_EmitWirePoint' should have static linkage since it is not used outside of its translation unit. [staticFunction]
void R_EmitWirePoint (vec3_t origin)
^
Quake/gl_rmain.c:851:0: style: The function 'R_EmitWireBox' should have static linkage since it is not used outside of its translation unit. [staticFunction]
void R_EmitWireBox (vec3_t mins, vec3_t maxs)
^
Quake/gl_rmain.c:874:0: style: The function 'R_ShowBoundingBoxes' should have static linkage since it is not used outside of its translation unit. [staticFunction]
void R_ShowBoundingBoxes (void)
^
Quake/gl_rmain.c:929:0: style: The function 'R_ShowTris' should have static linkage since it is not used outside of its translation unit. [staticFunction]
void R_ShowTris (void)
^
Quake/gl_rmain.c:1013:0: style: The function 'R_DrawShadows' should have static linkage since it is not used outside of its translation unit. [staticFunction]
void R_DrawShadows (void)
^
Quake/gl_rmain.c:1072:0: style: The function 'R_RenderScene' should have static linkage since it is not used outside of its translation unit. [staticFunction]
void R_RenderScene (void)
^
Quake/gl_rmain.c:1146:0: style: The function 'R_ScaleView' should have static linkage since it is not used outside of its translation unit. [staticFunction]
void R_ScaleView (void)
^
Quake/gl_rmisc.c:460:0: style: The function 'R_TimeRefresh_f' should have static linkage since it is not used outside of its translation unit. [staticFunction]
void R_TimeRefresh_f (void)
^
Quake/gl_screen.c:164:0: style: The function 'SCR_DrawCenterString' should have static linkage since it is not used outside of its translation unit. [staticFunction]
void SCR_DrawCenterString (void) //actually do the drawing
^
Quake/gl_screen.c:215:0: style: The function 'SCR_CheckDrawCenterString' should have static linkage since it is not used outside of its translation unit. [staticFunction]
void SCR_CheckDrawCenterString (void)
^
Quake/gl_screen.c:241:0: style: The function 'AdaptFovx' should have static linkage since it is not used outside of its translation unit. [staticFunction]
float AdaptFovx (float fov_x, float width, float height)
^
Quake/gl_screen.c:262:0: style: The function 'CalcFovy' should have static linkage since it is not used outside of its translation unit. [staticFunction]
float CalcFovy (float fov_x, float width, float height)
^
Quake/gl_screen.c:341:0: style: The function 'SCR_SizeUp_f' should have static linkage since it is not used outside of its translation unit. [staticFunction]
void SCR_SizeUp_f (void)
^
Quake/gl_screen.c:354:0: style: The function 'SCR_SizeDown_f' should have static linkage since it is not used outside of its translation unit. [staticFunction]
void SCR_SizeDown_f (void)
^
Quake/gl_screen.c:369:0: style: The function 'SCR_Conwidth_f' should have static linkage since it is not used outside of its translation unit. [staticFunction]
void SCR_Conwidth_f (cvar_t *var)
^
Quake/gl_screen.c:447:0: style: The function 'SCR_DrawFPS' should have static linkage since it is not used outside of its translation unit. [staticFunction]
void SCR_DrawFPS (void)
^
Quake/gl_screen.c:491:0: style: The function 'SCR_DrawClock' should have static linkage since it is not used outside of its translation unit. [staticFunction]
void SCR_DrawClock (void)
^
Quake/gl_screen.c:519:0: style: The function 'SCR_DrawDevStats' should have static linkage since it is not used outside of its translation unit. [staticFunction]
void SCR_DrawDevStats (void)
^
Quake/gl_screen.c:565:0: style: The function 'SCR_DrawTurtle' should have static linkage since it is not used outside of its translation unit. [staticFunction]
void SCR_DrawTurtle (void)
^
Quake/gl_screen.c:592:0: style: The function 'SCR_DrawNet' should have static linkage since it is not used outside of its translation unit. [staticFunction]
void SCR_DrawNet (void)
^
Quake/gl_screen.c:609:0: style: The function 'SCR_DrawPause' should have static linkage since it is not used outside of its translation unit. [staticFunction]
void SCR_DrawPause (void)
^
Quake/gl_screen.c:632:0: style: The function 'SCR_DrawLoading' should have static linkage since it is not used outside of its translation unit. [staticFunction]
void SCR_DrawLoading (void)
^
Quake/gl_screen.c:652:0: style: The function 'SCR_DrawCrosshair' should have static linkage since it is not used outside of its translation unit. [staticFunction]
void SCR_DrawCrosshair (void)
^
Quake/gl_screen.c:671:0: style: The function 'SCR_SetUpToDrawConsole' should have static linkage since it is not used outside of its translation unit. [staticFunction]
void SCR_SetUpToDrawConsole (void)
^
Quake/gl_screen.c:726:0: style: The function 'SCR_DrawConsole' should have static linkage since it is not used outside of its translation unit. [staticFunction]
void SCR_DrawConsole (void)
^
Quake/gl_screen.c:762:0: style: The function 'SCR_ScreenShot_f' should have static linkage since it is not used outside of its translation unit. [staticFunction]
void SCR_ScreenShot_f (void)
^
Quake/gl_screen.c:923:0: style: The function 'SCR_DrawNotifyString' should have static linkage since it is not used outside of its translation unit. [staticFunction]
void SCR_DrawNotifyString (void)
^
Quake/gl_screen.c:1024:0: style: The function 'SCR_TileClear' should have static linkage since it is not used outside of its translation unit. [staticFunction]
void SCR_TileClear (void)
^
Quake/gl_sky.c:360:0: style: The function 'Sky_SkyCommand_f' should have static linkage since it is not used outside of its translation unit. [staticFunction]
void Sky_SkyCommand_f (void)
^
Quake/gl_sky.c:421:0: style: The function 'Sky_ProjectPoly' should have static linkage since it is not used outside of its translation unit. [staticFunction]
void Sky_ProjectPoly (int nump, vec3_t vecs)
^
Quake/gl_sky.c:614:0: style: The function 'Sky_ProcessPoly' should have static linkage since it is not used outside of its translation unit. [staticFunction]
void Sky_ProcessPoly (glpoly_t *p)
^
Quake/gl_sky.c:645:0: style: The function 'Sky_ProcessTextureChains' should have static linkage since it is not used outside of its translation unit. [staticFunction]
void Sky_ProcessTextureChains (void)
^
Quake/gl_sky.c:671:0: style: The function 'Sky_ProcessEntities' should have static linkage since it is not used outside of its translation unit. [staticFunction]
void Sky_ProcessEntities (void)
^
Quake/gl_sky.c:760:0: style: The function 'Sky_EmitSkyBoxVertex' should have static linkage since it is not used outside of its translation unit. [staticFunction]
void Sky_EmitSkyBoxVertex (float s, float t, int axis)
^
Quake/gl_sky.c:802:0: style: The function 'Sky_DrawSkyBox' should have static linkage since it is not used outside of its translation unit. [staticFunction]
void Sky_DrawSkyBox (void)
^
Quake/gl_sky.c:865:0: style: The function 'Sky_SetBoxVert' should have static linkage since it is not used outside of its translation unit. [staticFunction]
void Sky_SetBoxVert (float s, float t, int axis, vec3_t v)
^
Quake/gl_sky.c:890:0: style: The function 'Sky_GetTexCoord' should have static linkage since it is not used outside of its translation unit. [staticFunction]
void Sky_GetTexCoord (vec3_t v, float speed, float *s, float *t)
^
Quake/gl_sky.c:919:0: style: The function 'Sky_DrawFaceQuad' should have static linkage since it is not used outside of its translation unit. [staticFunction]
void Sky_DrawFaceQuad (glpoly_t *p)
^
Quake/gl_sky.c:1027:0: style: The function 'Sky_DrawFace' should have static linkage since it is not used outside of its translation unit. [staticFunction]
void Sky_DrawFace (int axis)
^
Quake/gl_sky.c:1086:0: style: The function 'Sky_DrawSkyLayers' should have static linkage since it is not used outside of its translation unit. [staticFunction]
void Sky_DrawSkyLayers (void)
^
Quake/gl_texmgr.c:387:0: style: The function 'TexMgr_FindTexture' should have static linkage since it is not used outside of its translation unit. [staticFunction]
gltexture_t *TexMgr_FindTexture (qmodel_t *owner, const char *name)
^
Quake/gl_texmgr.c:408:0: style: The function 'TexMgr_NewTexture' should have static linkage since it is not used outside of its translation unit. [staticFunction]
gltexture_t *TexMgr_NewTexture (void)
^
Quake/gl_texmgr.c:483:0: style: The function 'TexMgr_FreeTextures' should have static linkage since it is not used outside of its translation unit. [staticFunction]
void TexMgr_FreeTextures (unsigned int flags, unsigned int mask)
^
Quake/gl_texmgr.c:540:0: style: The function 'TexMgr_LoadPalette' should have static linkage since it is not used outside of its translation unit. [staticFunction]
void TexMgr_LoadPalette (void)
^
Quake/gl_texmgr.c:871:0: style: The function 'TexMgr_SafeTextureSize' should have static linkage since it is not used outside of its translation unit. [staticFunction]
int TexMgr_SafeTextureSize (int s)
^
Quake/gl_vidsdl.c:2100:0: style: The function 'VID_SyncCvars' should have static linkage since it is not used outside of its translation unit. [staticFunction]
void VID_SyncCvars (void)
^
Quake/host.c:189:0: style: The function 'Host_FindMaxClients' should have static linkage since it is not used outside of its translation unit. [staticFunction]
void Host_FindMaxClients (void)
^
Quake/host.c:235:0: style: The function 'Host_Version_f' should have static linkage since it is not used outside of its translation unit. [staticFunction]
void Host_Version_f (void)
^
Quake/host.c:254:0: style: The function 'Host_InitLocal' should have static linkage since it is not used outside of its translation unit. [staticFunction]
void Host_InitLocal (void)
^
Quake/host.c:576:0: style: The function 'Host_FilterTime' should have static linkage since it is not used outside of its translation unit. [staticFunction]
qboolean Host_FilterTime (float time)
^
Quake/host.c:610:0: style: The function 'Host_GetConsoleCommands' should have static linkage since it is not used outside of its translation unit. [staticFunction]
void Host_GetConsoleCommands (void)
^
Quake/host.c:631:0: style: The function 'Host_ServerFrame' should have static linkage since it is not used outside of its translation unit. [staticFunction]
void Host_ServerFrame (void)
^
Quake/host.c:680:0: style: The function '_Host_Frame' should have static linkage since it is not used outside of its translation unit. [staticFunction]
void _Host_Frame (float time)
^
Quake/image.c:114:0: style: The function 'fgetLittleShort' should have static linkage since it is not used outside of its translation unit. [staticFunction]
int fgetLittleShort (FILE *f)
^
Quake/image.c:189:0: style: The function 'Image_LoadTGA' should have static linkage since it is not used outside of its translation unit. [staticFunction]
byte *Image_LoadTGA (FILE *fin, int *width, int *height)
^
Quake/image.c:468:0: style: The function 'Image_LoadPCX' should have static linkage since it is not used outside of its translation unit. [staticFunction]
byte *Image_LoadPCX (FILE *f, int *width, int *height)
^
Quake/in_sdl.c:289:0: style: The function 'IN_StartupJoystick' should have static linkage since it is not used outside of its translation unit. [staticFunction]
void IN_StartupJoystick (void)
^
Quake/in_sdl.c:349:0: style: The function 'IN_ShutdownJoystick' should have static linkage since it is not used outside of its translation unit. [staticFunction]
void IN_ShutdownJoystick (void)
^
Quake/in_sdl.c:408:0: style: The function 'IN_MouseMotion' should have static linkage since it is not used outside of its translation unit. [staticFunction]
void IN_MouseMotion(int dx, int dy)
^
Quake/in_sdl.c:641:0: style: The function 'IN_JoyMove' should have static linkage since it is not used outside of its translation unit. [staticFunction]
void IN_JoyMove (usercmd_t *cmd)
^
Quake/in_sdl.c:703:0: style: The function 'IN_MouseMove' should have static linkage since it is not used outside of its translation unit. [staticFunction]
void IN_MouseMove(usercmd_t *cmd)
^
Quake/keys.c:241:0: style: The function 'Key_Console' should have static linkage since it is not used outside of its translation unit. [staticFunction]
void Key_Console (int key)
^
Quake/keys.c:453:0: style: The function 'Char_Console' should have static linkage since it is not used outside of its translation unit. [staticFunction]
void Char_Console (int key)
^
Quake/keys.c:513:0: style: The function 'Key_Message' should have static linkage since it is not used outside of its translation unit. [staticFunction]
void Key_Message (int key)
^
Quake/keys.c:540:0: style: The function 'Char_Message' should have static linkage since it is not used outside of its translation unit. [staticFunction]
void Char_Message (int key)
^
Quake/keys.c:561:0: style: The function 'Key_StringToKeynum' should have static linkage since it is not used outside of its translation unit. [staticFunction]
int Key_StringToKeynum (const char *str)
^
Quake/keys.c:638:0: style: The function 'Key_Unbind_f' should have static linkage since it is not used outside of its translation unit. [staticFunction]
void Key_Unbind_f (void)
^
Quake/keys.c:658:0: style: The function 'Key_Unbindall_f' should have static linkage since it is not used outside of its translation unit. [staticFunction]
void Key_Unbindall_f (void)
^
Quake/keys.c:674:0: style: The function 'Key_Bindlist_f' should have static linkage since it is not used outside of its translation unit. [staticFunction]
void Key_Bindlist_f (void)
^
Quake/keys.c:695:0: style: The function 'Key_Bind_f' should have static linkage since it is not used outside of its translation unit. [staticFunction]
void Key_Bind_f (void)
^
Quake/keys.c:757:0: style: The function 'History_Init' should have static linkage since it is not used outside of its translation unit. [staticFunction]
void History_Init (void)
^
Quake/lodepng.c:384:0: style: The function 'lodepng_load_file' should have static linkage since it is not used outside of its translation unit. [staticFunction]
unsigned lodepng_load_file(unsigned char** out, size_t* outsize, const char* filename) {
^
Quake/lodepng.c:945:0: style: The function 'lodepng_huffman_code_lengths' should have static linkage since it is not used outside of its translation unit. [staticFunction]
unsigned lodepng_huffman_code_lengths(unsigned* lengths, const unsigned* frequencies,
^
Quake/lodepng.c:2112:0: style: The function 'lodepng_deflate' should have static linkage since it is not used outside of its translation unit. [staticFunction]
unsigned lodepng_deflate(unsigned char** out, size_t* outsize,
^
Quake/lodepng.c:2252:0: style: The function 'lodepng_zlib_compress' should have static linkage since it is not used outside of its translation unit. [staticFunction]
unsigned lodepng_zlib_compress(unsigned char** out, size_t* outsize, const unsigned char* in,
^
Quake/lodepng.c:2330:0: style: The function 'lodepng_compress_settings_init' should have static linkage since it is not used outside of its translation unit. [staticFunction]
void lodepng_compress_settings_init(LodePNGCompressSettings* settings) {
^
Quake/lodepng.c:2351:0: style: The function 'lodepng_decompress_settings_init' should have static linkage since it is not used outside of its translation unit. [staticFunction]
void lodepng_decompress_settings_init(LodePNGDecompressSettings* settings) {
^
Quake/lodepng.c:2416:0: style: The function 'lodepng_crc32' should have static linkage since it is not used outside of its translation unit. [staticFunction]
unsigned lodepng_crc32(const unsigned char* data, size_t length) {
^
Quake/lodepng.c:2465:0: style: The function 'lodepng_chunk_length' should have static linkage since it is not used outside of its translation unit. [staticFunction]
unsigned lodepng_chunk_length(const unsigned char* chunk) {
^
Quake/lodepng.c:2475:0: style: The function 'lodepng_chunk_type_equals' should have static linkage since it is not used outside of its translation unit. [staticFunction]
unsigned char lodepng_chunk_type_equals(const unsigned char* chunk, const char* type) {
^
Quake/lodepng.c:2480:0: style: The function 'lodepng_chunk_ancillary' should have static linkage since it is not used outside of its translation unit. [staticFunction]
unsigned char lodepng_chunk_ancillary(const unsigned char* chunk) {
^
Quake/lodepng.c:2496:0: style: The function 'lodepng_chunk_data_const' should have static linkage since it is not used outside of its translation unit. [staticFunction]
const unsigned char* lodepng_chunk_data_const(const unsigned char* chunk) {
^
Quake/lodepng.c:2500:0: style: The function 'lodepng_chunk_check_crc' should have static linkage since it is not used outside of its translation unit. [staticFunction]
unsigned lodepng_chunk_check_crc(const unsigned char* chunk) {
^
Quake/lodepng.c:2509:0: style: The function 'lodepng_chunk_generate_crc' should have static linkage since it is not used outside of its translation unit. [staticFunction]
void lodepng_chunk_generate_crc(unsigned char* chunk) {
^
Quake/lodepng.c:2515:0: style: The function 'lodepng_chunk_next' should have static linkage since it is not used outside of its translation unit. [staticFunction]
unsigned char* lodepng_chunk_next(unsigned char* chunk, unsigned char* end) {
^
Quake/lodepng.c:2530:0: style: The function 'lodepng_chunk_next_const' should have static linkage since it is not used outside of its translation unit. [staticFunction]
const unsigned char* lodepng_chunk_next_const(const unsigned char* chunk, const unsigned char* end) {
^
Quake/lodepng.c:2561:0: style: The function 'lodepng_chunk_append' should have static linkage since it is not used outside of its translation unit. [staticFunction]
unsigned lodepng_chunk_append(unsigned char** out, size_t* outsize, const unsigned char* chunk) {
^
Quake/lodepng.c:2664:0: style: The function 'lodepng_color_mode_init' should have static linkage since it is not used outside of its translation unit. [staticFunction]
void lodepng_color_mode_init(LodePNGColorMode* info) {
^
Quake/lodepng.c:2691:0: style: The function 'lodepng_color_mode_cleanup' should have static linkage since it is not used outside of its translation unit. [staticFunction]
void lodepng_color_mode_cleanup(LodePNGColorMode* info) {
^
Quake/lodepng.c:2695:0: style: The function 'lodepng_color_mode_copy' should have static linkage since it is not used outside of its translation unit. [staticFunction]
unsigned lodepng_color_mode_copy(LodePNGColorMode* dest, const LodePNGColorMode* source) {
^
Quake/lodepng.c:2706:0: style: The function 'lodepng_color_mode_make' should have static linkage since it is not used outside of its translation unit. [staticFunction]
LodePNGColorMode lodepng_color_mode_make(LodePNGColorType colortype, unsigned bitdepth) {
^
Quake/lodepng.c:2731:0: style: The function 'lodepng_palette_clear' should have static linkage since it is not used outside of its translation unit. [staticFunction]
void lodepng_palette_clear(LodePNGColorMode* info) {
^
Quake/lodepng.c:2737:0: style: The function 'lodepng_palette_add' should have static linkage since it is not used outside of its translation unit. [staticFunction]
unsigned lodepng_palette_add(LodePNGColorMode* info,
^
Quake/lodepng.c:2755:0: style: The function 'lodepng_get_bpp' should have static linkage since it is not used outside of its translation unit. [staticFunction]
unsigned lodepng_get_bpp(const LodePNGColorMode* info) {
^
Quake/lodepng.c:2763:0: style: The function 'lodepng_is_greyscale_type' should have static linkage since it is not used outside of its translation unit. [staticFunction]
unsigned lodepng_is_greyscale_type(const LodePNGColorMode* info) {
^
Quake/lodepng.c:2767:0: style: The function 'lodepng_is_alpha_type' should have static linkage since it is not used outside of its translation unit. [staticFunction]
unsigned lodepng_is_alpha_type(const LodePNGColorMode* info) {
^
Quake/lodepng.c:2775:0: style: The function 'lodepng_has_palette_alpha' should have static linkage since it is not used outside of its translation unit. [staticFunction]
unsigned lodepng_has_palette_alpha(const LodePNGColorMode* info) {
^
Quake/lodepng.c:2783:0: style: The function 'lodepng_can_have_alpha' should have static linkage since it is not used outside of its translation unit. [staticFunction]
unsigned lodepng_can_have_alpha(const LodePNGColorMode* info) {
^
Quake/lodepng.c:2795:0: style: The function 'lodepng_get_raw_size' should have static linkage since it is not used outside of its translation unit. [staticFunction]
size_t lodepng_get_raw_size(unsigned w, unsigned h, const LodePNGColorMode* color) {
^
Quake/lodepng.c:2919:0: style: The function 'lodepng_add_text' should have static linkage since it is not used outside of its translation unit. [staticFunction]
unsigned lodepng_add_text(LodePNGInfo* info, const char* key, const char* str) {
^
Quake/lodepng.c:2993:0: style: The function 'lodepng_add_itext' should have static linkage since it is not used outside of its translation unit. [staticFunction]
unsigned lodepng_add_itext(LodePNGInfo* info, const char* key, const char* langtag,
^
Quake/lodepng.c:3020:0: style: The function 'lodepng_clear_icc' should have static linkage since it is not used outside of its translation unit. [staticFunction]
void lodepng_clear_icc(LodePNGInfo* info) {
^
Quake/lodepng.c:3029:0: style: The function 'lodepng_info_init' should have static linkage since it is not used outside of its translation unit. [staticFunction]
void lodepng_info_init(LodePNGInfo* info) {
^
Quake/lodepng.c:3058:0: style: The function 'lodepng_info_cleanup' should have static linkage since it is not used outside of its translation unit. [staticFunction]
void lodepng_info_cleanup(LodePNGInfo* info) {
^
Quake/lodepng.c:3070:0: style: The function 'lodepng_info_copy' should have static linkage since it is not used outside of its translation unit. [staticFunction]
unsigned lodepng_info_copy(LodePNGInfo* dest, const LodePNGInfo* source) {
^
Quake/lodepng.c:3524:0: style: The function 'lodepng_convert' should have static linkage since it is not used outside of its translation unit. [staticFunction]
unsigned lodepng_convert(unsigned char* out, const unsigned char* in,
^
Quake/lodepng.c:3660:0: style: The function 'lodepng_color_stats_init' should have static linkage since it is not used outside of its translation unit. [staticFunction]
void lodepng_color_stats_init(LodePNGColorStats* stats) {
^
Quake/lodepng.c:3695:0: style: The function 'lodepng_compute_color_stats' should have static linkage since it is not used outside of its translation unit. [staticFunction]
unsigned lodepng_compute_color_stats(LodePNGColorStats* stats,
^
Quake/lodepng.c:4040:0: style: The function 'lodepng_inspect' should have static linkage since it is not used outside of its translation unit. [staticFunction]
unsigned lodepng_inspect(unsigned* w, unsigned* h, LodePNGState* state,
^
Quake/lodepng.c:5034:0: style: The function 'lodepng_decode' should have static linkage since it is not used outside of its translation unit. [staticFunction]
unsigned lodepng_decode(unsigned char** out, unsigned* w, unsigned* h,
^
Quake/lodepng.c:5071:0: style: The function 'lodepng_decode_memory' should have static linkage since it is not used outside of its translation unit. [staticFunction]
unsigned lodepng_decode_memory(unsigned char** out, unsigned* w, unsigned* h, const unsigned char* in,
^
Quake/lodepng.c:5097:0: style: The function 'lodepng_decode_file' should have static linkage since it is not used outside of its translation unit. [staticFunction]
unsigned lodepng_decode_file(unsigned char** out, unsigned* w, unsigned* h, const char* filename,
^
Quake/lodepng.c:5120:0: style: The function 'lodepng_decoder_settings_init' should have static linkage since it is not used outside of its translation unit. [staticFunction]
void lodepng_decoder_settings_init(LodePNGDecoderSettings* settings) {
^
Quake/lodepng.c:6272:0: style: The function 'lodepng_encode_memory' should have static linkage since it is not used outside of its translation unit. [staticFunction]
unsigned lodepng_encode_memory(unsigned char** out, size_t* outsize, const unsigned char* image,
^
Quake/lodepng.c:6296:0: style: The function 'lodepng_encode_file' should have static linkage since it is not used outside of its translation unit. [staticFunction]
unsigned lodepng_encode_file(const char* filename, const unsigned char* image, unsigned w, unsigned h,
^
Quake/lodepng.c:6315:0: style: The function 'lodepng_encoder_settings_init' should have static linkage since it is not used outside of its translation unit. [staticFunction]
void lodepng_encoder_settings_init(LodePNGEncoderSettings* settings) {
^
Quake/mathlib.c:47:0: style: The function 'ProjectPointOnPlane' should have static linkage since it is not used outside of its translation unit. [staticFunction]
void ProjectPointOnPlane( vec3_t dst, const vec3_t p, const vec3_t normal )
^
Quake/menu.c:140:0: style: The function 'M_DrawTransPicTranslate' should have static linkage since it is not used outside of its translation unit. [staticFunction]
void M_DrawTransPicTranslate (int x, int y, qpic_t *pic, int top, int bottom) //johnfitz -- more parameters
^
Quake/menu.c:145:0: style: The function 'M_DrawTextBox' should have static linkage since it is not used outside of its translation unit. [staticFunction]
void M_DrawTextBox (int x, int y, int width, int lines)
^
Quake/menu.c:258:0: style: The function 'M_Main_Draw' should have static linkage since it is not used outside of its translation unit. [staticFunction]
void M_Main_Draw (void)
^
Quake/menu.c:274:0: style: The function 'M_Main_Key' should have static linkage since it is not used outside of its translation unit. [staticFunction]
void M_Main_Key (int key)
^
Quake/menu.c:339:0: style: The function 'M_Menu_SinglePlayer_f' should have static linkage since it is not used outside of its translation unit. [staticFunction]
void M_Menu_SinglePlayer_f (void)
^
Quake/menu.c:348:0: style: The function 'M_SinglePlayer_Draw' should have static linkage since it is not used outside of its translation unit. [staticFunction]
void M_SinglePlayer_Draw (void)
^
Quake/menu.c:364:0: style: The function 'M_SinglePlayer_Key' should have static linkage since it is not used outside of its translation unit. [staticFunction]
void M_SinglePlayer_Key (int key)
^
Quake/menu.c:426:0: style: The function 'M_ScanSaves' should have static linkage since it is not used outside of its translation unit. [staticFunction]
void M_ScanSaves (void)
^
Quake/menu.c:460:0: style: The function 'M_Menu_Load_f' should have static linkage since it is not used outside of its translation unit. [staticFunction]
void M_Menu_Load_f (void)
^
Quake/menu.c:471:0: style: The function 'M_Menu_Save_f' should have static linkage since it is not used outside of its translation unit. [staticFunction]
void M_Menu_Save_f (void)
^
Quake/menu.c:488:0: style: The function 'M_Load_Draw' should have static linkage since it is not used outside of its translation unit. [staticFunction]
void M_Load_Draw (void)
^
Quake/menu.c:504:0: style: The function 'M_Save_Draw' should have static linkage since it is not used outside of its translation unit. [staticFunction]
void M_Save_Draw (void)
^
Quake/menu.c:520:0: style: The function 'M_Load_Key' should have static linkage since it is not used outside of its translation unit. [staticFunction]
void M_Load_Key (int k)
^
Quake/menu.c:565:0: style: The function 'M_Save_Key' should have static linkage since it is not used outside of its translation unit. [staticFunction]
void M_Save_Key (int k)
^
Quake/menu.c:608:0: style: The function 'M_Menu_MultiPlayer_f' should have static linkage since it is not used outside of its translation unit. [staticFunction]
void M_Menu_MultiPlayer_f (void)
^
Quake/menu.c:617:0: style: The function 'M_MultiPlayer_Draw' should have static linkage since it is not used outside of its translation unit. [staticFunction]
void M_MultiPlayer_Draw (void)
^
Quake/menu.c:637:0: style: The function 'M_MultiPlayer_Key' should have static linkage since it is not used outside of its translation unit. [staticFunction]
void M_MultiPlayer_Key (int key)
^
Quake/menu.c:696:0: style: The function 'M_Menu_Setup_f' should have static linkage since it is not used outside of its translation unit. [staticFunction]
void M_Menu_Setup_f (void)
^
Quake/menu.c:709:0: style: The function 'M_Setup_Draw' should have static linkage since it is not used outside of its translation unit. [staticFunction]
void M_Setup_Draw (void)
^
Quake/menu.c:746:0: style: The function 'M_Setup_Key' should have static linkage since it is not used outside of its translation unit. [staticFunction]
void M_Setup_Key (int k)
^
Quake/menu.c:835:0: style: The function 'M_Setup_Char' should have static linkage since it is not used outside of its translation unit. [staticFunction]
void M_Setup_Char (int k)
^
Quake/menu.c:861:0: style: The function 'M_Setup_TextEntry' should have static linkage since it is not used outside of its translation unit. [staticFunction]
qboolean M_Setup_TextEntry (void)
^
Quake/menu.c:886:0: style: The function 'M_Menu_Net_f' should have static linkage since it is not used outside of its translation unit. [staticFunction]
void M_Menu_Net_f (void)
^
Quake/menu.c:901:0: style: The function 'M_Net_Draw' should have static linkage since it is not used outside of its translation unit. [staticFunction]
void M_Net_Draw (void)
^
Quake/menu.c:938:0: style: The function 'M_Net_Key' should have static linkage since it is not used outside of its translation unit. [staticFunction]
void M_Net_Key (int k)
^
Quake/menu.c:1024:0: style: The function 'M_AdjustSliders' should have static linkage since it is not used outside of its translation unit. [staticFunction]
void M_AdjustSliders (int dir)
^
Quake/menu.c:1140:0: style: The function 'M_DrawSlider' should have static linkage since it is not used outside of its translation unit. [staticFunction]
void M_DrawSlider (int x, int y, float range, float value, const char *format)
^
Quake/menu.c:1166:0: style: The function 'M_Options_Draw' should have static linkage since it is not used outside of its translation unit. [staticFunction]
void M_Options_Draw (void)
^
Quake/menu.c:1262:0: style: The function 'M_Options_Key' should have static linkage since it is not used outside of its translation unit. [staticFunction]
void M_Options_Key (int k)
^
Quake/menu.c:1364:0: style: The function 'M_Menu_Keys_f' should have static linkage since it is not used outside of its translation unit. [staticFunction]
void M_Menu_Keys_f (void)
^
Quake/menu.c:1373:0: style: The function 'M_FindKeysForCommand' should have static linkage since it is not used outside of its translation unit. [staticFunction]
void M_FindKeysForCommand (const char *command, int *threekeys)
^
Quake/menu.c:1399:0: style: The function 'M_UnbindCommand' should have static linkage since it is not used outside of its translation unit. [staticFunction]
void M_UnbindCommand (const char *command)
^
Quake/menu.c:1419:0: style: The function 'M_Keys_Draw' should have static linkage since it is not used outside of its translation unit. [staticFunction]
void M_Keys_Draw (void)
^
Quake/menu.c:1474:0: style: The function 'M_Keys_Key' should have static linkage since it is not used outside of its translation unit. [staticFunction]
void M_Keys_Key (int k)
^
Quake/menu.c:1538:0: style: The function 'M_Menu_Video_f' should have static linkage since it is not used outside of its translation unit. [staticFunction]
void M_Menu_Video_f (void)
^
Quake/menu.c:1544:0: style: The function 'M_Video_Draw' should have static linkage since it is not used outside of its translation unit. [staticFunction]
void M_Video_Draw (void)
^
Quake/menu.c:1550:0: style: The function 'M_Video_Key' should have static linkage since it is not used outside of its translation unit. [staticFunction]
void M_Video_Key (int key)
^
Quake/menu.c:1562:0: style: The function 'M_Menu_Help_f' should have static linkage since it is not used outside of its translation unit. [staticFunction]
void M_Menu_Help_f (void)
^
Quake/menu.c:1573:0: style: The function 'M_Help_Draw' should have static linkage since it is not used outside of its translation unit. [staticFunction]
void M_Help_Draw (void)
^
Quake/menu.c:1579:0: style: The function 'M_Help_Key' should have static linkage since it is not used outside of its translation unit. [staticFunction]
void M_Help_Key (int key)
^
Quake/menu.c:1626:0: style: The function 'M_Quit_Key' should have static linkage since it is not used outside of its translation unit. [staticFunction]
void M_Quit_Key (int key)
^
Quake/menu.c:1645:0: style: The function 'M_Quit_Char' should have static linkage since it is not used outside of its translation unit. [staticFunction]
void M_Quit_Char (int key)
^
Quake/menu.c:1678:0: style: The function 'M_Quit_TextEntry' should have static linkage since it is not used outside of its translation unit. [staticFunction]
qboolean M_Quit_TextEntry (void)
^
Quake/menu.c:1684:0: style: The function 'M_Quit_Draw' should have static linkage since it is not used outside of its translation unit. [staticFunction]
void M_Quit_Draw (void) //johnfitz -- modified for new quit message
^
Quake/menu.c:1722:0: style: The function 'M_Menu_LanConfig_f' should have static linkage since it is not used outside of its translation unit. [staticFunction]
void M_Menu_LanConfig_f (void)
^
Quake/menu.c:1745:0: style: The function 'M_LanConfig_Draw' should have static linkage since it is not used outside of its translation unit. [staticFunction]
void M_LanConfig_Draw (void)
^
Quake/menu.c:1806:0: style: The function 'M_LanConfig_Key' should have static linkage since it is not used outside of its translation unit. [staticFunction]
void M_LanConfig_Key (int key)
^
Quake/menu.c:1897:0: style: The function 'M_LanConfig_Char' should have static linkage since it is not used outside of its translation unit. [staticFunction]
void M_LanConfig_Char (int key)
^
Quake/menu.c:1925:0: style: The function 'M_LanConfig_TextEntry' should have static linkage since it is not used outside of its translation unit. [staticFunction]
qboolean M_LanConfig_TextEntry (void)
^
Quake/menu.c:2083:0: style: The function 'M_Menu_GameOptions_f' should have static linkage since it is not used outside of its translation unit. [staticFunction]
void M_Menu_GameOptions_f (void)
^
Quake/menu.c:2100:0: style: The function 'M_GameOptions_Draw' should have static linkage since it is not used outside of its translation unit. [staticFunction]
void M_GameOptions_Draw (void)
^
Quake/menu.c:2225:0: style: The function 'M_NetStart_Change' should have static linkage since it is not used outside of its translation unit. [staticFunction]
void M_NetStart_Change (int dir)
^
Quake/menu.c:2320:0: style: The function 'M_GameOptions_Key' should have static linkage since it is not used outside of its translation unit. [staticFunction]
void M_GameOptions_Key (int key)
^
Quake/menu.c:2390:0: style: The function 'M_Menu_Search_f' should have static linkage since it is not used outside of its translation unit. [staticFunction]
void M_Menu_Search_f (void)
^
Quake/menu.c:2404:0: style: The function 'M_Search_Draw' should have static linkage since it is not used outside of its translation unit. [staticFunction]
void M_Search_Draw (void)
^
Quake/menu.c:2441:0: style: The function 'M_Search_Key' should have static linkage since it is not used outside of its translation unit. [staticFunction]
void M_Search_Key (int key)
^
Quake/menu.c:2451:0: style: The function 'M_Menu_ServerList_f' should have static linkage since it is not used outside of its translation unit. [staticFunction]
void M_Menu_ServerList_f (void)
^
Quake/menu.c:2464:0: style: The function 'M_ServerList_Draw' should have static linkage since it is not used outside of its translation unit. [staticFunction]
void M_ServerList_Draw (void)
^
Quake/menu.c:2486:0: style: The function 'M_ServerList_Key' should have static linkage since it is not used outside of its translation unit. [staticFunction]
void M_ServerList_Key (int k)
^
Quake/menu.c:2537:0: style: The function 'M_Menu_Credits_f' should have static linkage since it is not used outside of its translation unit. [staticFunction]
void M_Menu_Credits_f (void)
^
Quake/menu.c:2780:0: style: The function 'M_ConfigureNetSubsystem' should have static linkage since it is not used outside of its translation unit. [staticFunction]
void M_ConfigureNetSubsystem(void)
^
Quake/miniz.c:338:0: style: The function 'tinfl_decompress' should have static linkage since it is not used outside of its translation unit. [staticFunction]
tinfl_status tinfl_decompress(tinfl_decompressor *r, const mz_uint8 *pIn_buf_next, size_t *pIn_buf_size, mz_uint8 *pOut_buf_start, mz_uint8 *pOut_buf_next, size_t *pOut_buf_size, const mz_uint32 decomp_flags)
^
Quake/miniz.c:1521:0: style: The function 'mz_zip_reader_is_file_encrypted' should have static linkage since it is not used outside of its translation unit. [staticFunction]
mz_bool mz_zip_reader_is_file_encrypted(mz_zip_archive *pZip, mz_uint file_index)
^
Quake/miniz.c:1535:0: style: The function 'mz_zip_reader_is_file_supported' should have static linkage since it is not used outside of its translation unit. [staticFunction]
mz_bool mz_zip_reader_is_file_supported(mz_zip_archive *pZip, mz_uint file_index)
^
Quake/miniz.c:1571:0: style: The function 'mz_zip_reader_is_file_a_directory' should have static linkage since it is not used outside of its translation unit. [staticFunction]
mz_bool mz_zip_reader_is_file_a_directory(mz_zip_archive *pZip, mz_uint file_index)
^
Quake/miniz.c:1797:0: style: The function 'mz_zip_reader_locate_file_v2' should have static linkage since it is not used outside of its translation unit. [staticFunction]
mz_bool mz_zip_reader_locate_file_v2(mz_zip_archive *pZip, const char *pName, const char *pComment, mz_uint flags, mz_uint32 *pIndex)
^
Quake/miniz.c:2021:0: style: The function 'mz_zip_reader_extract_to_heap' should have static linkage since it is not used outside of its translation unit. [staticFunction]
void *mz_zip_reader_extract_to_heap(mz_zip_archive *pZip, mz_uint file_index, size_t *pSize, mz_uint flags)
^
Quake/miniz.c:2273:0: style: The function 'mz_zip_reader_file_stat' should have static linkage since it is not used outside of its translation unit. [staticFunction]
mz_bool mz_zip_reader_file_stat(mz_zip_archive *pZip, mz_uint file_index, mz_zip_archive_file_stat *pStat)
^
Quake/pr_edict.c:94:0: style: The function 'ED_ClearEdict' should have static linkage since it is not used outside of its translation unit. [staticFunction]
void ED_ClearEdict (edict_t *e)
^
Quake/pr_edict.c:111:0: style: The function 'ED_Alloc' should have static linkage since it is not used outside of its translation unit. [staticFunction]
edict_t *ED_Alloc (void)
^
Quake/pr_edict.c:584:0: style: The function 'ED_PrintNum' should have static linkage since it is not used outside of its translation unit. [staticFunction]
void ED_PrintNum (int ent)
^
Quake/pr_edict.c:596:0: style: The function 'ED_PrintEdicts' should have static linkage since it is not used outside of its translation unit. [staticFunction]
void ED_PrintEdicts (void)
^
Quake/pr_edict.c:1389:0: style: The function 'PR_AllocString' should have static linkage since it is not used outside of its translation unit. [staticFunction]
int PR_AllocString (int size, char **ptr)
^
Quake/pr_exec.c:257:0: style: The function 'PR_RunError' should have static linkage since it is not used outside of its translation unit. [staticFunction]
void PR_RunError (const char *error, ...)
^
Quake/r_alias.c:232:0: style: The function 'GL_DrawAliasFrame_GLSL' should have static linkage since it is not used outside of its translation unit. [staticFunction]
void GL_DrawAliasFrame_GLSL (aliashdr_t *paliashdr, lerpdata_t lerpdata, gltexture_t *tx, gltexture_t *fb)
^
Quake/r_alias.c:629:0: style: The function 'GL_DrawAliasFrame' should have static linkage since it is not used outside of its translation unit. [staticFunction]
void GL_DrawAliasFrame (aliashdr_t *paliashdr, lerpdata_t lerpdata)
^
Quake/r_alias.c:642:0: style: The function 'R_SetupAliasFrame' should have static linkage since it is not used outside of its translation unit. [staticFunction]
void R_SetupAliasFrame (aliashdr_t *paliashdr, int frame, lerpdata_t *lerpdata)
^
Quake/r_alias.c:713:0: style: The function 'R_SetupEntityTransform' should have static linkage since it is not used outside of its translation unit. [staticFunction]
void R_SetupEntityTransform (entity_t *e, lerpdata_t *lerpdata)
^
Quake/r_alias.c:775:0: style: The function 'R_SetupAliasLighting' should have static linkage since it is not used outside of its translation unit. [staticFunction]
void R_SetupAliasLighting (entity_t *e)
^
Quake/r_brush.c:480:0: style: The function 'AllocBlock' should have static linkage since it is not used outside of its translation unit. [staticFunction]
int AllocBlock (int w, int h, int *x, int *y)
^
Quake/r_brush.c:551:0: style: The function 'GL_CreateSurfaceLightmap' should have static linkage since it is not used outside of its translation unit. [staticFunction]
void GL_CreateSurfaceLightmap (msurface_t *surf)
^
Quake/r_brush.c:576:0: style: The function 'BuildSurfaceDisplayList' should have static linkage since it is not used outside of its translation unit. [staticFunction]
void BuildSurfaceDisplayList (msurface_t *fa)
^
Quake/r_brush.c:986:0: style: The function 'R_AddDynamicLights' should have static linkage since it is not used outside of its translation unit. [staticFunction]
void R_AddDynamicLights (msurface_t *surf)
^
Quake/r_brush.c:1132:0: style: The function 'R_BuildLightMap' should have static linkage since it is not used outside of its translation unit. [staticFunction]
void R_BuildLightMap (msurface_t *surf, byte *dest, int stride)
^
Quake/r_part.c:50:0: style: The function 'R_ParticleTextureLookup' should have static linkage since it is not used outside of its translation unit. [staticFunction]
int R_ParticleTextureLookup (int x, int y, int sharpness)
^
Quake/r_part.c:69:0: style: The function 'R_InitParticleTextures' should have static linkage since it is not used outside of its translation unit. [staticFunction]
void R_InitParticleTextures (void)
^
Quake/r_sprite.c:31:0: style: The function 'R_GetSpriteFrame' should have static linkage since it is not used outside of its translation unit. [staticFunction]
mspriteframe_t *R_GetSpriteFrame (entity_t *currentent)
^
Quake/r_world.c:75:0: style: The function 'R_BackFaceCull' should have static linkage since it is not used outside of its translation unit. [staticFunction]
qboolean R_BackFaceCull (msurface_t *surf)
^
Quake/r_world.c:206:0: style: The function 'R_DrawTextureChains_ShowTris' should have static linkage since it is not used outside of its translation unit. [staticFunction]
void R_DrawTextureChains_ShowTris (qmodel_t *model, texchain_t chain)
^
Quake/r_world.c:242:0: style: The function 'R_DrawTextureChains_Drawflat' should have static linkage since it is not used outside of its translation unit. [staticFunction]
void R_DrawTextureChains_Drawflat (qmodel_t *model, texchain_t chain)
^
Quake/r_world.c:286:0: style: The function 'R_DrawTextureChains_Glow' should have static linkage since it is not used outside of its translation unit. [staticFunction]
void R_DrawTextureChains_Glow (qmodel_t *model, entity_t *ent, texchain_t chain)
^
Quake/r_world.c:426:0: style: The function 'R_DrawTextureChains_Multitexture' should have static linkage since it is not used outside of its translation unit. [staticFunction]
void R_DrawTextureChains_Multitexture (qmodel_t *model, entity_t *ent, texchain_t chain)
^
Quake/r_world.c:508:0: style: The function 'R_DrawTextureChains_NoTexture' should have static linkage since it is not used outside of its translation unit. [staticFunction]
void R_DrawTextureChains_NoTexture (qmodel_t *model, texchain_t chain)
^
Quake/r_world.c:544:0: style: The function 'R_DrawTextureChains_TextureOnly' should have static linkage since it is not used outside of its translation unit. [staticFunction]
void R_DrawTextureChains_TextureOnly (qmodel_t *model, entity_t *ent, texchain_t chain)
^
Quake/r_world.c:589:0: style: The function 'GL_WaterAlphaForEntitySurface' should have static linkage since it is not used outside of its translation unit. [staticFunction]
float GL_WaterAlphaForEntitySurface (entity_t *ent, msurface_t *s)
^
Quake/r_world.c:809:0: style: The function 'R_DrawTextureChains_White' should have static linkage since it is not used outside of its translation unit. [staticFunction]
void R_DrawTextureChains_White (qmodel_t *model, texchain_t chain)
^
Quake/r_world.c:839:0: style: The function 'R_DrawLightmapChains' should have static linkage since it is not used outside of its translation unit. [staticFunction]
void R_DrawLightmapChains (void)
^
Quake/r_world.c:968:0: style: The function 'R_DrawTextureChains_GLSL' should have static linkage since it is not used outside of its translation unit. [staticFunction]
void R_DrawTextureChains_GLSL (qmodel_t *model, entity_t *ent, texchain_t chain)
^
Quake/r_world.c:1086:0: style: The function 'R_DrawLightmapChains_GLSL' should have static linkage since it is not used outside of its translation unit. [staticFunction]
void R_DrawLightmapChains_GLSL(qmodel_t* model, entity_t* ent, texchain_t chain)
^
Quake/sbar.c:77:0: style: The function 'Sbar_ShowScores' should have static linkage since it is not used outside of its translation unit. [staticFunction]
void Sbar_ShowScores (void)
^
Quake/sbar.c:92:0: style: The function 'Sbar_DontShowScores' should have static linkage since it is not used outside of its translation unit. [staticFunction]
void Sbar_DontShowScores (void)
^
Quake/sbar.c:272:0: style: The function 'Sbar_DrawPic' should have static linkage since it is not used outside of its translation unit. [staticFunction]
void Sbar_DrawPic (int x, int y, qpic_t *pic)
^
Quake/sbar.c:282:0: style: The function 'Sbar_DrawPicAlpha' should have static linkage since it is not used outside of its translation unit. [staticFunction]
void Sbar_DrawPicAlpha (int x, int y, qpic_t *pic, float alpha)
^
Quake/sbar.c:298:0: style: The function 'Sbar_DrawCharacter' should have static linkage since it is not used outside of its translation unit. [staticFunction]
void Sbar_DrawCharacter (int x, int y, int num)
^
Quake/sbar.c:308:0: style: The function 'Sbar_DrawString' should have static linkage since it is not used outside of its translation unit. [staticFunction]
void Sbar_DrawString (int x, int y, const char *str)
^
Quake/sbar.c:320:0: style: The function 'Sbar_DrawScrollString' should have static linkage since it is not used outside of its translation unit. [staticFunction]
void Sbar_DrawScrollString (int x, int y, int width, const char *str)
^
Quake/sbar.c:349:0: style: The function 'Sbar_itoa' should have static linkage since it is not used outside of its translation unit. [staticFunction]
int Sbar_itoa (int num, char *buf)
^
Quake/sbar.c:385:0: style: The function 'Sbar_DrawNum' should have static linkage since it is not used outside of its translation unit. [staticFunction]
void Sbar_DrawNum (int x, int y, int num, int digits, int color)
^
Quake/sbar.c:424:0: style: The function 'Sbar_SortFrags' should have static linkage since it is not used outside of its translation unit. [staticFunction]
void Sbar_SortFrags (void)
^
Quake/sbar.c:453:0: style: The function 'Sbar_ColorForMap' should have static linkage since it is not used outside of its translation unit. [staticFunction]
int Sbar_ColorForMap (int m)
^
Quake/sbar.c:463:0: style: The function 'Sbar_SoloScoreboard' should have static linkage since it is not used outside of its translation unit. [staticFunction]
void Sbar_SoloScoreboard (void)
^
Quake/sbar.c:509:0: style: The function 'Sbar_DrawScoreboard' should have static linkage since it is not used outside of its translation unit. [staticFunction]
void Sbar_DrawScoreboard (void)
^
Quake/sbar.c:523:0: style: The function 'Sbar_DrawInventory' should have static linkage since it is not used outside of its translation unit. [staticFunction]
void Sbar_DrawInventory (void)
^
Quake/sbar.c:752:0: style: The function 'Sbar_DrawFrags' should have static linkage since it is not used outside of its translation unit. [staticFunction]
void Sbar_DrawFrags (void)
^
Quake/sbar.c:802:0: style: The function 'Sbar_DrawFace' should have static linkage since it is not used outside of its translation unit. [staticFunction]
void Sbar_DrawFace (void)
^
Quake/sbar.c:1078:0: style: The function 'Sbar_IntermissionPicForChar' should have static linkage since it is not used outside of its translation unit. [staticFunction]
qpic_t *Sbar_IntermissionPicForChar (char c, int color)
^
Quake/sbar.c:1096:0: style: The function 'Sbar_IntermissionTextWidth' should have static linkage since it is not used outside of its translation unit. [staticFunction]
int Sbar_IntermissionTextWidth (const char *str, int color)
^
Quake/sbar.c:1112:0: style: The function 'Sbar_IntermissionText' should have static linkage since it is not used outside of its translation unit. [staticFunction]
void Sbar_IntermissionText (int x, int y, const char *str, int color)
^
Quake/sbar.c:1129:0: style: The function 'Sbar_DeathmatchOverlay' should have static linkage since it is not used outside of its translation unit. [staticFunction]
void Sbar_DeathmatchOverlay (void)
^
Quake/sbar.c:1210:0: style: The function 'Sbar_MiniDeathmatchOverlay' should have static linkage since it is not used outside of its translation unit. [staticFunction]
void Sbar_MiniDeathmatchOverlay (void)
^
Quake/snd_codec.c:283:0: style: The function 'S_CodecUtilOpen' should have static linkage since it is not used outside of its translation unit. [staticFunction]
snd_stream_t *S_CodecUtilOpen(const char *filename, snd_codec_t *codec, qboolean loop)
^
Quake/snd_dma.c:136:0: style: The function 'S_Startup' should have static linkage since it is not used outside of its translation unit. [staticFunction]
void S_Startup (void)
^
Quake/snd_dma.c:364:0: style: The function 'SND_PickChannel' should have static linkage since it is not used outside of its translation unit. [staticFunction]
channel_t *SND_PickChannel (int entnum, int entchannel)
^
Quake/snd_dma.c:410:0: style: The function 'SND_Spatialize' should have static linkage since it is not used outside of its translation unit. [staticFunction]
void SND_Spatialize (channel_t *ch)
^
Quake/snd_mem.c:238:0: style: The function 'GetWavinfo' should have static linkage since it is not used outside of its translation unit. [staticFunction]
wavinfo_t GetWavinfo (const char *name, byte *wav, int wavlength)
^
Quake/snd_wave.c:218:0: style: The function 'S_WAV_CodecReadStream' should have static linkage since it is not used outside of its translation unit. [staticFunction]
int S_WAV_CodecReadStream(snd_stream_t *stream, int bytes, void *buffer)
^
Quake/sv_main.c:45:0: style: The function 'SV_Protocol_f' should have static linkage since it is not used outside of its translation unit. [staticFunction]
void SV_Protocol_f (void)
^
Quake/sv_main.c:333:0: style: The function 'SV_SendServerinfo' should have static linkage since it is not used outside of its translation unit. [staticFunction]
void SV_SendServerinfo (client_t *client)
^
Quake/sv_main.c:397:0: style: The function 'SV_ConnectClient' should have static linkage since it is not used outside of its translation unit. [staticFunction]
void SV_ConnectClient (int clientnum)
^
Quake/sv_main.c:515:0: style: The function 'SV_AddToFatPVS' should have static linkage since it is not used outside of its translation unit. [staticFunction]
void SV_AddToFatPVS (vec3_t org, mnode_t *node, qmodel_t *worldmodel) //johnfitz -- added worldmodel as a parameter
^
Quake/sv_main.c:605:0: style: The function 'SV_WriteEntitiesToClient' should have static linkage since it is not used outside of its translation unit. [staticFunction]
void SV_WriteEntitiesToClient (edict_t *clent, sizebuf_t *msg)
^
Quake/sv_main.c:814:0: style: The function 'SV_CleanupEnts' should have static linkage since it is not used outside of its translation unit. [staticFunction]
void SV_CleanupEnts (void)
^
Quake/sv_main.c:1015:0: style: The function 'SV_SendClientDatagram' should have static linkage since it is not used outside of its translation unit. [staticFunction]
qboolean SV_SendClientDatagram (client_t *client)
^
Quake/sv_main.c:1056:0: style: The function 'SV_UpdateToReliableMessages' should have static linkage since it is not used outside of its translation unit. [staticFunction]
void SV_UpdateToReliableMessages (void)
^
Quake/sv_main.c:1098:0: style: The function 'SV_SendNop' should have static linkage since it is not used outside of its translation unit. [staticFunction]
void SV_SendNop (client_t *client)
^
Quake/sv_main.c:1264:0: style: The function 'SV_ModelIndex' should have static linkage since it is not used outside of its translation unit. [staticFunction]
int SV_ModelIndex (const char *name)
^
Quake/sv_main.c:1284:0: style: The function 'SV_CreateBaseline' should have static linkage since it is not used outside of its translation unit. [staticFunction]
void SV_CreateBaseline (void)
^
Quake/sv_main.c:1408:0: style: The function 'SV_SendReconnect' should have static linkage since it is not used outside of its translation unit. [staticFunction]
void SV_SendReconnect (void)
^
Quake/sv_move.c:39:0: style: The function 'SV_CheckBottom' should have static linkage since it is not used outside of its translation unit. [staticFunction]
qboolean SV_CheckBottom (edict_t *ent)
^
Quake/sv_move.c:112:0: style: The function 'SV_movestep' should have static linkage since it is not used outside of its translation unit. [staticFunction]
qboolean SV_movestep (edict_t *ent, vec3_t move, qboolean relink)
^
Quake/sv_move.c:235:0: style: The function 'SV_StepDirection' should have static linkage since it is not used outside of its translation unit. [staticFunction]
qboolean SV_StepDirection (edict_t *ent, float yaw, float dist)
^
Quake/sv_move.c:270:0: style: The function 'SV_FixCheckBottom' should have static linkage since it is not used outside of its translation unit. [staticFunction]
void SV_FixCheckBottom (edict_t *ent)
^
Quake/sv_move.c:284:0: style: The function 'SV_NewChaseDir' should have static linkage since it is not used outside of its translation unit. [staticFunction]
void SV_NewChaseDir (edict_t *actor, edict_t *enemy, float dist)
^
Quake/sv_move.c:373:0: style: The function 'SV_CloseEnough' should have static linkage since it is not used outside of its translation unit. [staticFunction]
qboolean SV_CloseEnough (edict_t *ent, edict_t *goal, float dist)
^
Quake/sv_phys.c:87:0: style: The function 'SV_CheckVelocity' should have static linkage since it is not used outside of its translation unit. [staticFunction]
void SV_CheckVelocity (edict_t *ent)
^
Quake/sv_phys.c:123:0: style: The function 'SV_RunThink' should have static linkage since it is not used outside of its translation unit. [staticFunction]
qboolean SV_RunThink (edict_t *ent)
^
Quake/sv_phys.c:155:0: style: The function 'SV_Impact' should have static linkage since it is not used outside of its translation unit. [staticFunction]
void SV_Impact (edict_t *e1, edict_t *e2)
^
Quake/sv_phys.c:192:0: style: The function 'ClipVelocity' should have static linkage since it is not used outside of its translation unit. [staticFunction]
int ClipVelocity (vec3_t in, vec3_t normal, vec3_t out, float overbounce)
^
Quake/sv_phys.c:231:0: style: The function 'SV_FlyMove' should have static linkage since it is not used outside of its translation unit. [staticFunction]
int SV_FlyMove (edict_t *ent, float time, trace_t *steptrace)
^
Quake/sv_phys.c:373:0: style: The function 'SV_AddGravity' should have static linkage since it is not used outside of its translation unit. [staticFunction]
void SV_AddGravity (edict_t *ent)
^
Quake/sv_phys.c:403:0: style: The function 'SV_PushEntity' should have static linkage since it is not used outside of its translation unit. [staticFunction]
trace_t SV_PushEntity (edict_t *ent, vec3_t push)
^
Quake/sv_phys.c:433:0: style: The function 'SV_PushMove' should have static linkage since it is not used outside of its translation unit. [staticFunction]
void SV_PushMove (edict_t *pusher, float movetime)
^
Quake/sv_phys.c:572:0: style: The function 'SV_Physics_Pusher' should have static linkage since it is not used outside of its translation unit. [staticFunction]
void SV_Physics_Pusher (edict_t *ent)
^
Quake/sv_phys.c:625:0: style: The function 'SV_CheckStuck' should have static linkage since it is not used outside of its translation unit. [staticFunction]
void SV_CheckStuck (edict_t *ent)
^
Quake/sv_phys.c:671:0: style: The function 'SV_CheckWater' should have static linkage since it is not used outside of its translation unit. [staticFunction]
qboolean SV_CheckWater (edict_t *ent)
^
Quake/sv_phys.c:708:0: style: The function 'SV_WallFriction' should have static linkage since it is not used outside of its translation unit. [staticFunction]
void SV_WallFriction (edict_t *ent, trace_t *trace)
^
Quake/sv_phys.c:742:0: style: The function 'SV_TryUnstick' should have static linkage since it is not used outside of its translation unit. [staticFunction]
int SV_TryUnstick (edict_t *ent, vec3_t oldvel)
^
Quake/sv_phys.c:799:0: style: The function 'SV_WalkMove' should have static linkage since it is not used outside of its translation unit. [staticFunction]
void SV_WalkMove (edict_t *ent)
^
Quake/sv_phys.c:900:0: style: The function 'SV_Physics_Client' should have static linkage since it is not used outside of its translation unit. [staticFunction]
void SV_Physics_Client (edict_t *ent, int num)
^
Quake/sv_phys.c:977:0: style: The function 'SV_Physics_None' should have static linkage since it is not used outside of its translation unit. [staticFunction]
void SV_Physics_None (edict_t *ent)
^
Quake/sv_phys.c:990:0: style: The function 'SV_Physics_Noclip' should have static linkage since it is not used outside of its translation unit. [staticFunction]
void SV_Physics_Noclip (edict_t *ent)
^
Quake/sv_phys.c:1016:0: style: The function 'SV_CheckWaterTransition' should have static linkage since it is not used outside of its translation unit. [staticFunction]
void SV_CheckWaterTransition (edict_t *ent)
^
Quake/sv_phys.c:1056:0: style: The function 'SV_Physics_Toss' should have static linkage since it is not used outside of its translation unit. [staticFunction]
void SV_Physics_Toss (edict_t *ent)
^
Quake/sv_phys.c:1130:0: style: The function 'SV_Physics_Step' should have static linkage since it is not used outside of its translation unit. [staticFunction]
void SV_Physics_Step (edict_t *ent)
^
Quake/sv_user.c:121:0: style: The function 'SV_UserFriction' should have static linkage since it is not used outside of its translation unit. [staticFunction]
void SV_UserFriction (void)
^
Quake/sv_user.c:168:0: style: The function 'SV_Accelerate' should have static linkage since it is not used outside of its translation unit. [staticFunction]
void SV_Accelerate (float wishspeed, const vec3_t wishdir)
^
Quake/sv_user.c:185:0: style: The function 'SV_AirAccelerate' should have static linkage since it is not used outside of its translation unit. [staticFunction]
void SV_AirAccelerate (float wishspeed, vec3_t wishveloc)
^
Quake/sv_user.c:207:0: style: The function 'DropPunchAngle' should have static linkage since it is not used outside of its translation unit. [staticFunction]
void DropPunchAngle (void)
^
Quake/sv_user.c:225:0: style: The function 'SV_WaterMove' should have static linkage since it is not used outside of its translation unit. [staticFunction]
void SV_WaterMove (void)
^
Quake/sv_user.c:285:0: style: The function 'SV_WaterJump' should have static linkage since it is not used outside of its translation unit. [staticFunction]
void SV_WaterJump (void)
^
Quake/sv_user.c:304:0: style: The function 'SV_NoclipMove' should have static linkage since it is not used outside of its translation unit. [staticFunction]
void SV_NoclipMove (void)
^
Quake/sv_user.c:325:0: style: The function 'SV_AirMove' should have static linkage since it is not used outside of its translation unit. [staticFunction]
void SV_AirMove (void)
^
Quake/sv_user.c:380:0: style: The function 'SV_ClientThink' should have static linkage since it is not used outside of its translation unit. [staticFunction]
void SV_ClientThink (void)
^
Quake/sv_user.c:438:0: style: The function 'SV_ReadClientMove' should have static linkage since it is not used outside of its translation unit. [staticFunction]
void SV_ReadClientMove (usercmd_t *move)
^
Quake/sv_user.c:482:0: style: The function 'SV_ReadClientMessage' should have static linkage since it is not used outside of its translation unit. [staticFunction]
qboolean SV_ReadClientMessage (void)
^
Quake/view.c:110:0: style: The function 'V_CalcBob' should have static linkage since it is not used outside of its translation unit. [staticFunction]
float V_CalcBob (void)
^
Quake/view.c:182:0: style: The function 'V_DriftPitch' should have static linkage since it is not used outside of its translation unit. [staticFunction]
void V_DriftPitch (void)
^
Quake/view.c:338:0: style: The function 'V_cshift_f' should have static linkage since it is not used outside of its translation unit. [staticFunction]
void V_cshift_f (void)
^
Quake/view.c:354:0: style: The function 'V_BonusFlash_f' should have static linkage since it is not used outside of its translation unit. [staticFunction]
void V_BonusFlash_f (void)
^
Quake/view.c:394:0: style: The function 'V_CalcPowerupCshift' should have static linkage since it is not used outside of its translation unit. [staticFunction]
void V_CalcPowerupCshift (void)
^
Quake/view.c:530:0: style: The function 'V_PolyBlend' should have static linkage since it is not used outside of its translation unit. [staticFunction]
void V_PolyBlend (void)
^
Quake/view.c:572:0: style: The function 'angledelta' should have static linkage since it is not used outside of its translation unit. [staticFunction]
float angledelta (float a)
^
Quake/view.c:585:0: style: The function 'CalcGunAngle' should have static linkage since it is not used outside of its translation unit. [staticFunction]
void CalcGunAngle (void)
^
Quake/view.c:643:0: style: The function 'V_BoundOffsets' should have static linkage since it is not used outside of its translation unit. [staticFunction]
void V_BoundOffsets (void)
^
Quake/view.c:673:0: style: The function 'V_AddIdle' should have static linkage since it is not used outside of its translation unit. [staticFunction]
void V_AddIdle (void)
^
Quake/view.c:688:0: style: The function 'V_CalcViewRoll' should have static linkage since it is not used outside of its translation unit. [staticFunction]
void V_CalcViewRoll (void)
^
Quake/view.c:715:0: style: The function 'V_CalcIntermissionRefdef' should have static linkage since it is not used outside of its translation unit. [staticFunction]
void V_CalcIntermissionRefdef (void)
^
Quake/view.c:741:0: style: The function 'V_CalcRefdef' should have static linkage since it is not used outside of its translation unit. [staticFunction]
void V_CalcRefdef (void)
^
Quake/wad.c:43:0: style: The function 'W_CleanupName' should have static linkage since it is not used outside of its translation unit. [staticFunction]
void W_CleanupName (const char *in, char *out)
^
Quake/world.c:71:0: style: The function 'SV_InitBoxHull' should have static linkage since it is not used outside of its translation unit. [staticFunction]
void SV_InitBoxHull (void)
^
Quake/world.c:108:0: style: The function 'SV_HullForBox' should have static linkage since it is not used outside of its translation unit. [staticFunction]
hull_t *SV_HullForBox (vec3_t mins, vec3_t maxs)
^
Quake/world.c:132:0: style: The function 'SV_HullForEntity' should have static linkage since it is not used outside of its translation unit. [staticFunction]
hull_t *SV_HullForEntity (edict_t *ent, vec3_t mins, vec3_t maxs, vec3_t offset)
^
Quake/world.c:207:0: style: The function 'SV_CreateAreaNode' should have static linkage since it is not used outside of its translation unit. [staticFunction]
areanode_t *SV_CreateAreaNode (int depth, vec3_t mins, vec3_t maxs)
^
Quake/world.c:335:0: style: The function 'SV_TouchLinks' should have static linkage since it is not used outside of its translation unit. [staticFunction]
void SV_TouchLinks (edict_t *ent)
^
Quake/world.c:388:0: style: The function 'SV_FindTouchedLeafs' should have static linkage since it is not used outside of its translation unit. [staticFunction]
void SV_FindTouchedLeafs (edict_t *ent, mnode_t *node)
^
Quake/world.c:521:0: style: The function 'SV_HullPointContents' should have static linkage since it is not used outside of its translation unit. [staticFunction]
int SV_HullPointContents (hull_t *hull, int num, vec3_t p)
^
Quake/world.c:747:0: style: The function 'SV_ClipMoveToEntity' should have static linkage since it is not used outside of its translation unit. [staticFunction]
trace_t SV_ClipMoveToEntity (edict_t *ent, vec3_t start, vec3_t mins, vec3_t maxs, vec3_t end)
^
Quake/world.c:789:0: style: The function 'SV_ClipToLinks' should have static linkage since it is not used outside of its translation unit. [staticFunction]
void SV_ClipToLinks ( areanode_t *node, moveclip_t *clip )
^
Quake/world.c:868:0: style: The function 'SV_MoveBounds' should have static linkage since it is not used outside of its translation unit. [staticFunction]
void SV_MoveBounds (vec3_t start, vec3_t mins, vec3_t maxs, vec3_t end, vec3_t boxmins, vec3_t boxmaxs)
^
Quake/zone.c:335:0: style: The function 'Hunk_Print' should have static linkage since it is not used outside of its translation unit. [staticFunction]
void Hunk_Print (qboolean all)
^
Quake/zone.c:418:0: style: The function 'Hunk_Print_f' should have static linkage since it is not used outside of its translation unit. [staticFunction]
void Hunk_Print_f (void)
^
Quake/zone.c:481:0: style: The function 'Hunk_HighMark' should have static linkage since it is not used outside of its translation unit. [staticFunction]
int Hunk_HighMark (void)
^
Quake/zone.c:492:0: style: The function 'Hunk_FreeToHighMark' should have static linkage since it is not used outside of its translation unit. [staticFunction]
void Hunk_FreeToHighMark (int mark)
^
Quake/zone.c:511:0: style: The function 'Hunk_HighAllocName' should have static linkage since it is not used outside of its translation unit. [staticFunction]
void *Hunk_HighAllocName (int size, const char *name)
^
Quake/zone.c:613:0: style: The function 'Cache_Move' should have static linkage since it is not used outside of its translation unit. [staticFunction]
void Cache_Move ( cache_system_t *c)
^
Quake/zone.c:644:0: style: The function 'Cache_FreeLow' should have static linkage since it is not used outside of its translation unit. [staticFunction]
void Cache_FreeLow (int new_low_hunk)
^
Quake/zone.c:666:0: style: The function 'Cache_FreeHigh' should have static linkage since it is not used outside of its translation unit. [staticFunction]
void Cache_FreeHigh (int new_high_hunk)
^
Quake/zone.c:688:0: style: The function 'Cache_UnlinkLRU' should have static linkage since it is not used outside of its translation unit. [staticFunction]
void Cache_UnlinkLRU (cache_system_t *cs)
^
Quake/zone.c:699:0: style: The function 'Cache_MakeLRU' should have static linkage since it is not used outside of its translation unit. [staticFunction]
void Cache_MakeLRU (cache_system_t *cs)
^
Quake/zone.c:718:0: style: The function 'Cache_TryAlloc' should have static linkage since it is not used outside of its translation unit. [staticFunction]
cache_system_t *Cache_TryAlloc (int size, qboolean nobottom)
^
Quake/zone.c:836:0: style: The function 'Cache_Init' should have static linkage since it is not used outside of its translation unit. [staticFunction]
void Cache_Init (void)
^
Quake/zone.c:851:0: style: The function 'Cache_Free' should have static linkage since it is not used outside of its translation unit. [staticFunction]
void Cache_Free (cache_user_t *c, qboolean freetextures) //johnfitz -- added second argument
^
nofile:0:0: information: Active checkers: There was critical errors (use --checkers-report=<filename> to see details) [checkersReport]

