cc -DNDEBUG -c -Wall -Wno-trigraphs -MMD  -O2 -fweb -frename-regicc -DNDEBUG -c -Wall -Wno-trigraphs -MMD  -O2 -fweb -frename-registers -DUSE_SDL2 -DUSE_CODEC_WAVE -DUSE_CODEC_VORBIS  -Wall -Wextra -Wshadow -Wstrict-prototypes -Wmissing-prototypes -Wpointer-arith -Wcast-align -Wwrite-strings -Wundef -Wfloat-equal -Wnull-dereference -Wdouble-promotion -Wlogical-op -Wduplicated-cond -Wduplicated-branches -Wstrict-aliasing=2 -Wformat=2 -Wmissing-include-dirs -Wmissing-field-initializers -O2 -fanalyzer -fdiagnostics-path-format=inlincc -DNDEBUG -c -Wall -Wno-trigraphs -MMD  -O2 -fweb -frename-regicc -DNDEBUG -c -Wall -Wno-trigraphs -MMD  -O2 -fweb -frename-registers -DUSE_SDL2 -DUSE_CODEC_WAVE -DUSE_CODEC_VORBIS  -Wall -Wextra -Wshadow -Wstrict-prototypes -Wmissing-prototypes -Wpointer-arith -Wcast-align -Wwrite-strings -Wundef -Wfloat-equal -Wnull-dereference -Wdouble-promotion -Wlogical-op -Wduplicated-cond -Wduplicated-branches -Wstrict-aliasing=2 -Wformat=2 -Wmissing-include-dirs -Wmissing-field-initializers -O2 -fanalyzer -fdiagnostics-path-format=inlincc -DNDEBUG -c -Wall -Wno-trigraphs -MMD  -O2 -fweb -frename-regicc -DNDEBUG -c -Wall -Wno-trigraphs -MMD  -O2 -fweb -frename-registers -DUSE_SDL2 -DUSE_CODEC_WAVE -DUSE_CODEC_VORBIS  -Wall -Wextra -Wshadow -Wstrict-prototypes -Wmissing-prototypes -Wpointer-arith -Wcast-align -Wwrite-strings -Wundef -Wfloat-equal -Wnull-dereference -Wdouble-promotion -Wlogical-op -Wduplicated-cond -Wduplicated-branches -Wstrict-aliasing=2 -Wformat=2 -Wmissing-include-dirs -Wmissing-field-initializers -O2 -fanalyzer -fdiagnostics-path-format=inline-evcc -DNDEBUG -c -Wall -Wno-trigraphs -MMD  -O2 -fweb -frename-regicc -DNDEBUG -c -Wall -Wno-trigraphs -MMD  -O2 -fweb -frename-registers -DUSE_SDL2 -DUSE_CODEC_WAVE -DUSE_CODEC_VORBIS  -Wall -Wextra -Wshadow -Wstrict-prototypes -Wmissing-prototypes -Wpointer-arith -Wcast-align -Wwrite-strings -Wundef -Wfloat-equal -Wnull-dereference -Wdouble-promotion -Wlogical-op -Wduplicated-cond -Wduplicated-branches -Wstrict-aliasing=2 -Wformat=2 -Wmissing-include-dirs -Wmissing-field-initializers -O2 -fanalyzer -fdiagnostics-path-format=inline-evcc -DNDEBUG -c -Wall -Wno-trigraphs -MMD  -O2 -fweb -frename-regicc -DNDEBUG -c -Wall -Wno-trigraphs -MMD  -O2 -fweb -frename-registers -DUSE_SDL2 -DUSE_CODEC_WAVE -DUSE_CODEC_VORBIS  -Wall -Wextra -Wshadow -Wstrict-prototypes -Wmissing-prototypes -Wpointer-arith -Wcast-align -Wwrite-strings -Wundef -Wfloat-equal -Wnull-dereference -Wdouble-promotion -Wlogical-op -Wduplicated-cond -Wduplicated-branches -Wstrict-aliasing=2 -Wformat=2 -Wmissing-include-dirs -Wmissing-field-initializers -O2 -fanalyzer -fdiagnostics-path-format=inline-cc -DNDEBUG -c -Wall -Wno-trigraphs -MMD  -O2 -fweb -frename-regicc -DNDEBUG -c -Wall -Wno-trigraphs -MMD  -O2 -fweb -frename-registers -DUSE_SDL2 -DUSE_CODEC_WAVE -DUSE_CODEC_VORBIS  -Wall -Wextra -Wshadow -Wstrict-prototypes -Wmissing-prototypes -Wpointer-arith -Wcast-align -Wwrite-strings -Wundef -Wfloat-equal -Wnull-dereference -Wdouble-promotion -Wlogical-op -Wduplicated-cond -Wduplicated-branches -Wstrict-aliasing=2 -Wformat=2 -Wmissing-include-dirs -Wmissing-field-initializers -O2 -fanalyzer -fdiagnostics-path-format=inlcc -DNDEBUG -c -Wall -Wno-trigraphs -MMD  -O2 -fweb -frename-regicc -DNDEBUG -c -Wall -Wno-trigraphs -MMD  -O2 -fweb -frename-registers -DUSE_SDL2 -DUSE_CODEC_WAVE -DUSE_CODEC_VORBIS  -Wall -Wextra -Wshadow -Wstrict-prototypes -Wmissing-prototypes -Wpointer-arith -Wcast-align -Wwrite-strings -Wundef -Wfloat-equal -Wnull-dereference -Wdouble-promotion -Wlogical-op -Wduplicated-cond -Wduplicated-branches -Wstrict-aliasing=2 -Wformat=2 -Wmissing-include-dirs -Wmissing-field-initializers -O2 -fanalyzer -fdiagnostics-path-format=inline-cc -DNDEBUG -c -Wall -Wno-trigraphs -MMD  -O2 -fweb -frename-regicc -DNDEBUG -c -Wall -Wno-trigraphs -MMD  -O2 -fweb -frename-registers -DUSE_SDL2 -DUSE_CODEC_WAVE -DUSE_CODEC_VORBIS  -Wall -Wextra -Wshadow -Wstrict-prototypes -Wmissing-prototypes -Wpointer-arith -Wcast-align -Wwrite-strings -Wundef -Wfloat-equal -Wnull-dereference -Wdouble-promotion -Wlogical-op -Wduplicated-cond -Wduplicated-branches -Wstrict-aliasing=2 -Wformat=2 -Wmissing-include-dirs -Wmissing-field-initializers -O2 -fanalyzer -fdiagnostics-path-format=inlgl_refrag.c:91:6: warning: no previous prototype for ‘R_SplitEngl_refrag.c:91:6: warning: no previous prototype for ‘R_SplitEntityOnNode’ [-Wmissing-prototypes]
gl_refrag.c:180:25: warning: comparing floating-point with ‘==’ or ‘!=’ is unsafe [-Wfloat-equal]
gl_rmain.c:74:1: warning: missing initializer for field ‘value’ of ‘cvar_t’ {aka ‘struct cvar_s’} [-Wmissing-field-initializers]
   85 |     gl_rmain.c:100:1: warning: missing initializer for field ‘valuegl_rmain.c:100:1: warning: missing initializer for field ‘value’ of ‘cvar_t’ {aka ‘struct cvar_s’} [-Wmissing-field-initializers]
   85 |     gl_rmain.c:103:1: warning: missing initializer for field ‘valuegl_rmain.c:103:1: warning: missing initializer for field ‘value’ of ‘cvar_t’ {aka ‘struct cvar_s’} [-Wmissing-field-initializers]
   85 |     gl_rmain.c:104:1: warning: missing initializer for field ‘valuegl_rmain.c:104:1: warning: missing initializer for field ‘value’ of ‘cvar_t’ {aka ‘struct cvar_s’} [-Wmissing-field-initializers]
   85 |     gl_rmain.c:105:1: warning: missing initializer for field ‘valuegl_rmain.c:105:1: warning: missing initializer for field ‘value’ of ‘cvar_t’ {aka ‘struct cvar_s’} [-Wmissing-field-initializers]
   85 |     gl_rmain.c:106:1: warning: missing initializer for field ‘valuegl_rmain.c:106:1: warning: missing initializer for field ‘value’ of ‘cvar_t’ {aka ‘struct cvar_s’} [-Wmissing-field-initializers]
   85 |     gl_rmain.c:107:1: warning: missing initializer for field ‘valuegl_rmain.c:107:1: warning: missing initializer for field ‘value’ of ‘cvar_t’ {aka ‘struct cvar_s’} [-Wmissing-field-initializers]
   85 |     gl_rmain.c:108:1: warning: missing initializer for field ‘valuegl_rmain.c:108:1: warning: missing initializer for field ‘value’ of ‘cvar_t’ {aka ‘struct cvar_s’} [-Wmissing-field-initializers]
   85 |     gl_rmain.c:109:1: warning: missing initializer for field ‘valuegl_rmain.c:109:1: warning: missing initializer for field ‘value’ of ‘cvar_t’ {aka ‘struct cvar_s’} [-Wmissing-field-initializers]
   85 |     gl_rmain.c:110:1: warning: missing initializer for field ‘valuegl_rmain.c:110:1: warning: missing initializer for field ‘value’ of ‘cvar_t’ {aka ‘struct cvar_s’} [-Wmissing-field-initializers]
   85 |     gl_rmain.c:111:1: warning: missing initializer for field ‘valuegl_rmain.c:111:1: warning: missing initializer for field ‘value’ of ‘cvar_t’ {aka ‘struct cvar_s’} [-Wmissing-field-initializers]
   85 |     gl_rmain.c:112:1: warning: missing initializer for field ‘valuegl_rmain.c:112:1: warning: missing initializer for field ‘value’ of ‘cvar_t’ {aka ‘struct cvar_s’} [-Wmissing-field-initializers]
   85 |     gl_rmain.c:113:1: warning: missing initializer for field ‘valuegl_rmain.c:113:1: warning: missing initializer for field ‘value’ of ‘cvar_t’ {aka ‘struct cvar_s’} [-Wmissing-field-initializers]
   85 |     gl_rmain.c:114:1: warning: missing initializer for field ‘valuegl_rmain.c:114:1: warning: missing initializer for field ‘value’ of ‘cvar_t’ {aka ‘struct cvar_s’} [-Wmissing-field-initializers]
   85 |     gl_rmain.c:115:1: warning: missing initializer for field ‘valuegl_rmain.c:115:1: warning: missing initializer for field ‘value’ of ‘cvar_t’ {aka ‘struct cvar_s’} [-Wmissing-field-initializers]
   85 |     gl_rmain.c:116:1: warning: missing initializer for field ‘valuegl_rmain.c:116:1: warning: missing initializer for field ‘value’ of ‘cvar_t’ {aka ‘struct cvar_s’} [-Wmissing-field-initializers]
   85 |     gl_rmain.c:117:1: warning: missing initializer for field ‘valuegl_rmain.c:117:1: warning: missing initializer for field ‘value’ of ‘cvar_t’ {aka ‘struct cvar_s’} [-Wmissing-field-initializers]
   85 |     gl_rmain.c:118:1: warning: missing initializer for field ‘valuegl_rmain.c:118:1: warning: missing initializer for field ‘value’ of ‘cvar_t’ {aka ‘struct cvar_s’} [-Wmissing-field-initializers]
   85 |     gl_rmain.c:119:1: warning: missing initializer for field ‘valuegl_rmain.c:119:1: warning: missing initializer for field ‘value’ of ‘cvar_t’ {aka ‘struct cvar_s’} [-Wmissing-field-initializers]
   85 |     gl_rmain.c:124:1: warning: missing initializer for field ‘valuegl_rmain.c:124:1: warning: missing initializer for field ‘value’ of ‘cvar_t’ {aka ‘struct cvar_s’} [-Wmissing-field-initializers]
   85 |     gl_rmain.c:126:1: warning: missing initializer for field ‘valuegl_rmain.c:126:1: warning: missing initializer for field ‘value’ of ‘cvar_t’ {aka ‘struct cvar_s’} [-Wmissing-field-initializers]
   85 |     gl_rmain.c:127:1: warning: missing initializer for field ‘valuegl_rmain.c:127:1: warning: missing initializer for field ‘value’ of ‘cvar_t’ {aka ‘struct cvar_s’} [-Wmissing-field-initializers]
   85 |     gl_rmain.c:128:1: warning: missing initializer for field ‘valuegl_rmain.c:128:1: warning: missing initializer for field ‘value’ of ‘cvar_t’ {aka ‘struct cvar_s’} [-Wmissing-field-initializers]
   85 |     gl_rmain.c:134:1: warning: missing initializer for field ‘valuegl_rmain.c:134:1: warning: missing initializer for field ‘value’ of ‘cvar_t’ {aka ‘struct cvar_s’} [-Wmissing-field-initializers]
gl_rmain.c:577:5: warning: no previous prototype for ‘SignbitsFgl_rmain.c:577:5: warning: no previous prototype for ‘SignbitsForPlane’ [-Wmissing-prototypes]
gl_rmain.c: In function ‘In file includemathlib.h:36:38: warning: implicit conversion from ‘float’ tomathlib.h:36:38: warning: implicit conversion from ‘float’ to ‘double’ to match other operand of binary expression [-Wdouble-promotion]
  606 |         scale_forward = cos( mathlib.h:36:38: warning: implicit conversion from ‘float’ tomathlib.h:36:38: warning: implicit conversion from ‘float’ to ‘double’ to match other operand of binary expression [-Wdouble-promotion]
gl_rmain.c:619:6: warning: no previous prototype for ‘R_SetFrusgl_rmain.c:619:6: warning: no previous prototype for ‘R_SetFrustum’ [-Wmissing-prototypes]
gl_rmain.c:646:6: warning: no previous prototype for ‘GL_SetFrugl_rmain.c:646:6: warning: no previous prototype for ‘GL_SetFrustum’ [-Wmissing-prototypes]
gl_rmain.c:649:37: warning: implicit conversion from ‘float’ gl_rmain.c:649:37: warning: implicit conversion from ‘float’ to ‘double’ to match other operand of binary expression [-Wdouble-promotion]
  649 |         xmax = NEARCLIP * tan( fovxgl_rmain.c:650:37: warning: implicit conversion from ‘float’ gl_rmain.c:650:37: warning: implicit conversion from ‘float’ to ‘double’ to match other operand of binary expression [-Wdouble-promotion]
gl_rmain.c:659:6: warning: no previous prototype for ‘R_SetupGLgl_rmain.c:659:6: warning: no previous prototype for ‘R_SetupGL’ [-Wmissing-gl_rmain.c: In function ‘R_SetupGL’:
gl_rmain.c:723:6: warning: no previous prototype for ‘R_SetupScgl_rmain.c:723:6: warning: no previous prototype for ‘R_SetupScene’ [-Wmissing-prototgl_rmain.c:733:6: warning: no previous prototype for ‘R_SetupVigl_rmain.c:733:6: warning: no previous prototype for ‘R_SetupView’ [-Wmissing-protgl_rmain.c: In function ‘R_SetupView’:
  756 mathlib.h:36:38: warning: implicit conversion from ‘float’ tomathlib.h:36:38: warning: implicit conversion from ‘float’ to ‘double’ to match other operand of binary expression [-Wdouble-promotion]
  762 |                         r_fovx = atan(tan(DEG2RAD(r_refdef.fov_x) / 2) * (0.97 + sin(cl.time * 1.5) * 0.03)) * 2 / M_PI_DImathlib.h:36:38: warning: implicit conversion from ‘float’ tomathlib.h:36:38: warning: implicit conversion from ‘float’ to ‘double’ to match other operand of binary expression [-Wdouble-promotion]
  783 |                 if (!r_drawworld.valgl_rmain.c:785:21: warning: comparing floating-point with ‘==’ or ‘!=’ is unsafe [-Wfloat-equal]
gl_rmain.c:786:26: warning: comparing floating-point with ‘==’ or ‘!=’ is unsafe [-Wfloat-equal]
gl_rmain.c:787:26: warning: comparing floating-point with ‘==’ or ‘!=’ is unsafe [-Wfloat-equal]
gl_rmain.c:803:6: warning: no previous gl_rmain.c: At top level:
gl_rmain.c:803:6: warning: no previous prototype for ‘R_DrawEntitiesOnList’ [-Wmissing-prototypes]
gl_rmain.c:807:13: warning: comparing floating-point with ‘==’ or ‘!=’ is unsafe [-Wfloat-equal]
gl_rmain.c:818:64: warning: comparing floating-point with ‘==’ or ‘!=’ is unsafe [-Wfloat-equal]
gl_rmain.c:823:50: warning: implicit conversion from ‘vec_t’ {aka ‘float’} to ‘double’ to match other operand of binary expression [-Wdouble-promotion]
gl_rmain.c:846:6: warning: no previous prototype for ‘R_DrawViewModel’ [-Wmissing-prototypes]
gl_rmain.c:848:13: warning: comparing floating-point with ‘==’ or ‘!=’ is unsafe [-Wfloat-equal]
gl_rmain.c:848:39: warning: comparing floating-point with ‘==’ or ‘!=’ is unsafe [-Wfloat-equal]
gl_rmain.c:848:61: warning: comparing floating-point with ‘==’ or ‘!=’ is unsafe [-Wfloat-equal]
gl_rmain.c:874:6: warning: no previous prototype for ‘R_EmitWirePoint’ [-Wmissing-prototypes]
gl_rmain.c:893:6: warning: no previous prototype for ‘R_EmitWireBox’ [-Wmissing-prototypes]
gl_rmain.c:916:6: warning: no previous prototype for ‘R_ShowBoundingBoxes’ [-Wmissing-prototypes]
gl_rmain.c:923:13: warning: comparing floating-point with ‘==’ or ‘!=’ is unsafe [-Wfloat-equal]
gl_rmain.c:923:57: warning: comparing floating-point with ‘==’ or ‘!=’ is unsafe [-Wfloat-equal]
gl_rmain.c:942:35: warning: comparing floating-point with ‘==’ or ‘!=’ is unsafe [-Wfloat-equal]
gl_rmain.c:942:69: warning: comparing floating-point with ‘==’ or ‘!=’ is unsafe [-Wfloat-equal]
gl_rmain.c:942:103: warning: comparing floating-point with ‘==’ or ‘!=’ is unsafe [-Wfloat-equal]
gl_rmain.c:971:6: warning: no previous prototype for ‘R_ShowTris’ [-Wmissing-prototypes]
gl_rmain.c:979:30: warning: comparing floating-point with ‘==’ or ‘!=’ is unsafe [-Wfloat-equal]
gl_rmain.c:988:13: warning: comparing floating-point with ‘==’ or ‘!=’ is unsafe [-Wfloat-equal]
gl_rmain.c:993:13: warning: comparing floating-point with ‘==’ or ‘!=’ is unsafe [-Wfloat-equal]
gl_rmain.c:1000:58: warning: implicit conversion from ‘vec_t’ {aka ‘float’} to ‘double’ to match other operand of binary expression [-Wdouble-promotion]
gl_rmain.c:1020:21: warning: comparing floating-point with ‘==’ or ‘!=’ is unsafe [-Wfloat-equal]
gl_rmain.c:1021:28: warning: comparing floating-point with ‘==’ or ‘!=’ is unsafe [-Wfloat-equal]
gl_rmain.c:1055:6: warning: no previous prototype for ‘R_DrawShadows’ [-Wmissing-prototypes]
gl_rmain.c:1059:13: warning: comparing floating-point with ‘==’ or ‘!=’ is unsafe [-Wfloat-equal]
gl_rmain.c:1059:33: warning: comparing floating-point with ‘==’ or ‘!=’ is unsafe [-Wfloat-equal]
gl_rmain.c:1114:6: warning: no previous prototype for ‘R_RenderScene’ [-Wmissing-prototypes]
gl_rmain.c:1188:6: warning: no previous prototype for ‘R_ScaleView’ [-Wmissing-prototypes]
gl_rmain.c:1280:13: warning: comparing floating-point with ‘==’ or ‘!=’ is unsafe [-Wfloat-equal]
gl_rmain.c:1287:13: warning: comparing floating-point with ‘==’ or ‘!=’ is unsafe [-Wfloat-equal]
gl_rmain.c:1296:18: warning: comparing floating-point with ‘==’ or ‘!=’ is unsafe [-Wfloat-equal]
gl_rmain.c:1302:13: warning: comparing floating-point with ‘==’ or ‘!=’ is unsafe [-Wfloat-equal]
gl_rmain.c:1312:36: warning: implicit conversion from ‘float’ to ‘double’ to match other operand of binary expression [-Wdouble-promotion]
gl_rmain.c:1312:56: warning: implicit conversion from ‘float’ to ‘double’ to match other operand of binary expression [-Wdouble-promotion]
gl_rmain.c:1341:13: warning: comparing floating-point with ‘==’ or ‘!=’ is unsafe [-Wfloat-equal]
gl_rmain.c:1349:33: warning: comparing floating-point with ‘==’ or ‘!=’ is unsafe [-Wfloat-equal]
gl_rmain.c:1359:41: warning: implicit conversion from ‘float’ to ‘double’ when passing argument to function [-Wdouble-promotion]
gl_rmain.c:1360:18: warning: comparing floating-point with ‘==’ or ‘!=’ is unsafe [-Wfloat-equal]
gl_rlight.c:73:6: warning: no previous prototype for ‘AddLightBgl_rlight.c:73:6: warning: no previous prototype for ‘AddLightBlend’ [-Wmissing-prototypes]
   73 | void AddLightBlend gl_rlight.c:86:6: warning: no previous prototype for ‘R_RenderDgl_rlight.c:86:6: warning: no previous prototype for ‘R_RenderDlight’ [-Wmissing-prototypes]
gl_rlight.c:93:29: warning: implicit conversion from ‘float’ gl_rlight.c:93:29: warning: implicit conversion from ‘float’ to ‘double’ to match other operand of binary expression [-Wdouble-promotion]
   93 |         rgl_rlight.c:98:57: warning: implicit conversion from ‘float’ gl_rlight.c:98:57: warning: implicit conversion from ‘float’ to ‘double’ to match other operand of binary expression [-Wdouble-promotion]
gl_rlight.c:129:13: warning: comparing floating-point with ‘==’ or ‘!=’ is unsafe [-Wfloat-equal]gl_rlight.c:142:28: warning: implicit conversion from ‘float’gl_rlight.c:142:28: warning: implicit conversion from ‘float’ to ‘double’ to match other operand of binary expression [-Wdouble-promotion]
gl_rlight.c:200:21: warning: comparison of integer expressions ofgl_rlight.c:200:21: warning: comparison of integer expressions of different signedness: ‘int’ and ‘unsigned int’ [-Wsign-compare]
  200 |         for (i=0 ; gl_rlight.c:206:22: warning: implicit conversion from ‘float’gl_rlight.c:206:22: warning: implicit conversion from ‘float’ to ‘double’ to match other operand of binary expression [-Wdouble-promotion]
  206 |                 s = l+0.5;if (s < 0) s = 0;else if (s > surf->gl_rlight.c:209:22: warning: implicit conversion from ‘float’gl_rlight.c:209:22: warning: implicit conversion from ‘float’ to ‘double’ to match other operand of binary expression [-Wdouble-promotion]
  240 |   gl_rlight.c:248:28: warning: implicit conversion from ‘float’gl_rlight.c:248:28: warning: implicit conversion from ‘float’ to ‘double’ to match other operand of binary expression [-Wdouble-promotion]
gl_rlight.c:291:5: warning: no previous prototype for ‘Recursivgl_rlight.c:291:5: warning: no previous prototype for ‘RecursiveLightPoint’ [-Wmissing-prototypes]
gl_rlight.c:337:30: warning: comparison of integer expressions ofgl_rlight.c:337:30: warning: comparison of integer expressions of different signedness: ‘int’ and ‘unsigned int’ [-Wsign-compare]
mathlib.h:56:55: warning: implicit conversion from ‘float’ to ‘double’ to match other operand of binary expression [-Wdouble-promotion]
      |       mathlib.h:56:77: warning: implicit conversion from ‘float’ to ‘double’ to match other operand of binary expression [-Wdouble-promotion]
mathlib.h:56:99: warning: implicit conversion from ‘float’ to ‘double’ to match other operand of binary expression [-Wdouble-promotion]
gl_rlight.c:348:102: warning: implicit conversion from ‘float’ to ‘double’ to match other operand of binary expression [-Wdouble-promotion]
mathlib.h:56:55: warning: implicit conversion from ‘float’ to ‘double’ to match other operand of binary expression [-Wdouble-promotion]
mathlib.h:56:77: warning: implicit conversion from ‘float’ to ‘double’ to match other operand of binary expression [-Wdouble-promotion]
mathlib.h:56:99: warning: implicit conversion from ‘float’ to ‘double’ to match other operand of binary expression [-Wdouble-promotion]
gl_rlight.c:349:102: warning: implicit conversion from ‘float’ to ‘double’ to match other operand of binary expression [-Wdouble-promotion]
gl_rlight.c:397:95: warning: implicit conversion from ‘float’ to ‘double’ to match other operand of binary expression [-Wdouble-promotion]
r_part.c:42:1: warning: missing initializer for field ‘value’r_part.c:42:1: warning: missing initializer for field ‘value’ of ‘cvar_t’ {aka ‘struct cvar_s’} [-Wmissing-field-initializers]
   85 |     r_part.c:43:1: warning: missing initializer for field ‘value’r_part.c:43:1: warning: missing initializer for field ‘value’ of ‘cvar_t’ {aka ‘struct cvar_s’} [-Wmissing-field-initializers]
   85 |     r_part.c:50:5: warning: no previous prototype for ‘R_ParticleTer_part.c:50:5: warning: no previous prototype for ‘R_ParticleTextureLookup’ [-Wmissing-prototypes]
   50 | int R_ParticleTextureLookup (r_part.c:69:6: warning: no previous prototype for ‘R_InitParticr_part.c:69:6: warning: no previous prototype for ‘R_InitParticleTextures’ [-Wmissing-prototypes]
r_part.c:123:45: warning: unused parameter ‘var’ [-Wunused-par_part.c:123:45: warning: unused parameter ‘var’ [-Wunused-parameter]
r_part.c:198:13: warning: comparing floating-point with ‘==’ r_part.c:198:13: warning: comparing floating-point with ‘==’ or ‘!=’ is unsafe [-Wfloat-equar_part.c:210:33: warning: implicit conversion from ‘vec_t’ {ar_part.c:210:33: warning: implicit conversion from ‘vec_t’ {aka ‘float’} to ‘double’ to match other operand of binary expression [-Wdouble-promotion]
  210 |                 angle = cl.timr_part.c:213:33: warning: implicit conversion from ‘vec_t’ {ar_part.c:213:33: warning: implicit conversion from ‘vec_t’ {aka ‘float’} to ‘double’ to match other operand of binary expression [-Wdouble-promotion]
  213 |                 angle = cl.timr_part.c:216:33: warning: implicit conversion from ‘vec_t’ {ar_part.c:216:33: warning: implicit conversion from ‘vec_t’ {aka ‘float’} to ‘double’ to match other operand of binary expression [-Wdouble-promotion]
r_part.c:731:45: warning: implicit conversion from ‘float’ tor_part.c:731:45: warning: implicit conversion from ‘float’ to ‘double’ to match other operand of binary expression [-Wdouble-promotion]
  731 |         grav = frametime * sv_gravity.valr_part.c:737:39: warning: implicit conversion from ‘float’ tor_part.c:737:39: warning: implicit conversion from ‘float’ to ‘double’ to match other operand of binary expression [-Wdouble-promotion]
  737 |                 if (kill && killr_part.c:752:47: warning: implicit conversion from ‘float’ tor_part.c:752:47: warning: implicit conversion from ‘float’ to ‘double’ to match other operand of binary expression [-Wdouble-promotion]
r_part.c:872:13: warning: comparing floating-point with ‘==’ r_part.c:872:13: warning: comparing floating-point with ‘==’ or ‘!=’ is unsafe [-Wfloat-equar_part.c:896:13: warning: comparing floating-point with ‘==’ r_part.c:896:13: warning: comparing floating-point with ‘==’ or ‘!=’ is unsafe [-Wfloat-equal]
  896 |         if (r_quadparticles.value) //jor_part.c:914:51: warning: implicit conversion from ‘float’ tor_part.c:914:51: warning: implicit conversion from ‘float’ to ‘double’ to match other operand of binary expression [-Wdouble-promotion]
  914 |                                 scale = 1 + scale * 0.r_part.c:915:31: warning: implicit conversion from ‘float’ tor_part.c:915:31: warning: implicit conversion from ‘float’ to ‘double’ to match other operand of binary expression [-Wdouble-promotion]
  915 |                         scale /= 2.0; //quad is har_part.c:969:51: warning: implicit conversion from ‘float’ tor_part.c:969:51: warning: implicit conversion from ‘float’ to ‘double’ to match other operand of binary expression [-Wdouble-promotion]
r_part.c:1024:13: warning: comparing floating-point with ‘==’r_part.c:1024:13: warning: comparing floating-point with ‘==’ or ‘!=’ is unsafe [-Wfloat-equar_part.c:1030:13: warning: comparing floating-point with ‘==’r_part.c:1030:13: warning: comparing floating-point with ‘==’ or ‘!=’ is unsafe [-Wfloat-equal]
 1030 |       r_part.c:1043:51: warning: implicit conversion from ‘float’ tr_part.c:1043:51: warning: implicit conversion from ‘float’ to ‘double’ to match other operand of binary expression [-Wdouble-promotion]
 1043 |                                 scale = 1 + scale * 0.r_part.c:1045:31: warning: implicit conversion from ‘float’ tr_part.c:1045:31: warning: implicit conversion from ‘float’ to ‘double’ to match other operand of binary expression [-Wdouble-promotion]
 1045 |                         scale /= 2.0; //quad is har_part.c:1075:51: warning: implicit conversion from ‘float’ tr_part.c:1075:51: warning: implicit conversion from ‘float’ to ‘double’ to match other operand of binary expression [-Wdouble-promotion]
gl_fog.c:61:31: warning: implicit conversion from ‘float’ to gl_fog.c:61:31: warning: implicit conversion from ‘float’ to ‘double’ to match other operand of binary expression [-Wdouble-promotion]
   61 |                 gl_fog.c:65:40: warning: implicit conversion from ‘float’ to gl_fog.c:65:40: warning: implicit conversion from ‘float’ to ‘double’ to match other operand of binary expression [-Wdouble-promotion]
   65 |                         f = (fade_done - cl.timgl_fog.c:65:51: warning: implicit conversion from ‘float’ to gl_fog.c:65:51: warning: implicit conversion from ‘float’ to ‘double’ to match other operand of binary expression [-Wdouble-promotion]
   65 |                         f = (fade_done - cl.time) / fade_tgl_fog.c:66:62: warning: implicit conversion from ‘float’ to gl_fog.c:66:62: warning: implicit conversion from ‘float’ to ‘double’ to match other operand of binary expression [-Wdouble-promotion]
gl_fog.c:66:67: warning: implicit conversion from ‘float’ to ‘double’ to match other operand of binary expression [-Wdouble-promotion]
gl_fog.c:66:55: warning: implicit conversion from ‘float’ to ‘double’ to match other operand of binary expression [-Wdouble-promotion]
gl_fog.c:67:54: warning: implicit conversion from ‘float’ to ‘double’ to match other operand of binary expression [-Wdouble-promotion]
gl_fog.c:67:59: warning: implicit conversion from ‘float’ to ‘double’ to match other operand of binary expression [-Wdouble-promotion]
gl_fog.c:67:47: warning: implicit conversion from ‘float’ to ‘double’ to match other operand of binary expression [-Wdouble-promotion]
gl_fog.c:68:58: warning: implicit conversion from ‘float’ to ‘double’ to match other operand of binary expression [-Wdouble-promotion]
gl_fog.c:68:63: warning: implicit conversion from ‘float’ to ‘double’ to match other operand of binary expression [-Wdouble-promotion]
gl_fog.c:68:51: warning: implicit conversion from ‘float’ to ‘double’ to match other operand of binary expression [-Wdouble-promotion]
gl_fog.c:69:56: warning: implicit conversion from ‘float’ to ‘double’ to match other operand of binary expression [-Wdouble-promotion]
gl_fog.c:69:61: warning: implicit conversion from ‘float’ to ‘double’ to match other operand of binary expression [-Wdouble-promotion]
gl_fog.c:69:49: warning: implicit conversion from ‘float’ to ‘double’ to match other operand of binary expression [-Wdouble-promotion]
gl_fog.c:85:29: warning: implicit conversion from ‘float’ to ‘double’ to match other operand of binary expression [-Wdouble-promotion]
gl_fog.c:116:6: warning: no previous prototype for ‘Fog_FogCommand_f’ [-Wmissing-prototypes]
gl_fog.c:129:58: warning: implicit conversion from ‘float’ to ‘double’ when passing argument to function [-Wdouble-promotion]
gl_rmisc.c:54:1: warning: missing initializer for field ‘value’ of ‘cvar_t’ {aka ‘struct cvar_s’} [-Wmissing-field-initializers]
gl_fog.c:130:54: warning: implicit conversion from ‘float’ to ‘double’ when passing argument to function [-Wdouble-promotion]
gl_fog.c:131:56: warning: implicit conversion from ‘float’ to ‘double’ when passing argument to function [-Wdouble-promotion]
gl_fog.c:132:55: warning: implicit conversion from ‘float’ to ‘double’ when passing argument to function [-Wdouble-promotion]
gl_rmisc.c:62:38: warning: unused parameter ‘var’ [-Wunused-parameter]
gl_rmisc.c:72:39: warning: unused parameter ‘var’ [-Wunused-parameter]
gl_rmisc.c:82:40: warning: unused parameter ‘var’ [-Wunused-parameter]
gl_fog.c:188:6: warning: no previous prototype for ‘Fog_ParseWorldspawn’ [-Wmissing-prototypes]
gl_rmisc.c:97:48: warning: unused parameter ‘var’ [-Wunused-parameter]
gl_fog.c:250:23: warning: implicit conversion from ‘float’ to ‘double’ to match other operand of binary expression [-Wdouble-promotion]
gl_fog.c:252:32: warning: implicit conversion from ‘float’ to ‘double’ to match other operand of binary expression [-Wdouble-promotion]
gl_fog.c:252:43: warning: implicit conversion from ‘float’ to ‘double’ to match other operand of binary expression [-Wdouble-promotion]
gl_fog.c:253:43: warning: implicit conversion from ‘float’ to ‘double’ to match other operand of binary expression [-Wdouble-promotion]
gl_fog.c:253:48: warning: implicit conversion from ‘float’ to ‘double’ to match other operand of binary expression [-Wdouble-promotion]
gl_fog.c:253:36: warning: implicit conversion from ‘float’ to ‘double’ to match other operand of binary expression [-Wdouble-promotion]
gl_fog.c:254:50: warning: implicit conversion from ‘float’ to ‘double’ to match other operand of binary expression [-Wdouble-promotion]
gl_fog.c:254:38: warning: implicit conversion from ‘float’ to ‘double’ to match other operand of binary expression [-Wdouble-promotion]
gl_rmisc.c:300:13: warning: comparing floating-point with ‘==’ or ‘!=’ is unsafe [-Wfloat-equal]
gl_fog.c:255:44: warning: implicit conversion from ‘float’ to ‘double’ to match other operand of binary expression [-Wdouble-promotion]
gl_fog.c:255:49: warning: implicit conversion from ‘float’ to ‘double’ to match other operand of binary expression [-Wdouble-promotion]
gl_fog.c:255:37: warning: implicit conversion from ‘float’ to ‘double’ to match other operand of binary expression [-Wdouble-promotion]
mathlib.h:53:40: warning: implicit conversion from ‘float’ to ‘double’ to match other operand of binary expression [-Wdouble-promotion]
mathlib.h:53:59: warning: implicit conversion from ‘float’ to ‘double’ to match other operand of binary expression [-Wdouble-promotion]
gl_fog.c:289:23: warning: implicit conversion from ‘float’ to ‘double’ to match other operand of binary expression [-Wdouble-promotion]
gl_fog.c:291:32: warning: implicit conversion from ‘float’ to ‘double’ to match other operand of binary expression [-Wdouble-promotion]
gl_fog.c:291:43: warning: implicit conversion from ‘float’ to ‘double’ to match other operand of binary expression [-Wdouble-promotion]
gl_fog.c:292:47: warning: implicit conversion from ‘float’ to ‘double’ to match other operand of binary expression [-Wdouble-promotion]
gl_fog.c:292:52: warning: implicit conversion from ‘float’ to ‘double’ to match other operand of binary expression [-Wdouble-promotion]
gl_fog.c:292:40: warning: implicit conversion from ‘float’ to ‘double’ to match other operand of binary expression [-Wdouble-promotion]
gl_fog.c:308:49: warning: implicit conversion from ‘float’ to ‘double’ to match other operand of binary expression [-Wdouble-promotion]
gl_fog.c:371:1: warning: missing initializer for field ‘value’ of ‘cvar_t’ {aka ‘struct cvar_s’} [-Wmissing-field-initializers]
gl_rmisc.c:484:46: warning: implicit conversion from ‘float’ gl_rmisc.c:484:46: warning: implicit conversion from ‘float’ to ‘double’ when passing argument to function [-Wdouble-promotion]
  484 |         Con_Printf ("%f seconds (%f fps)\n", time, 128/gl_rmisc.c:484:55: warning: implicit conversion from ‘float’ gl_rmisc.c:484:55: warning: implicit conversion from ‘float’ to ‘double’ when passing argument to function [-Wdouble-promotion]
   85 |     gl_fog.c:373:6: warning: no previous prototype for ‘Fog_DrawVFogl_fog.c:373:6: warning: no previous prototype for ‘Fog_DrawVFog’ [-Wmissing-prototypgl_fog.c:374:6: warning: no previous prototype for ‘Fog_MarkModgl_fog.c:374:6: warning: no previous prototype for ‘Fog_MarkModels’ [-Wmissing-prototypes]
cc -DNDEBUG -c -Wall -Wno-trigraphs -MMD  -O2 -fweb -frename-regicc -DNDEBUG -c -Wall -Wno-trigraphs -MMD  -O2 -fweb -frename-registers -DUSE_SDL2 -DUSE_CODEC_WAVE -DUSE_CODEC_VORBIS  -Wall -Wextra -Wshadow -Wstrict-prototypes -Wmissing-prototypes -Wpointer-arith -Wcast-align -Wwrite-strings -Wundef -Wfloat-equal -Wnull-dereference -Wdouble-promotion -Wlogical-op -Wduplicated-cond -Wduplicated-branches -Wstrict-aliasing=2 -Wformat=2 -Wmissing-include-dirs -Wmissing-field-initializers -O2 -fanalyzer -fdiagnostics-path-format=inlincc -DNDEBUG -c -Wall -Wno-trigraphs -MMD  -O2 -fweb -frename-regicc -DNDEBUG -c -Wall -Wno-trigraphs -MMD  -O2 -fweb -frename-registers -DUSE_SDL2 -DUSE_CODEC_WAVE -DUSE_CODEC_VORBIS  -Wall -Wextra -Wshadow -Wstrict-prototypes -Wmissing-prototypes -Wpointer-arith -Wcast-align -Wwrite-strings -Wundef -Wfloat-equal -Wnull-dereference -Wdouble-promotion -Wlogical-op -Wduplicated-cond -Wduplicated-branches -Wstrict-aliasing=2 -Wformat=2 -Wmissing-include-dirs -Wmissing-field-initializers -O2 -fanalyzer -fdiagnostics-path-format=inline-evcc -DNDEBUG -c -Wall -Wno-trigraphs -MMD  -O2 -fweb -frename-regicc -DNDEBUG -c -Wall -Wno-trigraphs -MMD  -O2 -fweb -frename-registers -DUSE_SDL2 -DUSE_CODEC_WAVE -DUSE_CODEC_VORBIS  -Wall -Wextra -Wshadow -Wstrict-prototypes -Wmissing-prototypes -Wpointer-arith -Wcast-align -Wwrite-strings -Wundef -Wfloat-equal -Wnull-dereference -Wdouble-promotion -Wlogical-op -Wduplicated-cond -Wduplicated-branches -Wstrict-aliasing=2 -Wformat=2 -Wmissing-include-dirs -Wmissing-field-initializers -O2 -fanalyzer -fdiagnostics-path-format=inlr_world.c:75:10: warning: no previous prototype for ‘R_BackFacer_world.c:75:10: warning: no previous prototype for ‘R_BackFaceCull’ [-Wmissing-prototypes]
r_world.c:115:13: warning: comparing floating-point with ‘==’r_world.c:115:13: warning: comparing floating-point with ‘==’ or ‘!=’ is unsafe [-Wfloat-equal]
  115 |         if (r_novis.value || r_viewleaf->contents == CONTENTS_SOLID || rr_world.c:138:29: warning: comparing floating-point with ‘==’r_world.c:138:29: warning: comparing floating-point with ‘==’ or ‘!=’ is unsafe [-Wfloat-equal]
r_world.c:206:6: warning: no previous prototype for ‘R_DrawTextureChains_ShowTris’ [-Wmissing-prototypes]
r_world.c:242:6: warning: no previous prototype for ‘R_DrawTextureChains_Drawflat’ [-Wmissing-prototypes]
r_world.c:286:6: warning: no previous prototype for ‘R_DrawTextureChains_Glow’ [-Wmissing-prototypes]
r_world.c:426:6: warning: no previous prototype for ‘R_DrawTextureChains_Multitexture’ [-Wmissing-prototypes]
r_world.c:508:6: warning: no previous prototype for ‘R_DrawTextureChains_NoTexture’ [-Wmissing-prototypes]
r_world.c:544:6: warning: no previous prototype for ‘R_DrawTextureChains_TextureOnly’ [-Wmissing-prototypes]
r_world.c:589:7: warning: no previous prototype for ‘GL_WaterAlphaForEntitySurface’ [-Wmissing-prototypes]
r_world.c:669:45: warning: comparing floating-point with ‘==’ or ‘!=’ is unsafe [-Wfloat-equal]
r_world.c:671:41: warning: comparing floating-point with ‘==’ or ‘!=’ is unsafe [-Wfloat-equal]
r_world.c:672:41: warning: comparing floating-point with ‘==’ or ‘!=’ is unsafe [-Wfloat-equal]
r_world.c:809:6: warning: no previous prototype for ‘R_DrawTextureChains_White’ [-Wmissing-prototypes]
r_world.c:839:6: warning: no previous prototype for ‘R_DrawLightmapChains’ [-Wmissing-prototypes]
r_world.c:968:6: warning: no previous prototype for ‘R_DrawTextureChains_GLSL’ [-Wmissing-prototypes]
r_world.c:972:39: warning: comparing floating-point with ‘==’ or ‘!=’ is unsafe [-Wfloat-equal]
r_world.c:973:39: warning: comparing floating-point with ‘==’ or ‘!=’ is unsafe [-Wfloat-equal]
r_world.c:1023:21: warning: comparing floating-point with ‘==’ or ‘!=’ is unsafe [-Wfloat-equal]
r_world.c:1086:6: warning: no previous prototype for ‘R_DrawLightmapChains_GLSL’ [-Wmissing-prototypes]
r_world.c:1088:39: warning: comparing floating-point with ‘==’ or ‘!=’ is unsafe [-Wfloat-equal]
r_world.c:1089:39: warning: comparing floating-point with ‘==’ or ‘!=’ is unsafe [-Wfloat-equal]
r_world.c:1086:59: warning: unused parameter ‘ent’ [-Wunused-parameter]
r_world.c:1205:21: warning: comparing floating-point with ‘==’ or ‘!=’ is unsafe [-Wfloat-equal]
r_world.c:1211:21: warning: comparing floating-point with ‘==’ or ‘!=’ is unsafe [-Wfloat-equal]
r_world.c:1233:13: warning: comparing floating-point with ‘==’ or ‘!=’ is unsafe [-Wfloat-equal]
r_world.c:1329:13: warning: comparing floating-point with ‘==’ or ‘!=’ is unsafe [-Wfloat-equal]
gl_screen.c:81:1: warning: missing initializer for field ‘valuegl_screen.c:81:1: warning: missing initializer for field ‘value’ of ‘cvar_t’ {aka ‘struct cvar_s’} [-Wmissing-field-initializers]
   85 |     gl_screen.c:82:1: warning: missing initializer for field ‘valuegl_screen.c:82:1: warning: missing initializer for field ‘value’ of ‘cvar_t’ {aka ‘struct cvar_s’} [-Wmissing-field-initializers]
   85 |     gl_screen.c:83:1: warning: missing initializer for field ‘valuegl_screen.c:83:1: warning: missing initializer for field ‘value’ of ‘cvar_t’ {aka ‘struct cvar_s’} [-Wmissing-field-initializers]
   85 |     gl_screen.c:84:1: warning: missing initializer for field ‘valuegl_screen.c:84:1: warning: missing initializer for field ‘value’ of ‘cvar_t’ {aka ‘struct cvar_s’} [-Wmissing-field-initializers]
   85 |     gl_screen.c:85:1: warning: missing initializer for field ‘valuegl_screen.c:85:1: warning: missing initializer for field ‘value’ of ‘cvar_t’ {aka ‘struct cvar_s’} [-Wmissing-field-initializers]
   85 |     gl_screen.c:86:1: warning: missing initializer for field ‘valuegl_screen.c:86:1: warning: missing initializer for field ‘value’ of ‘cvar_t’ {aka ‘struct cvar_s’} [-Wmissing-field-initializers]
   85 |     gl_screen.c:87:1: warning: missing initializer for field ‘valuegl_screen.c:87:1: warning: missing initializer for field ‘value’ of ‘cvar_t’ {aka ‘struct cvar_s’} [-Wmissing-field-initializers]
   85 |     gl_screen.c:88:1: warning: missing initializer for field ‘valuegl_screen.c:88:1: warning: missing initializer for field ‘value’ of ‘cvar_t’ {aka ‘struct cvar_s’} [-Wmissing-field-initializers]
   85 |     gl_screen.c:90:1: warning: missing initializer for field ‘valuegl_screen.c:90:1: warning: missing initializer for field ‘value’ of ‘cvar_t’ {aka ‘struct cvar_s’} [-Wmissing-field-initializers]
   85 |     gl_screen.c:92:1: warning: missing initializer for field ‘valuegl_screen.c:92:1: warning: missing initializer for field ‘value’ of ‘cvar_t’ {aka ‘struct cvar_s’} [-Wmissing-field-initializers]
   85 |     gl_screen.c:93:1: warning: missing initializer for field ‘valuegl_screen.c:93:1: warning: missing initializer for field ‘value’ of ‘cvar_t’ {aka ‘struct cvar_s’} [-Wmissing-field-initializers]
   85 |     gl_screen.c:94:1: warning: missing initializer for field ‘valuegl_screen.c:94:1: warning: missing initializer for field ‘value’ of ‘cvar_t’ {aka ‘struct cvar_s’} [-Wmissing-field-initializers]
   85 |     gl_screen.c:95:1: warning: missing initializer for field ‘valuegl_screen.c:95:1: warning: missing initializer for field ‘value’ of ‘cvar_t’ {aka ‘struct cvar_s’} [-Wmissing-field-initializers]
   85 |     gl_screen.c:96:1: warning: missing initializer for field ‘valuegl_screen.c:96:1: warning: missing initializer for field ‘value’ of ‘cvar_t’ {aka ‘struct cvar_s’} [-Wmissing-field-initializers]
   85 |     gl_screen.c:97:1: warning: missing initializer for field ‘valuegl_screen.c:97:1: warning: missing initializer for field ‘value’ of ‘cvar_t’ {aka ‘struct cvar_s’} [-Wmissing-field-initializers]
   85 |     gl_screen.c:98:1: warning: missing initializer for field ‘valuegl_screen.c:98:1: warning: missing initializer for field ‘value’ of ‘cvar_t’ {aka ‘struct cvar_s’} [-Wmissing-field-initializers]
   85 |     gl_screen.c:99:1: warning: missing initializer for field ‘valuegl_screen.c:99:1: warning: missing initializer for field ‘value’ of ‘cvar_t’ {aka ‘struct cvar_s’} [-Wmissing-field-initializers]
   85 |     gl_screen.c:100:1: warning: missing initializer for field ‘valugl_screen.c:100:1: warning: missing initializer for field ‘value’ of ‘cvar_t’ {aka ‘struct cvar_s’} [-Wmissing-field-initializers]
   85 |     gl_screen.c:102:1: warning: missing initializer for field ‘valugl_screen.c:102:1: warning: missing initializer for field ‘value’ of ‘cvar_t’ {aka ‘struct cvar_s’} [-Wmissing-field-initializers]
   85 |     gl_screen.c:164:6: warning: no previous prototype for ‘SCR_Drawgl_screen.c:164:6: warning: no previous prototype for ‘SCR_DrawCenterString’ [-Wmissing-prototypes]
gl_screen.c:176:61: warning: implicit conversion from ‘float’gl_screen.c:176:61: warning: implicit conversion from ‘float’ to ‘double’ to match other operand of binary expression [-Wdouble-promotion]
     gl_screen.c:176:50: warning: implicit conversion from ‘float’gl_screen.c:176:50: warning: implicit conversion from ‘float’ to ‘double’ to match other operand of binary expression [-Wdouble-promotion]
gl_screen.c:215:6: warning: no previous prototype for ‘SCR_Checgl_screen.c:215:6: warning: no previous prototype for ‘SCR_CheckDrawCenterString’ [-Wmissing-prototypes]
gl_screen.c:220:28: warning: implicit conversion from ‘float’gl_screen.c:220:28: warning: implicit conversion from ‘float’ to ‘double’ to match other operand of binary expression [-Wdouble-promotion]
gl_screen.c:241:7: warning: no previous prototype for ‘AdaptFovgl_screen.c:241:7: warning: no previous prototype for ‘AdaptFovx’ [-Wmissing-prototypes]
gl_screen.c:246:43: warning: implicit conversion from ‘float’gl_screen.c:246:43: warning: implicit conversion from ‘float’ to ‘double’ when passing argument to function [-Wdouble-promotion]
  250 |         if ((x = heiggl_screen.c:250:34: warning: implicit conversion from ‘float’gl_screen.c:250:34: warning: implicit conversion from ‘float’ to ‘double’ gl_screen.c:252:23: warning: implicit conversion from ‘float’gl_screen.c:252:23: warning: implicit conversion from ‘float’ to ‘double’ to match other operand of binary expression [-Wdouble-promotion]
  252 |         a = atan(0.75gl_screen.c:252:45: warning: implicit conversion from ‘float’gl_screen.c:252:45: warning: implicit conversion from ‘float’ to ‘double’ to match other operand of binary expression [-Wdouble-promotion]
  252 |         a = atan(0.75 / x * tan(fov_x / 360gl_screen.c:253:21: warning: implicit conversion from ‘float’gl_screen.c:253:21: warning: implicit conversion from ‘float’ to ‘double’ to match other operand of binary expression [-Wdouble-promotion]
gl_screen.c:262:7: warning: no previous prototype for ‘CalcFovygl_screen.c:262:7: warning: no previous prototype for ‘CalcFovy’ [-Wmissing-prototypes]
gl_screen.c:267:43: warning: implicit conversion from ‘float’gl_screen.c:267:43: warning: implicit conversion from ‘float’ to ‘double’ when passing argument to function [-Wdouble-promotion]
  267 |                 Sys_Error ("Bad fov: %f",gl_screen.c:269:37: warning: implicit conversion from ‘float’gl_screen.c:269:37: warning: implicit conversion from ‘float’ to ‘double’ to match other operand of binary expression [-Wdouble-promotion]
  269 |         x = width / tan(fogl_screen.c:269:19: warning: implicit conversion from ‘float’gl_screen.c:269:19: warning: implicit conversion from ‘float’ to ‘double’ to match other operand of binary expression [-Wdouble-promotion]
  269 |         gl_screen.c:271:21: warning: implicit conversion from ‘float’gl_screen.c:271:21: warning: implicit conversion from ‘float’ to ‘double’ to match other operand of binary expression [-Wdouble-promotion]
gl_screen.c:341:6: warning: no previous prototype for ‘SCR_Sizegl_screen.c:341:6: warning: no previous prototype for ‘SCR_SizeUp_f’ [-Wmissing-prototgl_screen.c:354:6: warning: no previous prototype for ‘SCR_Sizegl_screen.c:354:6: warning: no previous prototype for ‘SCR_SizeDown_f’ [-Wmissing-prototypesgl_screen.c: In function ‘SCR_Callback_refdef’:
gl_screen.c:359:42: warning: unused parameter ‘var’ [-Wunused-parameter]
gl_screen.c:369:6: warning: no previous prototype for ‘SCR_Conwidth_f’ [-Wmissing-prototypes]
gl_screen.c:369:30: warning: unused parameter ‘var’ [-Wunused-parameter]
gl_screen.c:447:6: warning: no previous prototype for ‘SCR_DrawFPS’ [-Wmissing-prototypes]
gl_screen.c:472:13: warning: comparing floating-point with ‘==’ or ‘!=’ is unsafe [-Wfloat-equal]
gl_screen.c:491:6: warning: no previous prototype for ‘SCR_DrawClock’ [-Wmissing-prototypes]
gl_screen.c:495:29: warning: comparing floating-point with ‘==’ or ‘!=’ is unsafe [-Wfloat-equal]
gl_screen.c:519:6: warning: no previous prototype for ‘SCR_DrawDevStats’ [-Wmissing-prototypes]
gl_screen.c:525:13: warning: comparing floating-point with ‘==’ or ‘!=’ is unsafe [-Wfloat-equal]
gl_screen.c:565:6: warning: no previous prototype for ‘SCR_DrawTurtle’ [-Wmissing-prototypes]
gl_screen.c:569:13: warning: comparing floating-point with ‘==’ or ‘!=’ is unsafe [-Wfloat-equal]
gl_screen.c:592:6: warning: no previous prototype for ‘SCR_DrawNet’ [-Wmissing-prototypes]
gl_screen.c:594:22: warning: implicit conversion from ‘float’ to ‘double’ to match other operand of binary expression [-Wdouble-promotion]
gl_screen.c:609:6: warning: no previous prototype for ‘SCR_DrawPause’ [-Wmissing-prototypes]
gl_screen.c:616:13: warning: comparing floating-point with ‘==’ or ‘!=’ is unsafe [-Wfloat-equal]
gl_screen.c:632:6: warning: no previous prototype for ‘SCR_DrawLoading’ [-Wmissing-prototypes]
gl_screen.c:652:6: warning: no previous prototype for ‘SCR_DrawCrosshair’ [-Wmissing-prototypes]
gl_screen.c:654:13: warning: comparing floating-point with ‘==’ or ‘!=’ is unsafe [-Wfloat-equal]
gl_screen.c:671:6: warning: no previous prototype for ‘SCR_SetUpToDrawConsole’ [-Wmissing-prototypes]
gl_screen.c:702:44: warning: implicit conversion from ‘float’ to ‘double’ to match other operand of binary expression [-Wdouble-promotion]
gl_screen.c:702:76: warning: implicit conversion from ‘float’ to ‘double’ to match other operand of binary expression [-Wdouble-promotion]
gl_screen.c:702:33: warning: implicit conversion from ‘float’ to ‘double’ to match other operand of binary expression [-Wdouble-promotion]
gl_screen.c:709:44: warning: implicit conversion from ‘float’ to ‘double’ to match other operand of binary expression [-Wdouble-promotion]
gl_screen.c:709:76: warning: implicit conversion from ‘float’ to ‘double’ to match other operand of binary expression [-Wdouble-promotion]
gl_screen.c:709:33: warning: implicit conversion from ‘float’ to ‘double’ to match other operand of binary expression [-Wdouble-promotion]
gl_screen.c:717:27: warning: comparing floating-point with ‘==’ or ‘!=’ is unsafe [-Wfloat-equal]
gl_screen.c:726:6: warning: no previous prototype for ‘SCR_DrawConsole’ [-Wmissing-prototypes]
gl_screen.c:728:13: warning: comparing floating-point with ‘==’ or ‘!=’ is unsafe [-Wfloat-equal]
gl_screen.c:923:6: warning: no previous prototype for ‘SCR_DrawNotifyString’ [-Wmissing-prototypes]
gl_screen.c:982:35: warning: implicit conversion from ‘float’ to ‘double’ to match other operand of binary expression [-Wdouble-promotion]
gl_screen.c:991:21: warning: comparing floating-point with ‘==’ or ‘!=’ is unsafe [-Wfloat-equal]
gl_screen.c:1024:6: warning: no previous prototype for ‘SCR_Tilgl_screen.c:1024:6: warning: no previous prototype for ‘SCR_TileClear’ [-Wmissing-prototypgl_screen.c: In function ‘SCR_TileClear’:
gl_screen.c:1027:54: warning: comparing floating-point with ‘==’ or ‘!=’ is unsafe [-Wfloat-equal]
gl_screen.c:1027:113: warning: comparing floating-point with ‘=gl_screen.c:1027:113: warning: comparing floating-point with ‘==’ or ‘!=’ is unsafe [-Wfloat-equal]
gl_screen.c:1073:48: warning: comparing floating-point with ‘==’ or ‘!=’ is unsafe [-Wfloat-equal]
gl_screen.c:1077:30: warning: implicit conversion from ‘float’ to ‘double’ to match other operand of binary expression [-Wdouble-promotion]
gl_sky.c:47:1: warning: missing initializer for field ‘value’gl_sky.c:47:1: warning: missing initializer for field ‘value’ of ‘cvar_t’ {aka ‘struct cvar_s’} [-Wmissing-field-initializers]
gl_sky.c:48:1: warning: missing initializer for field ‘value’ of ‘cvar_t’ {aka ‘struct cvar_s’} [-Wmissing-field-initializers]
gl_sky.c:49:1: warning: missing initializer for field ‘value’ of ‘cvar_t’ {aka ‘struct cvar_s’} [-Wmissing-field-initializers]
gl_sky.c:50:1: warning: missing initializer for field ‘value’ of ‘cvar_t’ {aka ‘struct cvar_s’} [-Wmissing-field-initializers]
gl_sky.c:360:6: warning: no previous prototype for ‘Sky_SkyCommand_f’ [-Wmissing-prototypes]
gl_sky.c:421:6: warning: no previous prototype for ‘Sky_ProjectPoly’ [-Wmissing-prototypes]
gl_sky.c:527:23: warning: implicit conversion from ‘float’ to ‘double’ to match other operand of binary expression [-Wdouble-promotion]
gl_sky.c:532:28: warning: implicit conversion from ‘float’ to ‘double’ to match other operand of binary expression [-Wdouble-promotion]
gl_sky.c:614:6: warning: no previous prototype for ‘Sky_ProcessPoly’ [-Wmissing-prototypes]
gl_sky.c:621:13: warning: comparing floating-point with ‘==’ or ‘!=’ is unsafe [-Wfloat-equal]
gl_sky.c:645:6: warning: no previous prototype for ‘Sky_ProcessTextureChains’ [-Wmissing-prototypes]
gl_sky.c:671:6: warning: no previous prototype for ‘Sky_ProcessEntities’ [-Wmissing-prototypes]
gl_sky.c:681:13: warning: comparing floating-point with ‘==’ or ‘!=’ is unsafe [-Wfloat-equal]
gl_sky.c:698:21: warning: comparing floating-point with ‘==’ or ‘!=’ is unsafe [-Wfloat-equal]
gl_sky.c:698:34: warning: comparing floating-point with ‘==’ or ‘!=’ is unsafe [-Wfloat-equal]
gl_sky.c:698:50: warning: comparing floating-point with ‘==’ or ‘!=’ is unsafe [-Wfloat-equal]
gl_sky.c:717:74: warning: implicit conversion from ‘float’ to ‘double’ to match other operand of binary expression [-Wdouble-promotion]
gl_sky.c:718:79: warning: implicit conversion from ‘float’ to ‘double’ to match other operand of binary expression [-Wdouble-promotion]
gl_sky.c:760:6: warning: no previous prototype for ‘Sky_EmitSkyBoxVertex’ [-Wmissing-prototypes]
gl_sky.c:766:37: warning: implicit conversion from ‘float’ to ‘double’ to match other operand of binary expression [-Wdouble-promotion]
gl_sky.c:767:37: warning: implicit conversion from ‘float’ to ‘double’ to match other operand of binary expression [-Wdouble-promotion]
gl_sky.c:768:33: warning: implicit conversion from ‘float’ to ‘double’ to match other operand of binary expression [-Wdouble-promotion]
gl_sky.c:781:18: warning: implicit conversion from ‘float’ to ‘double’ to match other operand of binary expression [-Wdouble-promotion]
gl_sky.c:782:18: warning: implicit conversion from ‘float’ to ‘double’ to match other operand of binary expression [-Wdouble-promotion]
gl_sky.c:787:30: warning: implicit conversion from ‘float’ to ‘double’ to match other operand of binary expression [-Wdouble-promotion]
gl_sky.c:787:25: warning: implicit conversion from ‘float’ to ‘double’ to match other operand of binary expression [-Wdouble-promotion]
gl_sky.c:788:30: warning: implicit conversion from ‘float’ to ‘double’ to match other operand of binary expression [-Wdouble-promotion]
gl_sky.c:788:25: warning: implicit conversion from ‘float’ to ‘double’ to match other operand of binary expression [-Wdouble-promotion]
gl_sky.c:790:17: warning: implicit conversion from ‘float’ to ‘double’ to match other operand of binary expression [-Wdouble-promotion]
gl_sky.c:802:6: warning: no previous prototype for ‘Sky_DrawSkyBox’ [-Wmissing-prototypes]
gl_sky.c:865:6: warning: no previous prototype for ‘Sky_SetBoxVert’ [-Wmissing-prototypes]
gl_sky.c:870:37: warning: implicit conversion from ‘float’ to ‘double’ to match other operand of binary expression [-Wdouble-promotion]
gl_sky.c:871:37: warning: implicit conversion from ‘float’ to ‘double’ to match other operand of binary expression [-Wdouble-promotion]
gl_sky.c:872:33: warning: implicit conversion from ‘float’ to ‘double’ to match other operand of binary expression [-Wdouble-promotion]
gl_sky.c:890:6: warning: no previous prototype for ‘Sky_GetTexCoord’ [-Wmissing-prototypes]
gl_sky.c:902:25: warning: implicit conversion from ‘float’ to ‘double’ to match other operand of binary expression [-Wdouble-promotion]
gl_sky.c:905:41: warning: implicit conversion from ‘float’ to ‘double’ to match other operand of binary expression [-Wdouble-promotion]
gl_sky.c:906:41: warning: implicit conversion from ‘float’ to ‘double’ to match other operand of binary expression [-Wdouble-promotion]
gl_sky.c:919:6: warning: no previous prototype for ‘Sky_DrawFaceQuad’ [-Wmissing-prototypes]
gl_sky.c:929:45: warning: implicit conversion from ‘float’ to ‘double’ to match other operand of binary expression [-Wdouble-promotion]
gl_sky.c:966:38: warning: implicit conversion from ‘float’ to ‘double’ to match other operand of binary expression [-Wdouble-promotion]
gl_sky.c:981:38: warning: implicit conversion from ‘float’ to ‘double’ to match other operand of binary expression [-Wdouble-promotion]
gl_sky.c:1027:6: warning: no previous prototype for ‘Sky_DrawFace’ [-Wmissing-prototypes]
gl_sky.c:1047:18: warning: implicit conversion from ‘float’ to ‘double’ to match other operand of binary expression [-Wdouble-promotion]
gl_sky.c:1049:18: warning: implicit conversion from ‘float’ to ‘double’ to match other operand of binary expression [-Wdouble-promotion]
gl_sky.c:1055:54: warning: implicit conversion from ‘float’ to ‘double’ to match other operand of binary expression [-Wdouble-promotion]
gl_sky.c:1055:59: warning: implicit conversion from ‘float’ to ‘double’ to match other operand of binary expression [-Wdouble-promotion]
gl_sky.c:1055:34: warning: implicit conversion from ‘float’ to ‘double’ to match other operand of binary expression [-Wdouble-promotion]
gl_sky.c:1055:92: warning: implicit conversion from ‘float’ to ‘double’ to match other operand of binary expression [-Wdouble-promotion]
gl_sky.c:1055:72: warning: implicit conversion from ‘float’ to ‘double’ to match other operand of binary expression [-Wdouble-promotion]
gl_sky.c:1056:58: warning: implicit conversion from ‘float’ to ‘double’ to match other operand of binary expression [-Wdouble-promotion]
gl_sky.c:1056:63: warning: implicit conversion from ‘float’ to ‘double’ to match other operand of binary expression [-Wdouble-promotion]
gl_sky.c:1056:38: warning: implicit conversion from ‘float’ to ‘double’ to match other operand of binary expression [-Wdouble-promotion]
gl_sky.c:1056:96: warning: implicit conversion from ‘float’ to ‘double’ to match other operand of binary expression [-Wdouble-promotion]
gl_sky.c:1056:76: warning: implicit conversion from ‘float’ tgl_sky.c:1056:76: warning: implicit conversion from ‘float’ to ‘double’ to match other operand of binary expression [-Wdouble-promotion]
gl_sky.c:1086:6: warning: no previous prototype for ‘Sky_DrawSkyLayers’ [-Wmissing-prototypes]
gl_sky.c:1090:30: warning: implicit conversion from ‘float’ to ‘double’ to match other operand of binary expression [-Wdouble-promotion]
gl_sky.c:1097:30: warning: implicit conversion from ‘float’ to ‘double’ to match other operand of binary expression [-Wdouble-promotion]
gl_sky.c:1142:13: warning: comparing floating-point with ‘==’ or ‘!=’ is unsafe [-Wfloat-equal]
gl_warp.c:33:1: warning: missing initializer for field ‘value’ of ‘cvar_t’ {aka ‘struct cvar_s’} [-Wmissing-field-initializers]
gl_warp.c:34:1: warning: missing initializer for field ‘value’ of ‘cvar_t’ {aka ‘struct cvar_s’} [-Wmissing-field-initializers]
gl_warp.c:35:1: warning: missing initializer for field ‘value’ of ‘cvar_t’ {aka ‘struct cvar_s’} [-Wmissing-field-initializers]
gl_warp.c:106:41: warning: implicit conversion from ‘vec_t’ {gl_warp.c:106:41: warning: implicit conversion from ‘vec_t’ {aka ‘float’} to ‘double’ to match other operand of binary expression [-Wdouble-promotion]
  106 |                 m = (mins[i] + mgl_warp.c:107:80: warning: implicit conversion from ‘float’ tgl_warp.c:107:80: warning: implicit conversion from ‘float’ to ‘double’ to match other operand of binary expression [-Wdouble-promotion]
      |                 gl_warp.c:107:45: warning: implicit conversion from ‘float’ tgl_warp.c:107:45: warning: implicit conversion from ‘float’ to ‘double’ to match other operand of binary expression [-Wdouble-promotion]
  107 |                 m = gl_subdivide_size.value * floor (m/gl_subdivide_size.valgl_warp.c:137:37: warning: comparing floating-point with ‘==’gl_warp.c:137:37: warning: comparing floating-point with ‘==’ or ‘!=’ is unsafe [-Wfloat-equal]
  137 |                         if (dist[j] == 0 |gl_warp.c:137:55: warning: comparing floating-point with ‘==’gl_warp.c:137:55: warning: comparing floating-point with ‘==’ or ‘!=’ is unsafe [-Wfloat-equal]
gl_warp.c:56:50: warning: implicit conversion from ‘float’ togl_warp.c:56:50: warning: implicit conversion from ‘float’ to ‘double’ to match other operand of binary expression [-Wdouble-promotion]
  213 |                         st[i*2+0] = WARPCALC2(v[gl_warp.c:56:88: warning: implicit conversion from ‘float’ togl_warp.c:56:88: warning: implicit conversion from ‘float’ to ‘double’ to match other operand of binary expression [-Wdouble-promotion]
  213 |                         st[i*2+0] = WARPCALC2(v[gl_warp.c:56:50: warning: implicit conversion from ‘float’ togl_warp.c:56:50: warning: implicit conversion from ‘float’ to ‘double’ to match other operand of binary expression [-Wdouble-promotion]
  214 |                         st[i*2+1] = WARPCALC2(v[gl_warp.c:56:88: warning: implicit conversion from ‘float’ togl_warp.c:56:88: warning: implicit conversion from ‘float’ to ‘double’ to match other operand of binary expression [-Wdouble-promotion]
  214 |                         st[i*2+1] = WARPCALC2(v[gl_warp.c:55:52: warning: implicit conversion from ‘float’ togl_warp.c:55:52: warning: implicit conversion from ‘float’ to ‘double’ to match other operand of binary expression [-Wdouble-promotion]
  221 |                         st[i*2+0] = WARPCALC(vgl_warp.c:55:85: warning: implicit conversion from ‘float’ togl_warp.c:55:85: warning: implicit conversion from ‘float’ to ‘double’ to match other operand of binary expression [-Wdouble-promotion]
  221 |                         st[i*2+0] = WARPCALC(vgl_warp.c:55:52: warning: implicit conversion from ‘float’ togl_warp.c:55:52: warning: implicit conversion from ‘float’ to ‘double’ to match other operand of binary expression [-Wdouble-promotion]
  222 |                         st[i*2+1] = WARPCALC(vgl_warp.c:55:85: warning: implicit conversion from ‘float’ togl_warp.c:55:85: warning: implicit conversion from ‘float’ to ‘double’ to match other operand of binary expression [-Wdouble-promotion]
gl_warp.c:303:38: warning: implicit conversion from ‘float’ tgl_warp.c:303:38: warning: implicit conversion from ‘float’ to ‘double’ to match other operand of binary expression [-Wdouble-promotion]
  303 |                         for (x=0.gl_warp.c:307:46: warning: implicit conversion from ‘float’ tgl_warp.c:307:46: warning: implicit conversion from ‘float’ to ‘double’ to match other operand of binary expression [-Wdouble-promotion]
  307 |                                 for (y=0.0; y<128.01 && n < 130; y+=warptess) // .01 for roundigl_warp.c:55:52: warning: implicit conversion from ‘float’ togl_warp.c:55:52: warning: implicit conversion from ‘float’ to ‘double’ to match other operand of binary expression [-Wdouble-promotion]
      |gl_warp.c:55:85: warning: implicit conversion from ‘float’ togl_warp.c:55:85: warning: implicit conversion from ‘float’ to ‘double’ to match other operand of binary expression [-Wdouble-promotion]
      |gl_warp.c:55:52: warning: implicit conversion from ‘float’ togl_warp.c:55:52: warning: implicit conversion from ‘float’ to ‘double’ to match other operand of binary expression [-Wdouble-promotion]
gl_warp.c:55:85: warning: implicit conversion from ‘float’ to ‘double’ to match other operand of binary expression [-Wdouble-promotion]
gl_warp.c:55:52: warning: implicit conversion from ‘float’ to ‘double’ to match other operand of binary expression [-Wdouble-promotion]
gl_warp.c:55:85: warning: implicit conversion from ‘float’ to ‘double’ to match other operand of binary expression [-Wdouble-promotion]
gl_warp.c:55:52: warning: implicit conversion from ‘float’ to ‘double’ to match other operand of binary expression [-Wdouble-promotion]
gl_warp.c:55:85: warning: implicit conversion from ‘float’ to ‘double’ to match other operand of binary expression [-Wdouble-promotion]
gl_warp.c:327:30: warning: implicit conversion from ‘float’ to ‘double’ to match other operand of binary expression [-Wdouble-promotion]
gl_warp.c:331:38: warning: implicit conversion from ‘float’ to ‘double’ to match other operand of binary expression [-Wdouble-promotion]
gl_warp.c:55:52: warning: implicit conversion from ‘float’ to ‘double’ to match other operand of binary expression [-Wdouble-promotion]
gl_warp.c:55:85: warning: implicit conversion from ‘float’ to ‘double’ to match other operand of binary expression [-Wdouble-promotion]
gl_warp.c:55:52: warning: implicit conversion from ‘float’ to ‘double’ to match other operand of binary expression [-Wdouble-promotion]
gl_warp.c:55:85: warning: implicit conversion from ‘float’ to ‘double’ to match other operand of binary expression [-Wdouble-promotion]
gl_warp.c:55:52: warning: implicit conversion from ‘float’ to ‘double’ to match other operand of binary expression [-Wdouble-promotion]
gl_warp.c:55:85: warning: implicit conversion from ‘float’ to ‘double’ to match other operand of binary expression [-Wdouble-promotion]
gl_warp.c:55:52: warning: implicit conversion from ‘float’ to ‘double’ to match other operand of binary expression [-Wdouble-promotion]
gl_warp.c:55:85: warning: implicit conversion from ‘float’ to ‘double’ to match other operand of binary expression [-Wdouble-promotion]
      |       gl_vidsdl.c:165:1: warning: missing initializer for field ‘valugl_vidsdl.c:165:1: warning: missing initializer for field ‘value’ of ‘cvar_t’ {aka ‘struct cvar_s’} [-Wmissing-field-initializers]
   85 |     gl_vidsdl.c:166:1: warning: missing initializer for field ‘valugl_vidsdl.c:166:1: warning: missing initializer for field ‘value’ of ‘cvar_t’ {aka ‘struct cvar_s’} [-Wmissing-field-initializers]
   85 |     gl_vidsdl.c:167:1: warning: missing initializer for field ‘valugl_vidsdl.c:167:1: warning: missing initializer for field ‘value’ of ‘cvar_t’ {aka ‘struct cvar_s’} [-Wmissing-field-initializers]
   85 |     gl_vidsdl.c:168:1: warning: missing initializer for field ‘valugl_vidsdl.c:168:1: warning: missing initializer for field ‘value’ of ‘cvar_t’ {aka ‘struct cvar_s’} [-Wmissing-field-initializers]
   85 |     gl_vidsdl.c:169:1: warning: missing initializer for field ‘valugl_vidsdl.c:169:1: warning: missing initializer for field ‘value’ of ‘cvar_t’ {aka ‘struct cvar_s’} [-Wmissing-field-initializers]
   85 |     gl_vidsdl.c:170:1: warning: missing initializer for field ‘valugl_vidsdl.c:170:1: warning: missing initializer for field ‘value’ of ‘cvar_t’ {aka ‘struct cvar_s’} [-Wmissing-field-initializers]
   85 |     gl_vidsdl.c:171:1: warning: missing initializer for field ‘valugl_vidsdl.c:171:1: warning: missing initializer for field ‘value’ of ‘cvar_t’ {aka ‘struct cvar_s’} [-Wmissing-field-initializers]
   85 |     gl_vidsdl.c:172:1: warning: missing initializer for field ‘valugl_vidsdl.c:172:1: warning: missing initializer for field ‘value’ of ‘cvar_t’ {aka ‘struct cvar_s’} [-Wmissing-field-initializers]
   85 |     gl_vidsdl.c:173:1: warning: missing initializer for field ‘valugl_vidsdl.c:173:1: warning: missing initializer for field ‘value’ of ‘cvar_t’ {aka ‘struct cvar_s’} [-Wmissing-field-initializers]
   85 |     gl_vidsdl.c:176:1: warning: missing initializer for field ‘valugl_vidsdl.c:176:1: warning: missing initializer for field ‘value’ of ‘cvar_t’ {aka ‘struct cvar_s’} [-Wmissing-field-initializers]
   85 |     gl_vidsdl.c:177:1: warning: missing initializer for field ‘valugl_vidsdl.c:177:1: warning: missing initializer for field ‘value’ of ‘cvar_t’ {aka ‘struct cvar_s’} [-Wmissing-field-initializers]
gl_vidsdl.c:214:45: warning: implicit conversion from ‘float’gl_vidsdl.c:214:45: warning: implicit conversion from ‘float’ to ‘double’ to match other operand of binary expression [-Wdouble-promotion]
  214 |                 if (vid_gamma.value > (1.0f / Ggl_vidsdl.c:214:37: warning: implicit conversion from ‘float’gl_vidsdl.c:214:37: warning: implicit conversion from ‘float’ to ‘double’ to match other operand of binary expression [-Wdouble-promotion]
gl_vidsdl.c:286:34: warning: unused parameter ‘var’ [-Wunusedgl_vidsdl.c:286:34: warning: unused parameter ‘var’ [-Wunused-parameter]
gl_vidsdl.c:532:58: warning: comparison of integer expressions ofgl_vidsdl.c:532:58: warning: comparison of integer expressions of different signedness: ‘Uint32’ {aka ‘unsigned int’} and ‘int’ [-Wsign-compare]
gl_vidsdl.c:782:36: warning: unused parameter ‘var’ [-Wunusedgl_vidsdl.c:782:36: warning: unused parameter ‘var’ [-Wunused-parameter]
gl_vidsdl.c:1270:19: warning: comparing floating-point with ‘==gl_vidsdl.c:1270:19: warning: comparing floating-point with ‘==’ or ‘!=’ is unsafe [-Wfloat-equal]
 1270 |         else if ((vid_vsync.value && swap_control != 1) || (!vid_vsync.gl_vidsdl.c:1270:61: warning: comparing floating-point with ‘==gl_vidsdl.c:1270:61: warning: comparing floating-point with ‘==’ or ‘!=’ is unsafe [-Wfloat-equal]
     gl_vidsdl.c:1301:27: warning: comparing floating-point with ‘==gl_vidsdl.c:1301:27: warning: comparing floating-point with ‘==’ or ‘!=’ is unsafe [-Wfloat-equal]
 1301 |                 ifgl_vidsdl.c:1301:41: warning: comparing floating-point with ‘==gl_vidsdl.c:1301:41: warning: comparing floating-point with ‘==’ or ‘!=’ is unsafe [-Wfloat-equal]
gl_vidsdl.c:2060:53: warning: comparing floating-point with ‘==gl_vidsdl.c:2060:53: warning: comparing floating-point with ‘==’ or ‘!=’ is unsafe [-Wfloat-equal]
gl_vidsdl.c:2202:39: warning: comparing floating-point with ‘==gl_vidsdl.c:2202:39: warning: comparing floating-point with ‘==’ or ‘!=’ is unsafe [-Wfloat-equal]
 2202 |                 if (modelist[i].width != vidgl_vidsdl.c:2203:44: warning: comparing floating-point with ‘==gl_vidsdl.c:2203:44: warning: comparing floating-point with ‘==’ or ‘!=’ is unsafe [-Wfloat-equal]
gl_vidsdl.c:2253:39: warning: comparing floating-point with ‘==gl_vidsdl.c:2253:39: warning: comparing floating-point with ‘==’ or ‘!=’ is unsafe [-Wfloat-equal]
 2253 |                 if (modelist[i].width != vidgl_vidsdl.c:2254:40: warning: comparing floating-point with ‘==gl_vidsdl.c:2254:40: warning: comparing floating-point with ‘==’ or ‘!=’ is unsafe [-Wfloat-equal]
 2254 |                     modelist[i].height != vid_hgl_vidsdl.c:2255:37: warning: comparing floating-point with ‘==gl_vidsdl.c:2255:37: warning: comparing floating-point with ‘==’ or ‘!=’ is unsafe [-Wfloat-equal]
gl_vidsdl.c:2305:53: warning: comparing floating-point with ‘==gl_vidsdl.c:2305:53: warning: comparing floating-point with ‘==’ or ‘!=’ is unsafe [-Wfloat-equal]
 2305 |                         if (vid_menu_modes[i].width == vid_width.value &gl_vidsdl.c:2306:58: warning: comparing floating-point with ‘==gl_vidsdl.c:2306:58: warning: comparing floating-point with ‘==’ or ‘!=’ is unsafe [-Wfloat-equal]
gl_vidsdl.c:2345:46: warning: comparing floating-point with ‘==gl_vidsdl.c:2345:46: warning: comparing floating-point with ‘==’ or ‘!=’ is unsafe [-Wfloat-equal]
gl_vidsdl.c:2379:39: warning: comparing floating-point with ‘==gl_vidsdl.c:2379:39: warning: comparing floating-point with ‘==’ or ‘!=’ is unsafe [-Wfloat-equal]
   85 |     gl_draw.c:150:5: warning: no previous prototype for ‘Scrap_AllocBlock’ [-Wmissing-prototypes]
gl_draw.c:196:6: warning: no previous prototype for ‘Scrap_Uplogl_draw.c:196:6: warning: no previous prototype for ‘Scrap_Upload’ [-Wmissing-prototgl_draw.c:322:9: warning: no previous prototype for ‘Draw_MakePgl_draw.c:322:9: warning: no previous prototype for ‘Draw_MakePic’ [-Wmissing-prototypes]
  322 | qpic_t *Draw_MakePic (const char *name,gl_draw.c:353:6: warning: no previous prototype for ‘Draw_LoadPics’ [-Wmissing-prototypes]
gl_draw.c:431:6: warning: no previous prototype for ‘Draw_CharacterQuad’ [-Wmissing-prototypes]
cc -DNDEBUG -c -Wall -Wno-trigraphs -MMD  -O2 -fweb -frename-regicc -DNDEBUG -c -Wall -Wno-trigraphs -MMD  -O2 -fweb -frename-registers -DUSE_SDL2 -DUSE_CODEC_WAVE -DUSE_CODEC_VORBIS  -Wall -Wextra -Wshadow -Wstrict-prototypes -Wmissing-prototypes -Wpointer-arith -Wcast-align -Wwrite-strings -Wundef -Wfloat-equal -Wnull-dereference -Wdouble-promotion -Wlogical-op -Wduplicated-cond -Wduplicated-branches -Wstrict-aliasing=2 -Wformat=2 -Wmissing-include-dirs -Wmissing-field-initializers -O2 -fanalyzer -fdiagnostics-path-format=inline-image.c:114:5: warning: no previous prototype for ‘fgetLittleShimage.c:114:5: warning: no previous prototype for ‘fgetLittleShort’ [-Wmissing-prototypes]
 image.c:124:5: warning: no previous prototype for ‘fgetLittleLoimage.c:124:5: warning: no previous prototype for ‘fgetLittleLong’ [-Wmissing-prototypes]image.c: In function ‘Image_LoadTGA’:
image.c:260:60: warning: comparison of integer expressions of difimage.c:260:60: warning: comparison of integer expressions of different signedness: ‘int’ and ‘long unsigned int’ [-Wsign-compare]
    gl_texmgr.c:58:1: warning: missing initializer for field ‘valuegl_texmgr.c:58:1: warning: missing initializer for field ‘value’ of ‘cvar_t’ {aka ‘struct cvar_s’} [-Wmissing-field-initializers]
   85 |     gl_texmgr.c:59:1: warning: missing initializer for field ‘value’ of ‘cvar_t’ {aka ‘struct cvar_s’} [-Wmissing-field-initializers]
gl_texmgr.c:60:1: warning: missing initializer for field ‘value’ of ‘cvar_t’ {aka ‘struct cvar_s’} [-Wmissing-field-initializers]
gl_texmgr.c:67:1: warning: missing initializer for field ‘value’ of ‘cvar_t’ {aka ‘struct cvar_s’} [-Wmissing-field-initializers]
gl_texmgr.c:78:1: warning: missing initializer for field ‘value’ of ‘cvar_t’ {aka ‘struct cvar_s’} [-Wmissing-field-initializers]
gl_texmgr.c:168:43: warning: unused parameter ‘var’ [-Wunused-parameter]
gl_texmgr.c:224:32: warning: unused parameter ‘var’ [-Wunused-parameter]
gl_texmgr.c:251:42: warning: unused parameter ‘var’ [-Wunused-parameter]
gl_texmgr.c:298:92: warning: implicit conversion from ‘float’ to ‘double’ when passing argument to function [-Wdouble-promotion]
gl_texmgr.c:540:6: warning: no previous prototype for ‘TexMgr_LoadPalette’ [-Wmissing-prototypes]
gl_texmgr.c:646:29: warning: comparing floating-point with ‘==’ or ‘!=’ is unsafe [-Wfloat-equal]
gl_texmgr.c:1481:56: warning: comparing floating-point with ‘==’ or ‘!=’ is unsafe [-Wfloat-equal]
gl_texmgr.c:1543:38: warning: comparing floating-point with ‘==’ or ‘!=’ is unsafe [-Wfloat-equal]
gl_mesh.c:263:32: warning: implicit conversion from ‘float’ tgl_mesh.c:263:32: warning: implicit conversion from ‘float’ to ‘double’ to match other operand of binary expression [-Wdouble-promotion]
  263 |                         s = (s + 0.5gl_mesh.c:264:32: warning: implicit conversion from ‘float’ tgl_mesh.c:264:32: warning: implicit conversion from ‘float’ to ‘double’ to match other operand of binary expression [-Wdouble-promotion]
  264 |                         t = (t + 0.5)r_sprite.c:31:17: warning: no previous prototype for ‘R_GetSprir_sprite.c:31:17: warning: no previous prototype for ‘R_GetSpriteFrame’ [-Wmissing-prototypes]
r_sprite.c:72:32: warning: implicit conversion from ‘float’ to ‘double’ to match other operand of binary expression [-Wdouble-promotion]
mathlib.h:67:23: warning: comparing floating-point with ‘==’ or ‘!=’ is unsafe [-Wfloat-equal]
mathlib.h:67:23: warning: implicit conversion from ‘float’ to ‘double’ to match other operand of binary expression [-Wdouble-promotion]
mathlib.h:67:23: warning: comparing floating-point with ‘==’ or ‘!=’ is unsafe [-Wfloat-equal]
mathlib.h:67:23: warning: implicit conversion from ‘float’ to ‘double’ to match other operand of binary expression [-Wdouble-promotion]
r_sprite.c:141:53: warning: implicit conversion from ‘vec_t’ {aka ‘float’} to ‘double’ to match other operand of binary expression [-Wdouble-promotion]
  141 |                 angle = currententity->angles[ROLL] * M_PI_DIV_18cc -DNDEBUG -c -Wall -Wno-trigraphs -MMD  -O2 -fweb -frename-regicc -DNDEBUG -c -Wall -Wno-trigraphs -MMD  -O2 -fweb -frename-registers -DUSE_SDL2 -DUSE_CODEC_WAVE -DUSE_CODEC_VORBIS  -Wall -Wextra -Wshadow -Wstrict-prototypes -Wmissing-prototypes -Wpointer-arith -Wcast-align -Wwrite-strings -Wundef -Wfloat-equal -Wnull-dereference -Wdouble-promotion -Wlogical-op -Wduplicated-cond -Wduplicated-branches -Wstrict-aliasing=2 -Wformat=2 -Wmissing-include-dirs -Wmissing-field-initializers -O2 -fanalyzer -fdiagnostics-path-format=inlincc -DNDEBUG -c -Wall -Wno-trigraphs -MMD  -O2 -fweb -frename-regicc -DNDEBUG -c -Wall -Wno-trigraphs -MMD  -O2 -fweb -frename-registers -DUSE_SDL2 -DUSE_CODEC_WAVE -DUSE_CODEC_VORBIS  -Wall -Wextra -Wshadow -Wstrict-prototypes -Wmissing-prototypes -Wpointer-arith -Wcast-align -Wwrite-strings -Wundef -Wfloat-equal -Wnull-dereference -Wdouble-promotion -Wlogical-op -Wduplicated-cond -Wduplicated-branches -Wstrict-aliasing=2 -Wformat=2 -Wmissing-include-dirs -Wmissing-field-initializers -O2 -fanalyzer -fdiagnostics-path-format=inlinr_alias.c:232:6: warning: no previous prototype for ‘GL_DrawAlir_alias.c:232:6: warning: no previous prototype for ‘GL_DrawAliasFrame_GLSL’ [-Wmissing-prototypes]
  232 | void GL_DrawAliasFrame_GLSL (aliashdr_t *paliashdr, lerpdata_t lerpdata, gltexr_alias.c:631:6: warning: no previous prototype for ‘GL_DrawAlir_alias.c:631:6: warning: no previous prototype for ‘GL_DrawAliasFrame’ [-Wmissing-prototypes]
  631 | void GL_DrawAliasFrame (aliashdr_tr_alias.c:644:6: warning: no previous prototype for ‘R_SetupAlir_alias.c:644:6: warning: no previous prototype for ‘R_SetupAliasFrame’ [-Wmissing-prototypes]
r_alias.c:661:42: warning: implicit conversion from ‘float’ tr_alias.c:661:42: warning: implicit conversion from ‘float’ to ‘double’ to match other operand of binary expression [-Wdouble-promotion]
  661 |                 posenum += (int)(cl.time / e->lerptimer_alias.c:691:13: warning: comparing floating-point with ‘==’r_alias.c:691:13: warning: comparing floating-point with ‘==’ or ‘!=’ is unsafe [-Wfloat-equal]
  691 |         if (r_lerpmodels.value && !(e->model->flags & MOD_NOLEr_alias.c:691:88: warning: comparing floating-point with ‘==’r_alias.c:691:88: warning: comparing floating-point with ‘==’ or ‘!=’ is unsafe [-Wfloat-equal]
r_alias.c:694:72: warning: implicit conversion from ‘float’ to ‘double’ to match other operand of binary expression [-Wdouble-promotion]
r_alias.c:696:72: warning: implicit conversion from ‘float’ tr_alias.c:696:72: warning: implicit conversion from ‘float’ to ‘double’ to match other operand of binary expression [-Wdouble-promotion]
r_alias.c:697:37: warning: comparing floating-point with ‘==’r_alias.c:697:37: warning: comparing floating-point with ‘==’ or ‘!=’ is unsafe [-Wfloat-equal]
r_alias.c:715:6: warning: no previous prototype for ‘R_SetupEntr_alias.c:715:6: warning: no previous prototype for ‘R_SetupEntityTransform’ [-Wmissing-prototypes]
r_alias.c:741:13: warning: comparing floating-point with ‘==’r_alias.c:741:13: warning: comparing floating-point with ‘==’ or ‘!=’ is unsafe [-Wfloat-equal]
  741 |         if (r_lerpmove.value && e != &cl.viewentr_alias.c:744:62: warning: implicit conversion from ‘float’ tr_alias.c:744:62: warning: implicit conversion from ‘float’ to ‘double’ to match other operand of binary expression [-Wdouble-promotion]
r_alias.c:746:62: warning: implicit conversion from ‘float’ to ‘double’ to match other operand of binary expression [-Wdouble-promotion]
r_alias.c:777:6: warning: no previous prototype for ‘R_SetupAliasLighting’ [-Wmissing-prototypes]
r_alias.c:799:39: warning: implicit conversion from ‘float’ to ‘double’ to match other operand of binary expression [-Wdouble-promotion]
r_alias.c:841:13: warning: comparing floating-point with ‘==’ or ‘!=’ is unsafe [-Wfloat-equal]
r_alias.c:841:37: warning: comparing floating-point with ‘==’ or ‘!=’ is unsafe [-Wfloat-equal]
r_alias.c:849:46: warning: implicit conversion from ‘vec_t’ {aka ‘float’} to ‘double’ to match other operand of binary expression [-Wdouble-promotion]
r_alias.c:894:54: warning: comparing floating-point with ‘==’ or ‘!=’ is unsafe [-Wfloat-equal]
r_alias.c:895:54: warning: implicit conversion from ‘float’ to ‘double’ to match other operand of binary expression [-Wdouble-promotion]
r_alias.c:895:61: warning: implicit conversion from ‘float’ to ‘double’ to match other operand of binary expression [-Wdouble-promotion]
r_alias.c:895:46: warning: implicit conversion from ‘float’ to ‘double’ to match other operand of binary expression [-Wdouble-promotion]
r_alias.c:905:13: warning: comparing floating-point with ‘==’ or ‘!=’ is unsafe [-Wfloat-equal]
r_alias.c:907:13: warning: comparing floating-point with ‘==’ or ‘!=’ is unsafe [-Wfloat-equal]
r_alias.c:909:23: warning: comparing floating-point with ‘==’ or ‘!=’ is unsafe [-Wfloat-equal]
r_alias.c:919:22: warning: comparing floating-point with ‘==’ or ‘!=’ is unsafe [-Wfloat-equal]
r_alias.c:950:44: warning: comparing floating-point with ‘==’ or ‘!=’ is unsafe [-Wfloat-equal]
r_alias.c:955:13: warning: comparing floating-point with ‘==’ or ‘!=’ is unsafe [-Wfloat-equal]
r_alias.c:1183:22: warning: comparing floating-point with ‘==’ or ‘!=’ is unsafe [-Wfloat-equal]
r_alias.c:1209:34: warning: implicit conversion from ‘float’ to ‘double’ to match other operand of binary expression [-Wdouble-promotion]
r_alias.c:1237:54: warning: comparing floating-point with ‘==’ or ‘!=’ is unsafe [-Wfloat-equal]
r_alias.c:1238:54: warning: implicit conversion from ‘float’ to ‘double’ to match other operand of binary expression [-Wdouble-promotion]
r_alias.c:1238:61: warning: implicit conversion from ‘float’ to ‘double’ to match other operand of binary expression [-Wdouble-promotion]
r_alias.c:1238:46: warning: implicit conversion from ‘float’ to ‘double’ to match other operand of binary expression [-Wdouble-promotion]
r_brush.c:289:13: warning: comparing floating-point with ‘==’r_brush.c:289:13: warning: comparing floating-point with ‘==’ or ‘!=’ is unsafe [-Wfloat-equal]
  289 |         if (e->r_brush.c:289:26: warning: comparing floating-point with ‘==’ or ‘!=’ is unsafe [-Wfloat-equal]
r_brush.c:289:42: warning: comparing floating-point with ‘==’ or ‘!=’ is unsafe [-Wfloat-equal]
r_brush.c:305:48: warning: comparing floating-point with ‘==’ or ‘!=’ is unsafe [-Wfloat-equal]
r_brush.c:309:48: warning: implicit conversion from ‘float’ to ‘double’ to match other operand of binary expression [-Wdouble-promotion]
r_brush.c:310:34: warning: comparing floating-point with ‘==’ or ‘!=’ is unsafe [-Wfloat-equal]
r_brush.c:320:13: warning: comparing floating-point with ‘==’ or ‘!=’ is unsafe [-Wfloat-equal]
r_brush.c:322:30: warning: implicit conversion from ‘vec_t’ {aka ‘float’} to ‘double’ to match other operand of binary expression [-Wdouble-promotion]
r_brush.c:323:30: warning: implicit conversion from ‘vec_t’ {aka ‘float’} to ‘double’ to match other operand of binary expression [-Wdouble-promotion]
r_brush.c:324:30: warning: implicit conversion from ‘vec_t’ {aka ‘float’} to ‘double’ to match other operand of binary expression [-Wdouble-promotion]
r_brush.c:327:13: warning: comparing floating-point with ‘==’ or ‘!=’ is unsafe [-Wfloat-equal]
r_brush.c:329:30: warning: implicit conversion from ‘vec_t’ {aka ‘float’} to ‘double’ to match other operand of binary expression [-Wdouble-promotion]
r_brush.c:330:30: warning: implicit conversion from ‘vec_t’ {aka ‘float’} to ‘double’ to match other operand of binary expression [-Wdouble-promotion]
r_brush.c:331:30: warning: implicit conversion from ‘vec_t’ {aka ‘float’} to ‘double’ to match other operand of binary expression [-Wdouble-promotion]
r_brush.c:340:62: warning: implicit conversion from ‘float’ to ‘double’ to match other operand of binary expression [-Wdouble-promotion]
r_brush.c:341:67: warning: implicit conversion from ‘float’ to ‘double’ to match other operand of binary expression [-Wdouble-promotion]
r_brush.c:376:13: warning: comparing floating-point with ‘==’ or ‘!=’ is unsafe [-Wfloat-equal]
r_brush.c:376:26: warning: comparing floating-point with ‘==’ or ‘!=’ is unsafe [-Wfloat-equal]
r_brush.c:376:42: warning: comparing floating-point with ‘==’ or ‘!=’ is unsafe [-Wfloat-equal]
r_brush.c:402:62: warning: implicit conversion from ‘float’ to ‘double’ to match other operand of binary expression [-Wdouble-promotion]
r_brush.c:403:67: warning: implicit conversion from ‘float’ to ‘double’ to match other operand of binary expression [-Wdouble-promotion]
r_brush.c:453:21: warning: comparing floating-point with ‘==’ or ‘!=’ is unsafe [-Wfloat-equal]
r_brush.c:486:5: warning: no previous prototype for ‘AllocBlock’ [-Wmissing-prototypes]
r_brush.c:497:53: warning: comparison of integer expressions of different signedness: ‘int’ and ‘unsigned int’ [-Wsign-compare]
r_brush.c:557:6: warning: no previous prototype for ‘GL_CreateSurfaceLightmap’ [-Wmissing-prototypes]
r_brush.c:582:6: warning: no previous prototype for ‘BuildSurfaceDisplayList’ [-Wmissing-prototypes]
r_brush.c:992:6: warning: no previous prototype for ‘R_AddDynamicLights’ [-Wmissing-prototypes]
r_brush.c:1003:46: warning: unused variable ‘brightness’ [-Wunused-variable]
r_brush.c:1003:39: warning: variable ‘cblue’ set but not used [-Wunused-but-set-variable]
r_brush.c:1003:31: warning: variable ‘cgreen’ set but not used [-Wunused-but-set-variable]
r_brush.c:1003:25: warning: variable ‘cred’ set but not used [-Wunused-but-set-variable]
r_brush.c:1185:33: warning: comparing floating-point with ‘==’ or ‘!=’ is unsafe [-Wfloat-equal]
r_brush.c:1186:33: warning: comparing floating-point with ‘==’ or ‘!=’ is unsafe [-Wfloat-equal]
r_brush.c:1442:33: warning: comparing floating-point with ‘==’ or ‘!=’ is unsafe [-Wfloat-equal]
r_brush.c:1483:33: warning: comparing floating-point with ‘==’ or ‘!=’ is unsafe [-Wfloat-equal]
gl_model.c:40:1: warning: missing initializer for field ‘value’ of ‘cvar_t’ {aka ‘struct cvar_s’} [-Wmissing-field-initializers]
gl_model.c:41:1: warning: missing initializer for field ‘value’ of ‘cvar_t’ {aka ‘struct cvar_s’} [-Wmissing-field-initializers]
gl_model.c:425:13: warning: comparing floating-point with ‘==’ or ‘!=’ is unsafe [-Wfloat-equal]
gl_model.c:1201:13: warning: comparing floating-point with ‘==’ or ‘!=’ is unsafe [-Wfloat-equal]
gl_model.c:2504:43: warning: comparing floating-point with ‘==’ or ‘!=’ is unsafe [-Wfloat-equal]
gl_model.c:3074:54: warning: implicit conversion from ‘float’ to ‘double’ to match other operand of binary expression [-Wdouble-promotion]
gl_model.c:3248:36: warning: implicit conversion from ‘float’ to ‘double’ to match other operand of binary expression [-Wdouble-promotion]
in_sdl.c:38:1: warning: missing initializer for field ‘value’in_sdl.c:38:1: warning: missing initializer for field ‘value’ of ‘cvar_t’ {aka ‘struct cvar_s’} [-Wmissing-field-initializers]
   85 |     in_sdl.c:53:1: warning: missing initializer for field ‘value’in_sdl.c:53:1: warning: missing initializer for field ‘value’ of ‘cvar_t’ {aka ‘struct cvar_s’} [-Wmissing-field-initializers]
   85 |     in_sdl.c:54:1: warning: missing initializer for field ‘value’in_sdl.c:54:1: warning: missing initializer for field ‘value’ of ‘cvar_t’ {aka ‘struct cvar_s’} [-Wmissing-field-initializers]
   85 |     in_sdl.c:55:1: warning: missing initializer for field ‘value’in_sdl.c:55:1: warning: missing initializer for field ‘value’ of ‘cvar_t’ {aka ‘struct cvar_s’} [-Wmissing-field-initializers]
   85 |     in_sdl.c:56:1: warning: missing initializer for field ‘value’in_sdl.c:56:1: warning: missing initializer for field ‘value’ of ‘cvar_t’ {aka ‘struct cvar_s’} [-Wmissing-field-initializers]
   85 |     in_sdl.c:57:1: warning: missing initializer for field ‘value’in_sdl.c:57:1: warning: missing initializer for field ‘value’ of ‘cvar_t’ {aka ‘struct cvar_s’} [-Wmissing-field-initializers]
   85 |     in_sdl.c:58:1: warning: missing initializer for field ‘value’in_sdl.c:58:1: warning: missing initializer for field ‘value’ of ‘cvar_t’ {aka ‘struct cvar_s’} [-Wmissing-field-initializers]
   85 |     in_sdl.c:59:1: warning: missing initializer for field ‘value’in_sdl.c:59:1: warning: missing initializer for field ‘value’ of ‘cvar_t’ {aka ‘struct cvar_s’} [-Wmissing-field-initializers]
   85 |     in_sdl.c:60:1: warning: missing initializer for field ‘value’in_sdl.c:60:1: warning: missing initializer for field ‘value’ of ‘cvar_t’ {aka ‘struct cvar_s’} [-Wmissing-field-initializers]
   85 |     in_sdl.c:61:1: warning: missing initializer for field ‘value’in_sdl.c:61:1: warning: missing initializer for field ‘value’ of ‘cvar_t’ {aka ‘struct cvar_s’} [-Wmissing-field-initializers]
   85 |     in_sdl.c:62:1: warning: missing initializer for field ‘value’in_sdl.c:62:1: warning: missing initializer for field ‘value’ of ‘cvar_t’ {aka ‘struct cvar_s’} [-Wmissing-field-initializers]
   85 |     in_sdl.c:63:1: warning: missing initializer for field ‘value’in_sdl.c:63:1: warning: missing initializer for field ‘value’ of ‘cvar_t’ {aka ‘struct cvar_s’} [-Wmissing-field-initializers]
   85 |     in_sdl.c:64:1: warning: missing initializer for field ‘value’in_sdl.c:64:1: warning: missing initializer for field ‘value’ of ‘cvar_t’ {aka ‘struct cvar_s’} [-Wmissing-field-initializers]
in_sdl.c:103:53: warning: unused parameter ‘userdata’ [-Wunusin_sdl.c:103:53: warning: unused parameter ‘userdata’ [-Wunused-parameter]
in_sdl.c:289:6: warning: no previous prototype for ‘IN_StartupJin_sdl.c:289:6: warning: no previous prototype for ‘IN_StartupJoystick’ [-Wmissing-prototypes]
  289 in_sdl.c:349:6: warning: no previous prototype for ‘IN_Shutdownin_sdl.c:349:6: warning: no previous prototype for ‘IN_ShutdownJoystick’ [-Wmissing-prototypes]
in_sdl.c:471:23: warning: comparing floating-point with ‘==’ in_sdl.c:471:23: warning: comparing floating-point with ‘==’ or ‘!=’ is unsafe [-Wfloat-equal]
in_sdl.c: In function ‘INIn file included frin_sdl.c:503:86: warning: implicit conversion from ‘float’ toin_sdl.c:503:86: warning: implicit conversion from ‘float’ to ‘double’ to match other operand of binary expression [-Wdouble-promotion]
      |                  in_sdl.c:503:97: warning: implicit conversion from ‘float’ toin_sdl.c:503:97: warning: implicit conversion from ‘float’ to ‘double’ to match other operand of binary expression [-Wdouble-promotion]
      |                  in_sdl.c:503:79: warning: implicit conversion from ‘float’ toin_sdl.c:503:79: warning: implicit conversion from ‘float’ to ‘double’ to match other operand of binary expression [-Wdouble-promotion]
in_sdl.c:596:13: warning: comparing floating-point with ‘==’ in_sdl.c:596:13: warning: comparing floating-point with ‘==’ or ‘!=’ is unsafe [-Wfloat-equin_sdl.c: At top level:
in_sdl.c:649:13: warning: comparing floating-point with ‘==’ in_sdl.c:649:13: warning: comparing floating-point with ‘==’ or ‘!=’ is unsafe [-Wfloat-equin_sdl.c:663:13: warning: comparing floating-point with ‘==’ in_sdl.c:663:13: warning: comparing floating-point with ‘==’ or ‘!=’ is unsafe [-Wfloat-equal]
  663 |         in_sdl.c:676:56: warning: comparing floating-point with ‘==’ in_sdl.c:676:56: warning: comparing floating-point with ‘==’ or ‘!=’ is unsafe [-Wfloat-equal]
 in_sdl.c:676:56: warning: implicit conversion from ‘float’ toin_sdl.c:676:56: warning: implicit conversion from ‘float’ to ‘double’ in_sdl.c:689:71: warning: implicit conversion from ‘float’ toin_sdl.c:689:71: warning: implicit conversion from ‘float’ to ‘double’ to match other operand of binary expression [-Wdouble-promotion]
      |        in_sdl.c:689:28: warning: implicit conversion from ‘vec_t’ {ain_sdl.c:689:28: warning: implicit conversion from ‘vec_t’ {aka ‘float’} to ‘double’ to match other operand of binary expression [-Wdouble-promotion]
  689 |         cl.viewangles[YAW] -= lookEased.x * joy_sensitivity_yin_sdl.c:690:95: warning: comparing floating-point with ‘==’ in_sdl.c:690:95: warning: comparing floating-point with ‘==’ or ‘!=’ is unsafe [-Wfloat-equal]
      |                                in_sdl.c:690:75: warning: implicit conversion from ‘float’ toin_sdl.c:690:75: warning: implicit conversion from ‘float’ to ‘double’ to match other operand of binary expression [-Wdouble-promotion]
      |            in_sdl.c:690:30: warning: implicit conversion from ‘vec_t’ {ain_sdl.c:690:30: warning: implicit conversion from ‘vec_t’ {aka ‘float’} to ‘double’ to match other operand of binary expression [-Wdouble-promotion]
  690 |         cl.viewangles[PITCH] += lookEased.y * joy_sensitivity_pitch.value * (joy_invert.value ? -1.0 in_sdl.c:692:25: warning: comparing floating-point with ‘==’ in_sdl.c:692:25: warning: comparing floating-point with ‘==’ or ‘!=’ is unsafe [-Wfloat-equal]
  692 |         if (lookEasein_sdl.c:692:45: warning: comparing floating-point with ‘==’ in_sdl.c:692:45: warning: comparing floating-point with ‘==’ or ‘!=’ is unsafe [-Wfloat-equal]
in_sdl.c:703:6: warning: no previous prototype for ‘IN_MouseMovin_sdl.c:703:6: warning: no previous prototype for ‘IN_MouseMove’ [-Wmissing-prototypes]
in_sdl.c:717:40: warning: comparing floating-point with ‘==’ in_sdl.c:717:40: warning: comparing floating-point with ‘==’ or ‘!=’ is unsafe [-Wfloat-equal]
  717 |         if ( (in_strafe.state & 1) || (lookstrafe.value && (in_mlook.state &in_sdl.c:724:21: warning: comparing floating-point with ‘==’ in_sdl.c:724:21: warning: comparing floating-point with ‘==’ or ‘!=’ is unsafe [-Wfloat-equal]
  724 |in_sdl.c:724:25: warning: comparing floating-point with ‘==’ in_sdl.c:724:25: warning: comparing floating-point with ‘==’ or ‘!=’ is unsafe [-Wfloat-equal]
in_sdl.c:770:29: warning: comparing floating-point with ‘==’ in_sdl.c:770:29: warning: comparing floating-point with ‘==’ or ‘!=’ is unsafe [-Wfloat-equal]
  770 |                         if (in_din_sdl.c:776:29: warning: comparing floating-point with ‘==’ in_sdl.c:776:29: warning: comparing floating-point with ‘==’ or ‘!=’ is unsafe [-Wfloat-equal]
in_sdl.c:1049:29: warning: comparing floating-point with ‘==’in_sdl.c:1049:29: warning: comparing floating-point with ‘==’ or ‘!=’ is unsafe [-Wfloat-equal]
 1049 |                         if (in_din_sdl.c:1067:29: warning: comparing floating-point with ‘==’in_sdl.c:1067:29: warning: comparing floating-point with ‘==’ or ‘!=’ is unsafe [-Wfloat-equal]
snd_dma.c:74:1: warning: missing initializer for field ‘value’ of ‘cvar_t’ {aka ‘struct cvar_s’} [-Wmissing-field-initializers]
snd_dma.c:76:1: warning: missing initializer for field ‘value’ of ‘cvar_t’ {aka ‘struct cvar_s’} [-Wmissing-field-initializers]
snd_dma.c:77:1: warning: missing initializer for field ‘value’ of ‘cvar_t’ {aka ‘struct cvar_s’} [-Wmissing-field-initializers]
snd_dma.c:79:1: warning: missing initializer for field ‘value’ of ‘cvar_t’ {aka ‘struct cvar_s’} [-Wmissing-field-initializers]
snd_dma.c:80:1: warning: missing initializer for field ‘value’ of ‘cvar_t’ {aka ‘struct cvar_s’} [-Wmissing-field-initializers]
snd_dma.c:91:1: warning: missing initializer for field ‘value’ of ‘cvar_t’ {aka ‘struct cvar_s’} [-Wmissing-field-initializers]
snd_dma.c:92:1: warning: missing initializer for field ‘value’ of ‘cvar_t’ {aka ‘struct cvar_s’} [-Wmissing-field-initializers]
snd_dma.c:93:1: warning: missing initializer for field ‘value’ of ‘cvar_t’ {aka ‘struct cvar_s’} [-Wmissing-field-initializers]
snd_dma.c:94:1: warning: missing initializer for field ‘value’ of ‘cvar_t’ {aka ‘struct cvar_s’} [-Wmissing-field-initializers]
snd_dma.c:95:1: warning: missing initializer for field ‘value’ of ‘cvar_t’ {aka ‘struct cvar_s’} [-Wmissing-field-initializers]
snd_dma.c:96:1: warning: missing initializer for field ‘value’ of ‘cvar_t’ {aka ‘struct cvar_s’} [-Wmissing-field-initializers]
snd_dma.c:117:45: warning: unused parameter ‘var’ [-Wunused-parameter]
snd_dma.c:122:53: warning: unused parameter ‘var’ [-Wunused-parameter]
snd_dma.c:342:28: warning: comparing floating-point with ‘==’ or ‘!=’ is unsafe [-Wfloat-equal]
snd_dma.c:348:13: warning: comparing floating-point with ‘==’ or ‘!=’ is unsafe [-Wfloat-equal]
snd_dma.c:437:30: warning: implicit conversion from ‘vec_t’ {aka ‘float’} to ‘double’ to match other operand of binary expression [-Wdouble-promotion]
snd_dma.c:438:30: warning: implicit conversion from ‘vec_t’ {aka ‘float’} to ‘double’ to match other operand of binary expression [-Wdouble-promotion]
snd_dma.c:442:22: warning: implicit conversion from ‘vec_t’ {aka ‘float’} to ‘double’ to match other operand of binary expression [-Wdouble-promotion]
snd_dma.c:442:30: warning: implicit conversion from ‘vec_t’ {aka ‘float’} to ‘double’ to match other operand of binary expression [-Wdouble-promotion]
snd_dma.c:447:22: warning: implicit conversion from ‘vec_t’ {aka ‘float’} to ‘double’ to match other operand of binary expression [-Wdouble-promotion]
snd_dma.c:447:30: warning: implicit conversion from ‘vec_t’ {aka ‘float’} to ‘double’ to match other operand of binary expression [-Wdouble-promotion]
snd_dma.c:471:13: warning: comparing floating-point with ‘==’ or ‘!=’ is unsafe [-Wfloat-equal]
snd_dma.c:482:46: warning: implicit conversion from ‘float’ to ‘double’ to match other operand of binary expression [-Wdouble-promotion]
snd_dma.c:631:44: warning: implicit conversion from ‘float’ to ‘double’ to match other operand of binary expression [-Wdouble-promotion]
snd_dma.c:659:19: warning: comparing floating-point with ‘==’ or ‘!=’ is unsafe [-Wfloat-equal]
snd_dma.c:678:67: warning: implicit conversion from ‘float’ to ‘double’ to match other operand of binary expression [-Wdouble-promotion]
snd_dma.c:684:67: warning: implicit conversion from ‘float’ to ‘double’ to match other operand of binary expression [-Wdouble-promotion]
snd_dma.c:857:13: warning: comparing floating-point with ‘==’ or ‘!=’ is unsafe [-Wfloat-equal]
snd_dma.c:911:13: warning: comparing floating-point with ‘==’ or ‘!=’ is unsafe [-Wfloat-equal]
snd_dma.c:1055:13: warning: comparing floating-point with ‘==’ or ‘!=’ is unsafe [-Wfloat-equal]
snd_mix.c:83:25: warning: dereferencing type-punned pointer might break strict-aliasing rules [-Wstrict-aliasing]
snd_mix.c:119:21: warning: dereferencing type-punned pointer might break strict-aliasing rules [-Wstrict-aliasing]
snd_mix.c:191:46: warning: implicit conversion from ‘float’ to ‘double’ to match other operand of binary expression [-Wdouble-promotion]
snd_mix.c:195:52: warning: implicit conversion from ‘float’ to ‘double’ to match other operand of binary expression [-Wdouble-promotion]
snd_mix.c:227:25: warning: comparing floating-point with ‘==’ or ‘!=’ is unsafe [-Wfloat-equal]
snd_mix.c:300:25: warning: implicit conversion from ‘float’ to ‘double’ to match other operand of binary expression [-Wdouble-promotion]
snd_mix.c:340:27: warning: implicit conversion from ‘float’ to ‘double’ to match other operand of binary expression [-Wdouble-promotion]
snd_mix.c:436:36: warning: comparing floating-point with ‘==’ or ‘!=’ is unsafe [-Wfloat-equal]
snd_mix.c:439:48: warning: dereferencing type-punned pointer might break strict-aliasing rules [-Wstrict-aliasing]
snd_mix.c:440:49: warning: dereferencing type-punned pointer might break strict-aliasing rules [-Wstrict-aliasing]
snd_mem.c:52:13: warning: comparing floating-point with ‘==’ or ‘!=’ is unsafe [-Wfloat-equal]
snd_mem.c:60:23: warning: comparing floating-point with ‘==’ or ‘!=’ is unsafe [-Wfloat-equal]
bgmusic.c:32:1: warning: missing initializer for field ‘value’ of ‘cvar_t’ {aka ‘struct cvar_s’} [-Wmissing-field-initializers]
bgmusic.c:309:28: warning: comparing floating-point with ‘==’ or ‘!=’ is unsafe [-Wfloat-equal]
bgmusic.c:467:24: warning: comparing floating-point with ‘==’ or ‘!=’ is unsafe [-Wfloat-equal]
snd_mix.c:191:35: warning: dereference of possibly-NULL ‘kernel’ [CWE-690] [-Wanalyzer-possible-null-dereference]
snd_mix.c:195:35: warning: dereference of possibly-NULL ‘kernel’ [CWE-690] [-Wanalyzer-possible-null-dereference]
                         │      |                                    ~~~cc -DNDEBUG -c -Wall -Wno-trigraphs -MMD  -O2 -fweb -frename-regicc -DNDEBUG -c -Wall -Wno-trigraphs -MMD  -O2 -fweb -frename-registers -DUSE_SDL2 -DUSE_CODEC_WAVE -DUSE_CODEC_VORBIS  -Wall -Wextra -Wshadow -Wstrict-prototypes -Wmissing-prototypes -Wpointer-arith -Wcast-align -Wwrite-strings -Wundef -Wfloat-equal -Wnull-dereference -Wdouble-promotion -Wlogical-op -Wduplicated-cond -Wduplicated-branches -Wstrict-aliasing=2 -Wformat=2 -Wmissing-include-dirs -Wmissing-field-initializers -O2 -fanalyzer -fdiagnostics-path-format=inline-evencc -DNDEBUG -c -Wall -Wno-trigraphs -MMD  -O2 -fweb -frename-regicc -DNDEBUG -c -Wall -Wno-trigraphs -MMD  -O2 -fweb -frename-registers -DUSE_SDL2 -DUSE_CODEC_WAVE -DUSE_CODEC_VORBIS  -Wall -Wextra -Wshadow -Wstrict-prototypes -Wmissing-prototypes -Wpointer-arith -Wcast-align -Wwrite-strings -Wundef -Wfloat-equal -Wnull-dereference -Wdouble-promotion -Wlogical-op -Wduplicated-cond -Wduplicated-branches -Wstrict-aliasing=2 -Wformat=2 -Wmissing-include-dirs -Wmissing-field-initializers -O2 -fanalyzer -fdiagnostics-path-format=inline-cc -DNDEBUG -c -Wall -Wno-trigraphs -MMD  -O2 -fweb -frename-regicc -DNDEBUG -c -Wall -Wno-trigraphs -MMD  -O2 -fweb -frename-registers -DUSE_SDL2 -DUSE_CODEC_WAVE -DUSE_CODEC_VORBIS  -Wall -Wextra -Wshadow -Wstrict-prototypes -Wmissing-prototypes -Wpointer-arith -Wcast-align -Wwrite-strings -Wundef -Wfloat-equal -Wnull-dereference -Wdouble-promotion -Wlogical-op -Wduplicated-cond -Wduplicated-branches -Wstrict-aliasing=2 -Wformat=2 -Wmissing-include-dirs -Wmissing-field-initializers -O2 -fanalyzer -fdiagnostics-path-format=inlinsnd_wave.c:218:5: warning: no previous prototype for ‘S_WAV_Codsnd_wave.c:218:5: warning: no previous prototype for ‘S_WAV_CodecReadStream’ [-Wmissing-prototypes]
snd_vorbis.c:48:30: warning: unused parameter ‘f’ [-Wunused-parameter]
snd_sdl.c:40:40: warning: unused parameter ‘unused’ [-Wunusedsnd_sdl.c:40:40: warning: unused parameter ‘unused’ [-Wunused-parameter]
snd_sdl.c:95:45: warning: comparing floating-point with ‘==’ or ‘!=’ is unsafe [-Wfloat-equal]
snd_sdl.c:160:17: warning: leak of ‘calloc(1, (long unsigned int)buffersize)’ [CWE-401] [-Wanalyzer-malloc-leak]
cd_null.c:23:23: warning: unused parameter ‘track’ [-Wunused-parameter]
cd_null.c:23:39: warning: unused parameter ‘looping’ [-Wunused-parameter]
net_udp.c:256:31: warning: unused parameter ‘socketid’ [-Wunused-parameter]
net_udp.c:256:59: warning: unused parameter ‘addr’ [-Wunused-parameter]
net_dgrm.c:93:21: warning: comparing floating-point with ‘==’ or ‘!=’ is unsafe [-Wfloat-equal]
net_dgrm.c:254:56: warning: unused parameter ‘sock’ [-Wunused-parameter]
net_dgrm.c:525:30: warning: unused parameter ‘unused’ [-Wunusnet_dgrm.c:525:30: warning: unused parameter ‘unused’ [-Wunused-parameter]
net_dgrm.c:659:31: warning: unused parameter ‘unused’ [-Wunusnet_dgrm.c:659:31: warning: unused parameter ‘unused’ [-Wunused-parameter]
net_loop.c:46:28: warning: unused parameter ‘state’ [-Wunusednet_loop.c:46:28: warning: unused parameter ‘state’ [-Wunused-parameter]
net_loop.c:51:36: warning: unused parameter ‘xmit’ [-Wunused-net_loop.c:51:36: warning: unused parameter ‘xmit’ [-Wunused-parameter]
net_loop.c:232:52: warning: unused parameter ‘sock’ [-Wunusednet_loop.c:232:52: warning: unused parameter ‘sock’ [-Wunused-parameter]
net_main.c:51:1: warning: missing initializer for field ‘arg’net_main.c:51:1: warning: missing initializer for field ‘arg’ of ‘PollProcedure’ {aka ‘struct _PollProcedure’} [-Wmissing-field-initializers]
  254 |         void                      net_main.c:52:1: warning: missing initializer for field ‘arg’net_main.c:52:1: warning: missing initializer for field ‘arg’ of ‘PollProcedure’ {aka ‘struct _PollProcedure’} [-Wmissing-field-initializers]
net_main.c:362:31: warning: unused parameter ‘unused’ [-Wunusnet_main.c:362:31: warning: unused parameter ‘unused’ [-Wunused-parameter]
net_main.c:378:31: warning: unused parameter ‘unused’ [-Wunusnet_main.c:378:31: warning: unused parameter ‘unused’ [-Wunused-parameter]
net_main.c:575:54: warning: implicit conversion from ‘float’ net_main.c:575:54: warning: implicit conversion from ‘float’ to ‘double’ to match other operand of binary expression [-Wdouble-promotion]
  575 |                 if (net_time - sock->lastMessageTime > net_messagetimeout.valuechase.c:26:1: warning: missing initializer for field ‘value’ of ‘cvar_t’ {aka ‘struct cvar_s’} [-Wmissing-field-initializers]
chase.c:27:1: warning: missing initializer for field ‘value’ of ‘cvar_t’ {aka ‘struct cvar_s’} [-Wmissing-field-initializers]
chase.c:28:1: warning: missing initializer for field ‘value’ of ‘cvar_t’ {aka ‘struct cvar_s’} [-Wmissing-field-initializers]
chase.c:29:1: warning: missing initializer for field ‘value’ of ‘cvar_t’ {aka ‘struct cvar_s’} [-Wmissing-field-initializers]
chase.c:102:32: warning: comparing floating-point with ‘==’ or ‘!=’ is unsafe [-Wfloat-equal]
chase.c:115:40: warning: comparing floating-point with ‘==’ or ‘!=’ is unsafe [-Wfloat-equal]
chase.c:115:76: warning: comparing floating-point with ‘==’ ochase.c:115:76: warning: comparing floating-point with ‘==’ or ‘!=’ is unsafe [-Wfloat-equal]
                 common.h:160:59: warning: dereferencing type-punned pointer mightcommon.h:160:59: warning: dereferencing type-punned pointer might break strict-aliasing rules [-Wstrict-aliasing]
common.h:160:59: warning: dereferencing type-punned pointer mightcommon.h:160:59: warning: dereferencing type-punned pointer might break strict-aliasing rules [-Wstrict-aliasing]
cl_demo.c:186:37: warning: dereferencing type-punned pointer mighcl_demo.c:186:37: warning: dereferencing type-punned pointer might break strict-aliasing rules [-Wstrict-aliasing]
  186 |                 Vec_Append ((void**)&demo_head, 1, net_message.data, net_message.common.h:157:63: warning: dereferencing type-punned pointer mightcommon.h:157:63: warning: dereferencing type-punned pointer might break strict-aliasing rules [-Wstrict-aliasing]
cl_demo.c:462:25: warning: implicit conversion from ‘float’ tcl_demo.c:462:25: warning: implicit conversion from ‘float’ to ‘double’ to match other operand of binary expression [-Wdouble-promotion]
  462 |         time cl_demo.c:463:13: warning: comparing floating-point with ‘==’cl_demo.c:463:13: warning: comparing floating-point with ‘==’ or ‘!=’ is unsafe cl_demo.c:465:68: warning: implicit conversion from ‘float’ tcl_demo.c:465:68: warning: implicit conversion from ‘float’ to ‘double’ when passing argument to function [-Wdouble-promotion]
      |        cl_demo.c:465:80: warning: implicit conversion from ‘float’ tcl_demo.c:465:80: warning: implicit conversion from ‘float’ to ‘double’ when passing argument to function [-Wdouble-promotion]
cl_input.c:63:6: warning: no previous prototype for ‘KeyDown’cl_input.c:63:6: warning: no previous prototype for ‘KeyDown’ [-Wmissing-protcl_input.c:92:6: warning: no previous prototype for ‘KeyUp’ [cl_input.c:92:6: warning: no previous prototype for ‘KeyUp’ [-Wmissing-cl_input.c:122:6: warning: no previous prototype for ‘IN_KLookDcl_input.c:122:6: warning: no previous prototype for ‘IN_KLookDown’ [-Wmissing-prototypes]
  122 | void IN_cl_input.c:123:6: warning: no previous prototype for ‘IN_KLookUp’ [-Wmissing-prototypes]
cl_input.c:124:6: warning: no previous prototype for ‘IN_MLookDown’ [-Wmissing-prototypes]
cl_input.c:125:6: warning: no previous prototype for ‘IN_MLookUp’ [-Wmissing-prototypes]
cl_input.c:127:34: warning: comparing floating-point with ‘==’ or ‘!=’ is unsafe [-Wfloat-equal]
cl_input.c:130:6: warning: no previous prototype for ‘IN_UpDown’ [-Wmissing-prototypes]
cl_input.c:131:6: warning: no previous prototype for ‘IN_UpUp’ [-Wmissing-prototypes]
cl_input.c:132:6: warning: no previous prototype for ‘IN_DownDown’ [-Wmissing-prototypes]
cl_input.c:133:6: warning: no previous prototype for ‘IN_DownUp’ [-Wmissing-prototypes]
cl_input.c:134:6: warning: no previous prototype for ‘IN_LeftDown’ [-Wmissing-prototypes]
cl_input.c:135:6: warning: no previous prototype for ‘IN_LeftUp’ [-Wmissing-prototypes]
cl_input.c:136:6: warning: no previous prototype for ‘IN_RightDown’ [-Wmissing-prototypes]
cl_input.c:137:6: warning: no previous prototype for ‘IN_RightUp’ [-Wmissing-prototypes]
cl_input.c:138:6: warning: no previous prototype for ‘IN_ForwardDown’ [-Wmissing-prototypes]
cl_input.c:139:6: warning: no previous prototype for ‘IN_ForwardUp’ [-Wmissing-prototypes]
cl_input.c:140:6: warning: no previous prototype for ‘IN_BackDown’ [-Wmissing-prototypes]
cl_input.c:141:6: warning: no previous prototype for ‘IN_BackUp’ [-Wmissing-prototypes]
cl_input.c:142:6: warning: no previous prototype for ‘IN_LookupDown’ [-Wmissing-prototypes]
cl_input.c:143:6: warning: no previous prototype for ‘IN_LookupUp’ [-Wmissing-prototypes]
cl_input.c:144:6: warning: no previous prototype for ‘IN_LookdownDown’ [-Wmissing-prototypes]
cl_input.c:145:6: warning: no previous prototype for ‘IN_LookdownUp’ [-Wmissing-prototypes]
cl_input.c:146:6: warning: no previous prototype for ‘IN_MoveleftDown’ [-Wmissing-prototypes]
cl_input.c:147:6: warning: no previous prototype for ‘IN_MoveleftUp’ [-Wmissing-prototypes]
cl_input.c:148:6: warning: no previous prototype for ‘IN_MoverightDown’ [-Wmissing-prototypes]
cl_input.c:149:6: warning: no previous prototype for ‘IN_MoverightUp’ [-Wmissing-prototypes]
cl_input.c:151:6: warning: no previous prototype for ‘IN_SpeedDown’ [-Wmissing-prototypes]
cl_input.c:152:6: warning: no previous prototype for ‘IN_SpeedUp’ [-Wmissing-prototypes]
cl_input.c:153:6: warning: no previous prototype for ‘IN_StrafeDown’ [-Wmissing-prototypes]
cl_input.c:154:6: warning: no previous prototype for ‘IN_StrafeUp’ [-Wmissing-prototypes]
cl_input.c:156:6: warning: no previous prototype for ‘IN_AttackDown’ [-Wmissing-prototypes]
cl_input.c:157:6: warning: no previous prototype for ‘IN_AttackUp’ [-Wmissing-prototypes]
cl_input.c:159:6: warning: no previous prototype for ‘IN_UseDown’ [-Wmissing-prototypes]
cl_input.c:160:6: warning: no previous prototype for ‘IN_UseUp’ [-Wmissing-prototypes]
cl_input.c:161:6: warning: no previous prototype for ‘IN_JumpDown’ [-Wmissing-prototypes]
cl_input.c:162:6: warning: no previous prototype for ‘IN_JumpUp’ [-Wmissing-prototypes]
cl_input.c:164:6: warning: no previous prototype for ‘IN_Impulse’ [-Wmissing-prototypes]
cl_input.c:176:7: warning: no previous prototype for ‘CL_KeyState’ [-Wmissing-prototypes]
cl_input.c:195:20: warning: this condition has identical branches [-Wduplicated-branches]
cl_input.c:223:1: warning: missing initializer for field ‘value’ of ‘cvar_t’ {aka ‘struct cvar_s’} [-Wmissing-field-initializers]
cl_input.c:224:1: warning: missing initializer for field ‘value’ of ‘cvar_t’ {aka ‘struct cvar_s’} [-Wmissing-field-initializers]
cl_input.c:225:1: warning: missing initializer for field ‘value’ of ‘cvar_t’ {aka ‘struct cvar_s’} [-Wmissing-field-initializers]
cl_input.c:226:1: warning: missing initializer for field ‘value’ of ‘cvar_t’ {aka ‘struct cvar_s’} [-Wmissing-field-initializers]
cl_input.c:228:1: warning: missing initializer for field ‘value’ of ‘cvar_t’ {aka ‘struct cvar_s’} [-Wmissing-field-initializers]
cl_input.c:230:1: warning: missing initializer for field ‘value’ of ‘cvar_t’ {aka ‘struct cvar_s’} [-Wmissing-field-initializers]
cl_input.c:231:1: warning: missing initializer for field ‘value’ of ‘cvar_t’ {aka ‘struct cvar_s’} [-Wmissing-field-initializers]
cl_input.c:233:1: warning: missing initializer for field ‘value’ of ‘cvar_t’ {aka ‘struct cvar_s’} [-Wmissing-field-initializers]
cl_input.c:235:1: warning: missing initializer for field ‘value’ of ‘cvar_t’ {aka ‘struct cvar_s’} [-Wmissing-field-initializers]
cl_input.c:244:6: warning: no previous prototype for ‘CL_AdjustAngles’ [-Wmissing-prototypes]
cl_input.c:249:56: warning: comparing floating-point with ‘==’ or ‘!=’ is unsafe [-Wfloat-equal]
cl_input.c:249:56: warning: implicit conversion from ‘float’ to ‘double’ to match other operand of binary expression [-Wdouble-promotion]
cl_input.c:250:40: warning: implicit conversion from ‘float’ to ‘double’ to match other operand of binary expression [-Wdouble-promotion]
cl_input.c:273:13: warning: comparing floating-point with ‘==’ or ‘!=’ is unsafe [-Wfloat-equal]
cl_input.c:273:16: warning: comparing floating-point with ‘==’ or ‘!=’ is unsafe [-Wfloat-equal]
cl_input.c:326:56: warning: comparing floating-point with ‘==’ or ‘!=’ is unsafe [-Wfloat-equal]
cl_input.c:326:56: warning: implicit conversion from ‘float’ to ‘double’ to match other operand of binary expression [-Wdouble-promotion]
cl_main.c:31:1: warning: missing initializer for field ‘value’ of ‘cvar_t’ {aka ‘struct cvar_s’} [-Wmissing-field-initializers]
cl_main.c:32:1: warning: missing initializer for field ‘value’ of ‘cvar_t’ {aka ‘struct cvar_s’} [-Wmissing-field-initializers]
cl_main.c:34:1: warning: missing initializer for field ‘value’ of ‘cvar_t’ {aka ‘struct cvar_s’} [-Wmissing-field-initializers]
cl_main.c:35:1: warning: missing initializer for field ‘value’ of ‘cvar_t’ {aka ‘struct cvar_s’} [-Wmissing-field-initializers]
cl_main.c:37:1: warning: missing initializer for field ‘value’ of ‘cvar_t’ {aka ‘struct cvar_s’} [-Wmissing-field-initializers]
cl_main.c:39:1: warning: missing initializer for field ‘value’ of ‘cvar_t’ {aka ‘struct cvar_s’} [-Wmissing-field-initializers]
cl_main.c:40:1: warning: missing initializer for field ‘value’ of ‘cvar_t’ {aka ‘struct cvar_s’} [-Wmissing-field-initializers]
cl_main.c:41:1: warning: missing initializer for field ‘value’ of ‘cvar_t’ {aka ‘struct cvar_s’} [-Wmissing-field-initializers]
cl_main.c:43:1: warning: missing initializer for field ‘value’ of ‘cvar_t’ {aka ‘struct cvar_s’} [-Wmissing-field-initializers]
cl_main.c:44:1: warning: missing initializer for field ‘value’ of ‘cvar_t’ {aka ‘struct cvar_s’} [-Wmissing-field-initializers]
cl_main.c:45:1: warning: missing initializer for field ‘value’ of ‘cvar_t’ {aka ‘struct cvar_s’} [-Wmissing-field-initializers]
cl_main.c:46:1: warning: missing initializer for field ‘value’ of ‘cvar_t’ {aka ‘struct cvar_s’} [-Wmissing-field-initializers]
cl_main.c:48:1: warning: missing initializer for field ‘value’ of ‘cvar_t’ {aka ‘struct cvar_s’} [-Wmissing-field-initializers]
cl_main.c:49:1: warning: missing initializer for field ‘value’ of ‘cvar_t’ {aka ‘struct cvar_s’} [-Wmissing-field-initializers]
cl_main.c:51:1: warning: missing initializer for field ‘value’ of ‘cvar_t’ {aka ‘struct cvar_s’} [-Wmissing-field-initializers]
cl_main.c:258:6: warning: no previous prototype for ‘CL_PrintEntities_f’ [-Wmissing-prototypes]
cl_main.c:275:58: warning: implicit conversion from ‘vec_t’ {aka ‘float’} to ‘double’ when passing argument to function [-Wdouble-promotion]
cl_main.c:275:74: warning: implicit conversion from ‘vec_t’ {aka ‘float’} to ‘double’ when passing argument to function [-Wdouble-promotion]
cl_main.c:275:90: warning: implicit conversion from ‘vec_t’ {aka ‘float’} to ‘double’ when passing argument to function [-Wdouble-promotion]
cl_main.c:275:106: warning: implicit conversion from ‘vec_t’ {aka ‘float’} to ‘double’ when passing argument to function [-Wdouble-promotion]
cl_main.c:275:122: warning: implicit conversion from ‘vec_t’ {aka ‘float’} to ‘double’ when passing argument to function [-Wdouble-promotion]
cl_main.c:275:138: warning: implicit conversion from ‘vec_t’ {aka ‘float’} to ‘double’ when passing argument to function [-Wdouble-promotion]
cl_main.c:310:29: warning: implicit conversion from ‘float’ to ‘double’ to match other operand of binary expression [-Wdouble-promotion]
cl_main.c:344:29: warning: implicit conversion from ‘float’ to ‘double’ to match other operand of binary expression [-Wdouble-promotion]
cl_main.c:344:42: warning: comparing floating-point with ‘==’ or ‘!=’ is unsafe [-Wfloat-equal]
cl_main.c:362:9: warning: no previous prototype for ‘CL_LerpPoint’ [-Wmissing-prototypes]
cl_main.c:368:13: warning: comparing floating-point with ‘==’ or ‘!=’ is unsafe [-Wfloat-equal]
cl_main.c:374:15: warning: implicit conversion from ‘float’ to ‘double’ to match other operand of binary expression [-Wdouble-promotion]
cl_main.c:380:40: warning: implicit conversion from ‘float’ to ‘double’ to match other operand of binary expression [-Wdouble-promotion]
cl_main.c:384:26: warning: implicit conversion from ‘float’ to ‘double’ to match other operand of binary expression [-Wdouble-promotion]
cl_main.c:390:26: warning: implicit conversion from ‘float’ to ‘double’ to match other operand of binary expression [-Wdouble-promotion]
cl_main.c:396:13: warning: comparing floating-point with ‘==’ or ‘!=’ is unsafe [-Wfloat-equal]
cl_main.c:408:6: warning: no previous prototype for ‘CL_RelinkEntities’ [-Wmissing-prototypes]
cl_main.c:460:34: warning: comparing floating-point with ‘==’ or ‘!=’ is unsafe [-Wfloat-equal]
cl_main.c:489:29: warning: comparing floating-point with ‘==’ or ‘!=’ is unsafe [-Wfloat-equal]
cl_main.c:529:48: warning: comparing floating-point with ‘==’ or ‘!=’ is unsafe [-Wfloat-equal]
cl_main.c:597:43: warning: comparing floating-point with ‘==’ or ‘!=’ is unsafe [-Wfloat-equal]
cl_main.c:642:13: warning: comparing floating-point with ‘==’cl_main.c:642:13: warning: comparing floating-point with ‘==’ or ‘!=’ is unsafe [-Wfloat-equal]
  64cl_main.c:664:44: warning: implicit conversion from ‘float’ to ‘double’ to match other operand of binary expression [-Wdouble-promotion]
cl_main.c:673:28: warning: implicit conversion from ‘float’ to ‘double’ to match other operand of binary expression [-Wdouble-promotion]
cl_main.c:673:39: warning: comparing floating-point with ‘==’ or ‘!=’ is unsafe [-Wfloat-equal]
cl_main.c:741:6: warning: no previous prototype for ‘CL_Tracepos_f’ [-Wmissing-prototypes]
cl_main.c:751:29: warning: comparing floating-point with ‘==’ or ‘!=’ is unsafe [-Wfloat-equal]
cl_main.c:764:6: warning: no previous prototype for ‘CL_Viewpos_f’ [-Wmissing-prototypes]
cl_parse.c:114:18: warning: no previous prototype for ‘CL_Entitcl_parse.c:114:18: warning: no previous prototype for ‘CL_EntityNum’ [-Wmissing-prototypes]
  114 | entity_t     cl_parse.c:143:6: warning: no previous prototype for ‘CL_ParseScl_parse.c:143:6: warning: no previous prototype for ‘CL_ParseStartSoundPacket’ [-Wmissing-prototypes]
  143 | void CL_Pcl_parse.c:203:6: warning: no previous prototype for ‘CL_ParseLcl_parse.c:203:6: warning: no previous prototype for ‘CL_ParseLocalSound’ [-Wmissing-prototypes]
  203cl_parse.c:224:6: warning: no previous prototype for ‘CL_Keepalcl_parse.c:224:6: warning: no previous prototype for ‘CL_KeepaliveMessage’ [-Wmissing-prototypes]
  224 | cl_parse.c:283:6: warning: no previous prototype for ‘CL_ParseScl_parse.c:283:6: warning: no previous prototype for ‘CL_ParseServerInfo’ [-Wmissing-prototypes]
  283 cl_parse.c:451:6: warning: no previous prototype for ‘CL_ParseUpdate’ [-Wmissing-prototypes]
cl_parse.c:490:26: warning: comparing floating-point with ‘==’ or ‘!=’ is unsafe [-Wfloat-equal]
cl_parse.c:601:56: warning: implicit conversion from ‘float’ to ‘double’ to match other operand of binary expression [-Wdouble-promotion]
cl_parse.c:622:31: warning: comparing floating-point with ‘==’ or ‘!=’ is unsafe [-Wfloat-equal]
protocol.h:135:38: warning: comparing floating-point with ‘==’ or ‘!=’ is unsafe [-Wfloat-equal]
mathlib.h:53:40: warning: implicit conversion from ‘float’ to ‘double’ to match other operand of binary expression [-Wdouble-promotion]
mathlib.h:53:59: warning: implicit conversion from ‘float’ to ‘double’ to match other operand of binary expression [-Wdouble-promotion]
cl_parse.c:670:6: warning: no previous prototype for ‘CL_ParseBaseline’ [-Wmissing-prototypes]
cl_parse.c:701:6: warning: no previous prototype for ‘CL_ParseClientdata’ [-Wmissing-prototypes]
cl_parse.c:740:33: warning: comparing floating-point with ‘==’ or ‘!=’ is unsafe [-Wfloat-equal]
cl_parse.c:740:76: warning: comparing floating-point with ‘==’ or ‘!=’ is unsafe [-Wfloat-equal]
cl_parse.c:740:119: warning: comparing floating-point with ‘==’ or ‘!=’ is unsafe [-Wfloat-equal]
cl_parse.c:907:6: warning: no previous prototype for ‘CL_ParseStatic’ [-Wmissing-prototypes]
cl_parse.c:941:6: warning: no previous prototype for ‘CL_ParseStaticSound’ [-Wmissing-prototypes]
cl_parse.c:1026:30: warning: comparing floating-point with ‘==’ or ‘!=’ is unsafe [-Wfloat-equal]
cl_parse.c:1028:35: warning: comparing floating-point with ‘==’ or ‘!=’ is unsafe [-Wfloat-equal]
cl_parse.c:1009:39: warning: comparing floating-point with ‘==’ or ‘!=’ is unsafe [-Wfloat-equal]
cl_parse.c:1009:39: warning: comparing floating-point with ‘==’ or ‘!=’ is unsafe [-Wfloat-equal]
cl_parse.c:1009:39: warning: comparing floating-point with ‘==’ or ‘!=’ is unsafe [-Wfloat-equal]
cc -DNDEBUG -c -Wall -Wno-trigraphs -MMD  -O2 -fweb -frename-regicc -DNDEBUG -c -Wall -Wno-trigraphs -MMD  -O2 -fweb -frename-registers -DUSE_SDL2 -DUSE_CODEC_WAVE -DUSE_CODEC_VORBIS  -Wall -Wextra -Wshadow -Wstrict-prototypes -Wmissing-prototypes -Wpointer-arith -Wcast-align -Wwrite-strings -Wundef -Wfloat-equal -Wnull-dereference -Wdouble-promotion -Wlogical-op -Wduplicated-cond -Wduplicated-branches -Wstrict-aliasing=2 -Wformat=2 -Wmissing-include-dirs -Wmissing-field-initializers -O2 -fanalyzer -fdiagnostics-path-format=inlincl_tent.c:59:6: warning: no previous prototype for ‘CL_ParseBeacl_tent.c:59:6: warning: no previous prototype for ‘CL_ParseBeam’ [-Wmissing-prototypes]
cl_tent.c:91:45: warning: implicit conversion from ‘float’ tocl_tent.c:91:45: warning: implicit conversion from ‘float’ to ‘double’ to match other operand of binary expression [-Wdouble-promotion]
   91 |                 if (!b->model || b->endtime cl_tent.c:103:13: warning: comparing floating-point with ‘==’cl_tent.c:103:13: warning: comparing floating-point with ‘==’ or ‘!=’ is unsafe [-Wfloat-equal]
cl_tent.c:268:11: warning: no previous prototype for ‘CL_NewTemcl_tent.c:268:11: warning: no previous prototype for ‘CL_NewTempEntity’ [-Wmissing-prototypes]
cl_tent.c:309:45: warning: implicit conversion from ‘float’ tcl_tent.c:309:45: warning: implicit conversion from ‘float’ to ‘double’ to match other operand of binary expression [-Wdouble-promotion]
  309 |                 if (!b->model || b->endtime cl_tent.c:321:29: warning: comparing floating-point with ‘==’cl_tent.c:321:29: warning: comparing floating-point with ‘==’ or ‘!=’ is unsafe [-Wfloat-equal]
  321 |                 if (distcl_tent.c:321:45: warning: comparing floating-point with ‘==’cl_tent.c:321:45: warning: comparing floating-point with ‘==’ or ‘!=’ is unsafe [-Wfloat-equal]
console.c:545:13: warning: comparing floating-point with ‘==’console.c:545:13: warning: comparing floating-point with ‘==’ or ‘!=’ is unsafe [-Wfloat-eqconsole.c: In function ‘Con_DPrintf’:
console.c:586:13: warning: comparing floating-point with ‘==’console.c:586:13: warning: comparing floating-point with ‘==’ or ‘!=’ is unsafe [-Wfloat-eqconsole.c: In function ‘Con_LogCenterPrint’:
console.c:693:72: warning: comparing floating-point with ‘==’console.c:693:72: warning: comparing floating-point with ‘==’ or ‘!=’ is unsafe [-Wfloat-equal]
      |          console.c:698:13: warning: comparing floating-point with ‘==’console.c:698:13: warning: comparing floating-point with ‘==’ or ‘!=’ is unsafe [-Wfloat-equal]
console.c:758:6: warning: no previous prototype for ‘AddToTabLiconsole.c:758:6: warning: no previous prototype for ‘AddToTabList’ [-Wmissing-prototypes]
  758 | void AddToTabLisconsole.c:841:13: warning: no previous prototype for ‘FindComplconsole.c:841:13: warning: no previous prototype for ‘FindCompletion’ [-Wmissing-prototypes]
console.c:897:6: warning: no previous prototype for ‘BuildTabList’ [-Wmissing-prototypes]
console.c:1104:26: warning: comparing floating-point with ‘==’ or ‘!=’ is unsafe [-Wfloat-equal]
console.c:1106:33: warning: implicit conversion from ‘float’ to ‘double’ to match other operand of binary expression [-Wdouble-promotion]
console.c:1148:62: warning: implicit conversion from ‘float’ to ‘double’ to match other operand of binary expression [-Wdouble-promotion]
console.c:1164:6: warning: no previous prototype for ‘Con_DrawIconsole.c:1164:6: warning: no previous prototype for ‘Con_DrawInput’ [-Wmissing-prototypconsole.c: In function ‘Con_DrawInput’:
console.c:1182:45: warning: implicit conversion from ‘float’ console.c:1182:45: warning: implicit conversion from ‘float’ to ‘double’ to match other operand of binary expression [-Wdouble-promotion]
sbar.c:92:6: warning: no previous prototype for ‘Sbar_DontShowSsbar.c:92:6: warning: no previous prototype for ‘Sbar_DontShowScores’ [-Wmissing-prototypes]
keys.c:540:6: warning: no previous prototype for ‘Char_Message’ [-Wmissing-prototypes]
keys.c:561:5: warning: no previous prototype for ‘Key_StringToKeynum’ [-Wmissing-prototypes]
sbar.c:272:6: warning: no previous prototype for ‘Sbar_DrawPic’ [-Wmissing-prototypes]
sbar.c:282:6: warning: no previous prototype for ‘Sbar_DrawPicAsbar.c:282:6: warning: no previous prototype for ‘Sbar_DrawPicAlpha’ [-Wmissing-prototypes]
  282 | void Sbar_DrawPicAlpha (int x,sbar.c:298:6: warning: no previous prototype for ‘Sbar_DrawCharsbar.c:298:6: warning: no previous prototype for ‘Sbar_DrawCharacter’ [-Wmissing-prototypes]
  298 | void Sbar_DrawCsbar.c:308:6: warning: no previous prototype for ‘Sbar_DrawStrisbar.c:308:6: warning: no previous prototype for ‘Sbar_DrawString’ [-Wmissing-prototypes]
  308 | void Sbar_DrawStrsbar.c:320:6: warning: no previous prototype for ‘Sbar_DrawScrosbar.c:320:6: warning: no previous prototype for ‘Sbar_DrawScrollString’ [-Wmissing-prototypes]
  320 | void Sbar_DrawScrollString (int x, int ykeys.c:638:6: warning: no previous prototype for ‘Key_Unbind_f’ [-Wmissing-prototypes]
sbar.c:328:50: warning: implicit conversion from ‘float’ to ‘double’ to match other operand of binary expression [-Wdouble-promotion]
sbar.c:328:42: warning: implicit conversion from ‘float’ to ‘double’ to match other operand of binary expression [-Wdouble-promotion]
keys.c:658:6: warning: no previous prototype for ‘Key_Unbindall_f’ [-Wmissing-prototypes]
sbar.c:349:5: warning: no previous prototype for ‘Sbar_itoa’ sbar.c:349:5: warning: no previous prototype for ‘Sbar_itoa’ [-Wmissing-prototypes]
keys.c:674:6: warning: no previous prototype for ‘Key_Bindlist_f’ [-Wmissing-prototypes]
  385 | void Sbar_DrawNum (int x, keys.c:695:6: warning: no previous prototype for ‘Key_Bind_f’ [-Wmissing-prototypes]
sbar.c:424:6: warning: no previous prototype for ‘Sbar_SortFragsbar.c:424:6: warning: no previous prototype for ‘Sbar_SortFrags’ [-Wmissing-prototypeskeys.c: In function ‘Key_WriteBindings’:
sbar.c:453:9: warning: no previous prototype for ‘Sbar_ColorForsbar.c:453:9: warning: no previous prototype for ‘Sbar_ColorForMap’ [-Wmissing-prototypes]
  453 | ikeys.c:747:13: warning: comparing floating-point with ‘==’ orkeys.c:747:13: warning: comparing floating-point with ‘==’ or ‘!=’ is unsafe [-Wfloat-equal]
sbar.c:455:32: warning: this condition has identical branches [-Wsbar.c:455:32: warning: this condition has identical branches [-Wduplicated-branches]
sbar.c:463:6: warning: no previous prototype for ‘Sbar_SoloScorsbar.c:463:6: warning: no previous prototype for ‘Sbar_SoloScoreboard’ [-Wmissing-prototypes]
sbar.c:509:6: warning: no previous prototype for ‘Sbar_DrawScorsbar.c:509:6: warning: no previous prototype for ‘Sbar_DrawScoreboard’ [-Wmissing-prototypes]
  509 | sbar.c:523:6: warning: no previous prototype for ‘Sbar_DrawInvesbar.c:523:6: warning: no previous prototype for ‘Sbar_DrawInventory’ [-Wmissing-prototypes]
  sbar.c:664:29: warning: comparing floating-point with ‘==’ orsbar.c:664:29: warning: comparing floating-point with ‘==’ or ‘!=’ is unsafe [-Wfloat-equal]
  664 |                         if (time && time > cl.time - sbar.c:676:29: warning: comparing floating-point with ‘==’ orsbar.c:676:29: warning: comparing floating-point with ‘==’ or ‘!=’ is unsafe [-Wfloat-equal]
  676 |                         if (time && time >sbar.c:689:37: warning: comparing floating-point with ‘==’ orsbar.c:689:37: warning: comparing floating-point with ‘==’ or ‘!=’ is unsafe [-Wfloat-equal]
  689 |                                 if (time && time > cl.time - 2 && flassbar.c:697:37: warning: comparing floating-point with ‘==’ orsbar.c:697:37: warning: comparing floating-point with ‘==’ or ‘!=’ is unsafe [-Wfloat-equal]
  697 |                                 if (time && time > cl.timesbar.c:711:37: warning: comparing floating-point with ‘==’ orsbar.c:711:37: warning: comparing floating-point with ‘==’ or ‘!=’ is unsafe [-Wfloat-equal]
  711 |                                 if (time && time > cl.time - 2 && flasbar.c:719:37: warning: comparing floating-point with ‘==’ orsbar.c:719:37: warning: comparing floating-point with ‘==’ or ‘!=’ is unsafe [-Wfloat-equal]
  719 |                                 if (time && time > cl.timesbar.c:732:37: warning: comparing floating-point with ‘==’ orsbar.c:732:37: warning: comparing floating-point with ‘==’ or ‘!=’ is unsafe [-Wfloat-equal]
  732 |                                 if (time && time > cl.time - 2 && flasbar.c:738:37: warning: comparing floating-point with ‘==’ orsbar.c:738:37: warning: comparing floating-point with ‘==’ or ‘!=’ is unsafe [-Wfloat-equal]
sbar.c:752:6: warning: no previous prototype for ‘Sbar_DrawFragsbar.c:752:6: warning: no previous prototype for ‘Sbar_DrawFrags’ [-Wmissing-prototypessbar.c:802:6: warning: no previous prototype for ‘Sbar_DrawFacesbar.c:802:6: warning: no previous prototype for ‘Sbar_DrawFace’ [-Wmissing-prototypsbar.c: In function ‘Sbar_DrawFace’:
sbar.c:903:29: warning: comparing floating-point with ‘==’ orsbar.c:903:29: warning: comparing floating-point with ‘==’ or ‘!=’ is unsafe [-Wfloat-equal]
  903 |         if (scr_csbar.c:909:43: warning: comparing floating-point with ‘==’ orsbar.c:909:43: warning: comparing floating-point with ‘==’ or ‘!=’ is unsafe [-Wfloat-equal]
  909 |         if (sb_updates >= vid.numpages && !gl_clear.value && scr_sbaralpha.value >= 1 //johnfitz -- gl_clear, ssbar.c:910:52: warning: comparing floating-point with ‘==’ orsbar.c:910:52: warning: comparing floating-point with ‘==’ or ‘!=’ is unsafe [-Wfloat-equal]
sbar.c:1047:6: warning: no previous prototype for ‘Sbar_Intermisbar.c:1047:6: warning: no previous prototype for ‘Sbar_IntermissionNumber’ [-Wmissing-prototypes]
 1047 | void Sbar_IntermissionNumber (int x, int y, int sbar.c:1078:9: warning: no previous prototype for ‘Sbar_Intermisbar.c:1078:9: warning: no previous prototype for ‘Sbar_IntermissionPicForChar’ [-Wmissing-prototypes]
 1078 | qpic_t *Sbar_IntermissionPicForCharsbar.c:1096:5: warning: no previous prototype for ‘Sbar_Intermisbar.c:1096:5: warning: no previous prototype for ‘Sbar_IntermissionTextWidth’ [-Wmissing-prototypes]
 1096 | int Sbar_IntermissionTextWidth (cosbar.c:1112:6: warning: no previous prototype for ‘Sbar_Intermisbar.c:1112:6: warning: no previous prototype for ‘Sbar_IntermissionText’ [-Wmissing-prototypes]
 1112 | void Sbar_IntermissionText (int x, int ymenu.c:140:6: warning: no previous prototype for ‘M_DrawTransPimenu.c:140:6: warning: no previous prototype for ‘M_DrawTransPicTranslate’ [-Wmissing-prototypes]
  140 | void M_DrawTransPicTranslate (int x, int y, qpic_t *pic, int top, int bottom) //menu.c:145:6: warning: no previous prototype for ‘M_DrawTextBoxmenu.c:145:6: warning: no previous prototype for ‘M_DrawTextBox’ [-Wmissing-prototypes]
menu.c:284:34: warning: comparing floating-point with ‘==’ or ‘!=’ is unsafe [-Wfloat-equal]
menu.c:426:6: warning: no previous prototype for ‘M_ScanSaves’ [-Wmissing-prototypes]
  861 | qboomenu.c:1024:6: warning: no previous prototype for ‘M_AdjustSlidmenu.c:1024:6: warning: no previous prototype for ‘M_AdjustSliders’ [-Wmissing-prototypes]
menu.c:1035:40: warning: implicit conversion from ‘float’ to menu.c:1035:40: warning: implicit conversion from ‘float’ to ‘double’ to match other operand of binary expression [-Wdouble-promotion]
 1035 |                 f = scr_conscale.vamenu.c:1049:37: warning: implicit conversion from ‘float’ to menu.c:1049:37: warning: implicit conversion from ‘float’ to ‘double’ to match other operand of binary expression [-Wdouble-promotion]
 1049 |                 f = vid_gamma.vmenu.c:1050:23: warning: implicit conversion from ‘float’ to menu.c:1050:23: warning: implicit conversion from ‘float’ to ‘double’ to match other operand of binary expression [-Wdouble-promotion]
 1050 |         menu.c:1055:40: warning: implicit conversion from ‘float’ to menu.c:1055:40: warning: implicit conversion from ‘float’ to ‘double’ to match other operand of binary expression [-Wdouble-promotion]
 1055 |                 f = vid_contrast.valmenu.c:1061:39: warning: implicit conversion from ‘float’ to menu.c:1061:39: warning: implicit conversion from ‘float’ to ‘double’ to match other operand of binary expression [-Wdouble-promotion]
menu.c:1067:41: warning: implicit conversion from ‘float’ to ‘double’ to match other operand of binary expression [-Wdouble-promotion]
menu.c:1073:37: warning: implicit conversion from ‘float’ to ‘double’ to match other operand of binary expression [-Wdouble-promotion]
menu.c:1079:62: warning: comparing floating-point with ‘==’ or ‘!=’ is unsafe [-Wfloat-equal]
menu.c:1082:37: warning: implicit conversion from ‘float’ to ‘double’ to match other operand of binary expression [-Wdouble-promotion]
menu.c:1089:21: warning: comparing floating-point with ‘==’ or ‘!=’ is unsafe [-Wfloat-equal]
 1089 |                 menu.c:1130:58: warning: comparing floating-point with ‘==’ omenu.c:1130:58: warning: comparing floating-point with ‘==’ or ‘!=’ is unsafe [-Wfloat-equal]
  menu.c:1134:58: warning: comparing floating-point with ‘==’ omenu.c:1134:58: warning: comparing floating-point with ‘==’ or ‘!=’ is unsafe [-Wfloat-equal]
menu.c:1140:6: warning: no previous prototype for ‘M_DrawSlidermenu.c:1140:6: warning: no previous prototype for ‘M_DrawSlider’ [-Wmissing-prototypes]
menu.c:1154:39: warning: implicit conversion from ‘float’ to menu.c:1154:39: warning: implicit conversion from ‘float’ to ‘double’ when passing argument to function [-Wdouble-promotion]
 1154 |         q_snprintf(buffer, 5, formenu.c:1154:9: warning: format not a string literal, argument typmenu.c:1154:9: warning: format not a string literal, argument types not checked [-Wformat-nonliteral]
menu.c:1196:18: warning: implicit conversion from ‘float’ to menu.c:1196:18: warning: implicit conversion from ‘float’ to ‘double’ to match other operand of binary expression [-Wdouble-promotion]
 1196 |      menu.c:1201:32: warning: implicit conversion from ‘float’ to menu.c:1201:32: warning: implicit conversion from ‘float’ to ‘double’ to match other operand of binary expression [-Wdouble-promotion]
 1201 |         r = vimenu.c:1211:18: warning: implicit conversion from ‘float’ to menu.c:1211:18: warning: implicit conversion from ‘float’ to ‘double’ to match other operand of binary expression [-Wdouble-promotion]
 1211 |         r = (1.0 - scr_sbaralpha.value) ;menu.c:1230:13: warning: comparing floating-point with ‘==’ omenu.c:1230:13: warning: comparing floating-point with ‘==’ or ‘!=’ is unsafe [-Wfloat-equal]
 1230 | menu.c:1232:40: warning: implicit conversion from ‘float’ to menu.c:1232:40: warning: implicit conversion from ‘float’ to ‘double’ to match other operand of binary expression [-Wdouble-promotion]
menu.c:1373:6: warning: no previous prototype for ‘M_FindKeysFomenu.c:1373:6: warning: no previous prototype for ‘M_FindKeysForCommand’ [-Wmissing-prototypes]
 1373 | void M_FindKeysForCommand (const menu.c:1399:6: warning: no previous prototype for ‘M_UnbindCommmenu.c:1399:6: warning: no previous prototype for ‘M_UnbindCommand’ [-Wmissing-prototypes]
 1678 | qbmenu.c:1897:6: warning: no previous prototype for ‘M_LanConfig_Char’ [-Wmissing-prototypes]
menu.c:1925:10: warning: no previous prototype for ‘M_LanConfig_TextEntry’ [-Wmissing-prototypes]
menu.c:2116:13: warning: comparing floating-point with ‘==’ or ‘!=’ is unsafe [-Wfloat-equal]
menu.c:2152:25: warning: comparing floating-point with ‘==’ or ‘!=’ is unsafe [-Wfloat-equal]
menu.c:2154:30: warning: comparing floating-point with ‘==’ or ‘!=’ is unsafe [-Wfloat-equal]
menu.c:2156:30: warning: comparing floating-point with ‘==’ or ‘!=’ is unsafe [-Wfloat-equal]
menu.c:2162:29: warning: comparing floating-point with ‘==’ or ‘!=’ is unsafe [-Wfloat-equal]
menu.c:2168:29: warning: comparing floating-point with ‘==’ or ‘!=’ is unsafe [-Wfloat-equal]
menu.c:2225:6: warning: no previous prototype for ‘M_NetStart_Change’ [-Wmissing-prototypes]
menu.c:2245:46: warning: comparing floating-point with ‘==’ or ‘!=’ is unsafe [-Wfloat-equal]
menu.c:2286:26: warning: comparing floating-point with ‘==’ or ‘!=’ is unsafe [-Wfloat-equal]
menu.c:2441:24: warning: unused parameter ‘key’ [-Wunused-parameter]
menu.c:2537:6: warning: no previous prototymenu.c: At top level:
menu.c:2537:6: warning: no previous prototype for ‘M_Menu_Credits_f’ [-Wmissing-prototypes]
menu.c:2570:21: warning: comparing floating-point with ‘==’ or ‘!=’ is unsafe [-Wfloat-equal]
 2570 |                 view.c:35:1: warning: missing initializer for field ‘value’ oview.c:35:1: warning: missing initializer for field ‘value’ of ‘cvar_t’ {aka ‘struct cvar_s’} [-Wmissing-field-initializers]
   85 |     view.c:36:1: warning: missing initializer for field ‘value’ oview.c:36:1: warning: missing initializer for field ‘value’ of ‘cvar_t’ {aka ‘struct cvar_s’} [-Wmissing-field-initializers]
   85 |     view.c:37:1: warning: missing initializer for field ‘value’ oview.c:37:1: warning: missing initializer for field ‘value’ of ‘cvar_t’ {aka ‘struct cvar_s’} [-Wmissing-field-initializers]
   85 |     view.c:39:1: warning: missing initializer for field ‘value’ oview.c:39:1: warning: missing initializer for field ‘value’ of ‘cvar_t’ {aka ‘struct cvar_s’} [-Wmissing-field-initializers]
   85 |     view.c:40:1: warning: missing initializer for field ‘value’ oview.c:40:1: warning: missing initializer for field ‘value’ of ‘cvar_t’ {aka ‘struct cvar_s’} [-Wmissing-field-initializers]
   85 |     view.c:42:1: warning: missing initializer for field ‘value’ oview.c:42:1: warning: missing initializer for field ‘value’ of ‘cvar_t’ {aka ‘struct cvar_s’} [-Wmissing-field-initializers]
   85 |     view.c:43:1: warning: missing initializer for field ‘value’ oview.c:43:1: warning: missing initializer for field ‘value’ of ‘cvar_t’ {aka ‘struct cvar_s’} [-Wmissing-field-initializers]
   85 |     view.c:44:1: warning: missing initializer for field ‘value’ oview.c:44:1: warning: missing initializer for field ‘value’ of ‘cvar_t’ {aka ‘struct cvar_s’} [-Wmissing-field-initializers]
   85 |     view.c:46:1: warning: missing initializer for field ‘value’ oview.c:46:1: warning: missing initializer for field ‘value’ of ‘cvar_t’ {aka ‘struct cvar_s’} [-Wmissing-field-initializers]
   85 |     view.c:47:1: warning: missing initializer for field ‘value’ oview.c:47:1: warning: missing initializer for field ‘value’ of ‘cvar_t’ {aka ‘struct cvar_s’} [-Wmissing-field-initializers]
   85 |     view.c:48:1: warning: missing initializer for field ‘value’ oview.c:48:1: warning: missing initializer for field ‘value’ of ‘cvar_t’ {aka ‘struct cvar_s’} [-Wmissing-field-initializers]
   85 |     view.c:49:1: warning: missing initializer for field ‘value’ oview.c:49:1: warning: missing initializer for field ‘value’ of ‘cvar_t’ {aka ‘struct cvar_s’} [-Wmissing-field-initializers]
   85 |     view.c:51:1: warning: missing initializer for field ‘value’ oview.c:51:1: warning: missing initializer for field ‘value’ of ‘cvar_t’ {aka ‘struct cvar_s’} [-Wmissing-field-initializers]
   85 |     view.c:52:1: warning: missing initializer for field ‘value’ oview.c:52:1: warning: missing initializer for field ‘value’ of ‘cvar_t’ {aka ‘struct cvar_s’} [-Wmissing-field-initializers]
   85 |     view.c:53:1: warning: missing initializer for field ‘value’ oview.c:53:1: warning: missing initializer for field ‘value’ of ‘cvar_t’ {aka ‘struct cvar_s’} [-Wmissing-field-initializers]
   85 |     view.c:54:1: warning: missing initializer for field ‘value’ oview.c:54:1: warning: missing initializer for field ‘value’ of ‘cvar_t’ {aka ‘struct cvar_s’} [-Wmissing-field-initializers]
   85 |     view.c:55:1: warning: missing initializer for field ‘value’ oview.c:55:1: warning: missing initializer for field ‘value’ of ‘cvar_t’ {aka ‘struct cvar_s’} [-Wmissing-field-initializers]
   85 |     view.c:56:1: warning: missing initializer for field ‘value’ oview.c:56:1: warning: missing initializer for field ‘value’ of ‘cvar_t’ {aka ‘struct cvar_s’} [-Wmissing-field-initializers]
   85 |     view.c:58:1: warning: missing initializer for field ‘value’ oview.c:58:1: warning: missing initializer for field ‘value’ of ‘cvar_t’ {aka ‘struct cvar_s’} [-Wmissing-field-initializers]
   85 |     view.c:60:1: warning: missing initializer for field ‘value’ oview.c:60:1: warning: missing initializer for field ‘value’ of ‘cvar_t’ {aka ‘struct cvar_s’} [-Wmissing-field-initializers]
   85 |     view.c:62:1: warning: missing initializer for field ‘value’ oview.c:62:1: warning: missing initializer for field ‘value’ of ‘cvar_t’ {aka ‘struct cvar_s’} [-Wmissing-field-initializers]
   85 |     view.c:63:1: warning: missing initializer for field ‘value’ oview.c:63:1: warning: missing initializer for field ‘value’ of ‘cvar_t’ {aka ‘struct cvar_s’} [-Wmissing-field-initializers]
   85 |     view.c:64:1: warning: missing initializer for field ‘value’ oview.c:64:1: warning: missing initializer for field ‘value’ of ‘cvar_t’ {aka ‘struct cvar_s’} [-Wmissing-field-initializers]
view.c:65:1: warning: missing initializer for field ‘value’ oview.c:65:1: warning: missing initializer for field ‘value’ of ‘cvar_t’ {aka ‘struct cvar_s’} [-Wmissing-field-initializers]
   85 |     view.c:66:1: warning: missing initializer for field ‘value’ oview.c:66:1: warning: missing initializer for field ‘value’ of ‘cvar_t’ {aka ‘struct cvar_s’} [-Wmissing-field-initializers]
   85 |     view.c:68:1: warning: missing initializer for field ‘value’ oview.c:68:1: warning: missing initializer for field ‘value’ of ‘cvar_t’ {aka ‘struct cvar_s’} [-Wmissing-field-initializers]
   85 |     view.c:110:7: warning: no previous prototype for ‘V_CalcBob’ view.c:110:7: warning: no previous prototype for ‘V_CalcBob’ [-Wmissing-prview.c: In function ‘V_CalcBob’:
view.c:115:13: warning: comparing floating-point with ‘==’ orview.c:115:13: warning: comparing floating-point with ‘==’ or ‘!=’ is unsafe [-Wfloat-equal]
view.c:142:1: warning: missing initializer for field ‘value’ view.c:142:1: warning: missing initializer for field ‘value’ of ‘cvar_t’ {aka ‘struct cvar_s’} [-Wmissing-field-initializers]
   85 |     view.c:143:1: warning: missing initializer for field ‘value’ view.c:143:1: warning: missing initializer for field ‘value’ of ‘cvar_t’ {aka ‘struct cvar_s’} [-Wmissing-field-initializers]
view.c:149:25: warning: comparing floating-point with ‘==’ orview.c:149:25: warning: comparing floating-point with ‘==’ or ‘!=’ is unsafe [-Wfloat-equal]
  149 |       view.c:154:27: warning: comparing floating-point with ‘==’ orview.c:154:27: warning: comparing floating-point with ‘==’ or ‘!=’ is unsafe [-Wfloat-equal]
  200 |                         cl.driftmove +=view.c:204:29: warning: comparing floating-point with ‘==’ orview.c:204:29: warning: comparing floating-point with ‘==’ or ‘!=’ is unsafe [-Wfloat-equal]
view.c:338:6: warning: no previous prototype for ‘V_cshift_f’view.c:338:6: warning: no previous prototype for ‘V_cshift_f’ [-Wmissing-prview.c:354:6: warning: no previous prototype for ‘V_BonusFlash_view.c:354:6: warning: no previous prototype for ‘V_BonusFlash_f’ [-Wmissing-prototypesview.c:394:6: warning: no previous prototype for ‘V_CalcPowerupview.c:394:6: warning: no previous prototype for ‘V_CalcPowerupCshift’ [-Wmissing-prototypes]
view.c:451:21: warning: comparing floating-point with ‘==’ orview.c:451:21: warning: comparing floating-point with ‘==’ or ‘!=’ is unsafe [-Wfloat-equal]
view.c:532:13: warning: comparing floating-point with ‘==’ orview.c:532:13: warning: comparing floating-point with ‘==’ or ‘!=’ is unsafe [-Wfloat-equal]
  532 |      view.c:532:36: warning: comparing floating-point with ‘==’ orview.c:532:36: warning: comparing floating-point with ‘==’ or ‘!=’ is unsafe [-Wfloat-equal]
      |                          view.c:633:33: warning: implicit conversion from ‘vec_t’ {akaview.c:633:33: warning: implicit conversion from ‘vec_t’ {aka ‘float’} to ‘double’ to match other operand of binary expression [-Wdouble-promotion]
      |                            view.c:634:34: warning: implicit conversion from ‘vec_t’ {akaview.c:634:34: warning: implicit conversion from ‘vec_t’ {aka ‘float’} to ‘double’ to match other operand of binary expression [-Wdouble-promotion]
      |                        view.c:635:32: warning: implicit conversion from ‘vec_t’ {akaview.c:635:32: warning: implicit conversion from ‘vec_t’ {aka ‘float’} to ‘double’ to match other operand of binary expression [-Wdouble-promotion]
view.c:643:6: warning: no previous prototype for ‘V_BoundOffsetview.c:643:6: warning: no previous prototype for ‘V_BoundOffsets’ [-Wmissing-prototypesview.c:673:6: warning: no previous prototype for ‘V_AddIdle’ view.c:673:6: warning: no previous prototype for ‘V_AddIdle’ [-Wmissing-view.c: In function ‘V_AddIdle’:
      |                            view.c:675:35: warning: implicit conversion from ‘vec_t’ {akaview.c:675:35: warning: implicit conversion from ‘vec_t’ {aka ‘float’} to ‘double’ to match other operand of binary expression [-Wdouble-promotion]
      |                              view.c:676:36: warning: implicit conversion from ‘vec_t’ {akaview.c:676:36: warning: implicit conversion from ‘vec_t’ {aka ‘float’} to ‘double’ to match other operand of binary expression [-Wdouble-promotion]
      |                          view.c:677:34: warning: implicit conversion from ‘vec_t’ {akaview.c:677:34: warning: implicit conversion from ‘vec_t’ {aka ‘float’} to ‘double’ to match other operand of binary expression [-Wdouble-promotion]
view.c:688:6: warning: no previous prototype for ‘V_CalcViewRolview.c:688:6: warning: no previous prototype for ‘V_CalcViewRoll’ [-Wmissing-prototypesview.c: In function ‘V_CalcViewRoll’:
view.c:715:6: warning: no previous prototype for ‘V_CalcIntermiview.c:715:6: warning: no previous prototype for ‘V_CalcIntermissionRefdef’ [-Wmissing-prototypes]
view.c:774:29: warning: implicit conversion from ‘vec_t’ {akaview.c:774:29: warning: implicit conversion from ‘vec_t’ {aka ‘float’} to ‘double’ to match other operand of binary expression [-Wdouble-promotion]
  774 |         r_refview.c:775:29: warning: implicit conversion from ‘vec_t’ {akaview.c:775:29: warning: implicit conversion from ‘vec_t’ {aka ‘float’} to ‘double’ to match other operand of binary expression [-Wdouble-promotion]
  775 |         r_refview.c:776:29: warning: implicit conversion from ‘vec_t’ {akaview.c:776:29: warning: implicit conversion from ‘vec_t’ {aka ‘float’} to ‘double’ to match other operand of binary expression [-Wdouble-promotion]
  804 |                 view->origin[i] += forward[i]*bobview.c:804:33: warning: implicit conversion from ‘vec_t’ {akaview.c:804:33: warning: implicit conversion from ‘vec_t’ {aka ‘float’} to ‘double’ to match other operand of binary expression [-Wdouble-promotion]
  804 |                 view->origin[i] +view.c:809:13: warning: comparing floating-point with ‘==’ orview.c:809:13: warning: comparing floating-point with ‘==’ or ‘!=’ is unsafe [-Wfloat-equal]
  809 |         ifview.c:811:40: warning: comparing floating-point with ‘==’ orview.c:811:40: warning: comparing floating-point with ‘==’ or ‘!=’ is unsafe [-Wfloat-equal]
  811 |                 if (scr_viewsizeview.c:813:45: warning: comparing floating-point with ‘==’ orview.c:813:45: warning: comparing floating-point with ‘==’ or ‘!=’ is unsafe [-Wfloat-equal]
  813 |                 else if (scr_viewsize.valuview.c:815:45: warning: comparing floating-point with ‘==’ orview.c:815:45: warning: comparing floating-point with ‘==’ or ‘!=’ is unsafe [-Wfloat-equal]
  815 |                 else if (scr_viewsize.valview.c:817:45: warning: comparing floating-point with ‘==’ orview.c:817:45: warning: comparing floating-point with ‘==’ or ‘!=’ is unsafe [-Wfloat-equal]
  817 |                 else if (scr_viewsize.valview.c:818:41: warning: implicit conversion from ‘vec_t’ {akaview.c:818:41: warning: implicit conversion from ‘vec_t’ {aka ‘float’} to ‘double’ to match other operand of binary expression [-Wdouble-promotion]
  818 |                         view->origview.c:835:29: warning: comparing floating-point with ‘==’ orview.c:835:29: warning: comparing floating-point with ‘==’ or ‘!=’ is unsafe [-Wfloat-equal]
  835 |         if (v_gunkick.value ==view.c:837:29: warning: comparing floating-point with ‘==’ orview.c:837:29: warning: comparing floating-point with ‘==’ or ‘!=’ is unsafe [-Wfloat-equal]
  837 |         if (v_gunkick.view.c:840:38: warning: comparing floating-point with ‘==’ orview.c:840:38: warning: comparing floating-point with ‘==’ or ‘!=’ is unsafe [-Wfloat-equal]
  840 |                         if (punch[i] != v_puview.c:843:83: warning: implicit conversion from ‘vec_t’ {akaview.c:843:83: warning: implicit conversion from ‘vec_t’ {aka ‘float’} to ‘double’ to match other operand of binary expression [-Wdouble-promotion]
      |                    view.c:877:13: warning: comparing floating-point with ‘==’ orview.c:877:13: warning: comparing floating-point with ‘==’ or ‘!=’ is unsafe [-Wfloat-equal]
wad.c:252:17: warning: dereference of possibly-NULL ‘wad’ [CWwad.c:252:17: warning: dereference of possibly-NULL ‘wad’ [CWE-690] [-Wanalyzer-possible-null-derefer  ‘W_LoadWadList’: events 1-7
common.c:36:1: warning: missing initializer for field ‘value’ of ‘struct cvar_s’ [-Wmissing-field-initializers]
common.c:37:1: warning: missing initializer for field ‘value’ of ‘cvar_t’ {aka ‘struct cvar_s’} [-Wmissing-field-initializers]
common.c:621:7: warning: no previous prototype for ‘ShortSwap’ [-Wmissing-prototypes]
common.c:631:7: warning: no previous prototype for ‘ShortNoSwap’ [-Wmissing-prototypes]
common.c:636:5: warning: no previous prototype for ‘LongSwap’ [-Wmissing-prototypes]
common.c:648:5: warning: no previous prototype for ‘LongNoSwap’ [-Wmissing-prototypes]
common.c:653:7: warning: no previous prototype for ‘FloatSwap’ [-Wmissing-prototypes]
common.c:670:7: warning: no previous prototype for ‘FloatNoSwap’ [-Wmissing-prototypes]
common.c:762:6: warning: no previous prototype for ‘MSG_WriteCoord16’ [-Wmissing-prototypes]
mathlib.h:53:40: warning: implicit conversion from ‘float’ to ‘double’ to match other operand of binary expression [-Wdouble-promotion]
mathlib.h:53:59: warning: implicit conversion from ‘float’ to ‘double’ to match other operand of binary expression [-Wdouble-promotion]
common.c:768:6: warning: no previous prototype for ‘MSG_WriteCoord24’ [-Wmissing-prototypes]
common.c:775:6: warning: no previous prototype for ‘MSG_WriteCoord32f’ [-Wmissing-prototypes]
mathlib.h:53:40: warning: implicit conversion from ‘float’ to ‘double’ to match other operand of binary expression [-Wdouble-promotion]
mathlib.h:53:59: warning: implicit conversion from ‘float’ to ‘double’ to match other operand of binary expression [-Wdouble-promotion]
common.c:796:46: warning: implicit conversion from ‘float’ to ‘double’ to match other operand of binary expression [-Wdouble-promotion]
common.c:796:46: warning: implicit conversion from ‘float’ to ‘double’ to match other operand of binary expression [-Wdouble-promotion]
common.c:796:46: warning: implicit conversion from ‘float’ to ‘double’ to match other operand of binary expression [-Wdouble-promotion]
common.c:797:42: warning: implicit conversion from ‘float’ to ‘double’ to match other operand of binary expression [-Wdouble-promotion]
common.c:797:42: warning: implicit conversion from ‘float’ to ‘double’ to match other operand of binary expression [-Wdouble-promotion]
common.c:797:42: warning: implicit conversion from ‘float’ to ‘double’ to match other operand of binary expression [-Wdouble-promotion]
common.c:805:43: warning: implicit conversion from ‘float’ to ‘double’ to match other operand of binary expression [-Wdouble-promotion]
common.c:805:43: warning: implicit conversion from ‘float’ to ‘double’ to match other operand of binary expression [-Wdouble-promotion]
common.c:805:43: warning: implicit conversion from ‘float’ to ‘double’ to match other operand of binary expression [-Wdouble-promotion]
common.c:934:7: warning: no previous prototype for ‘MSG_ReadCoord16’ [-Wmissing-prototypes]
common.c:940:7: warning: no previous prototype for ‘MSG_ReadCoord24’ [-Wmissing-prototypes]
common.c:946:7: warning: no previous prototype for ‘MSG_ReadCoord32f’ [-Wmissing-prototypes]
common.c:1273:33: warning: comparison of integer expressions of different signedness: ‘int’ and ‘long unsigned int’ [-Wsign-compare]
common.c:1283:25: warning: comparison of integer expressions of different signedness: ‘int’ and ‘long unsigned int’ [-Wsign-compare]
common.c:1294:25: warning: comparison of integer expressions of different signedness: ‘int’ and ‘long unsigned int’ [-Wsign-compare]
common.c:1658:6: warning: no previous prototype for ‘COM_filelength’ [-Wmissing-prototypes]
common.c:1731:29: warning: comparing floating-point with ‘==’ or ‘!=’ is unsafe [-Wfloat-equal]
common.c:1857:7: warning: no previous prototype for ‘COM_LoadFile’ [-Wmissing-prototypes]
common.c:2180:21: warning: comparing floating-point with ‘==’common.c:2180:21: warning: comparing floating-point with ‘==’ or ‘!=’ is unsafe [-Wfloat-equal]
common.c:2625:6: warning: no previous prototype for ‘LOC_LoadFile’ [-Wmissing-prototypes]
common.c:2847:33: warning: comparison of integer expressions of different signedness: ‘unsigned int’ and ‘int’ [-Wsign-compare]
common.c:2910:25: warning: comparison of integer expressions of different signedness: ‘unsigned int’ and ‘int’ [-Wsign-compare]
cmd.c:55:6: warning: no previous prototype for ‘Cmd_Wait_f’ [-Wmissing-prototypes]
cmd.c:222:6: warning: no previous prototype for ‘Cmd_StuffCmds_f’ [-Wmissing-prototypes]
cmd.c:261:6: warning: no previous prototype for ‘Cmd_Exec_f’ [-Wmissing-prototypes]
cmd.c:298:6: warning: no previous prototype for ‘Cmd_Echo_f’ [-Wmissing-prototypes]
cmd.c:314:6: warning: no previous prototype for ‘Cmd_Alias_f’ [-Wmissing-prototypes]
cmd.c:389:6: warning: no previous prototype for ‘Cmd_Unalias_f’ [-Wmissing-prototypes]
cmd.c:426:6: warning: no previous prototype for ‘Cmd_Unaliasall_f’ [-Wmissing-prototypes]
cmd.c:474:6: warning: no previous prototype for ‘Cmd_List_f’ [-Wmissing-prototypes]
cmd.c:533:6: warning: no previous prototype for ‘Cmd_Apropos_f’ [-Wmissing-prototypes]
    inlined from ‘Cmd_Exec_f’ aIn function ‘cmd.c:274:20: warning: ‘strcmp’ of a string of length 11 and cmd.c:274:20: warning: ‘strcmp’ of a string of length 11 and an array of size 1 evaluates to nonzero [-Wstring-compare]
cvar.c:42:6: warning: no previous prototype for ‘Cvar_List_f’cvar.c:42:6: warning: no previous prototype for ‘Cvar_List_f’ [-Wmissing-protcvar.c:87:6: warning: no previous prototype for ‘Cvar_Inc_f’ cvar.c:87:6: warning: no previous prototype for ‘Cvar_Inc_f’ [-Wmissing-prcvar.c:109:6: warning: no previous prototype for ‘Cvar_Toggle_f’ [-Wmissing-prototypes]
cvar.c:118:21: warning: comparing floating-point with ‘==’ or ‘!=’ is unsafe [-Wfloat-equal]
cvar.c:131:6: warning: no previous prototype for ‘Cvar_Cycle_f’ [-Wmissing-prototypes]
cvar.c:149:41: warning: comparing floating-point with ‘==’ or ‘!=’ is unsafe [-Wfloat-equal]
cvar.c:156:49: warning: comparing floating-point with ‘==’ or ‘!=’ is unsafe [-Wfloat-equal]
cvar.c:174:6: warning: no previous prototype for ‘Cvar_Reset_f’ [-Wmissing-prototypes]
cvar.c:193:6: warning: no previous prototype for ‘Cvar_ResetAll_f’ [-Wmissing-prototypes]
cvar.c:206:6: warning: no previous prototype for ‘Cvar_ResetCfg_f’ [-Wmissing-prototypes]
cvar.c:435:19: warning: comparing floating-point with ‘==’ or ‘!=’ is unsafe [-Wfloat-equal]
cvar.c:439:53: warning: implicit conversion from ‘float’ to ‘double’ when passing argument to function [-Wdouble-promotion]
cvar.c:478:19: warning: comparing floating-point with ‘==’ or ‘!=’ is unsafe [-Wfloat-equal]
cvar.c:482:53: warning: implicit conversion from ‘float’ to ‘double’ when passing argument to function [-Wdouble-promotion]
cfgfile.c:38:6: warning: no previous prototype for ‘CFG_ReadCvacfgfile.c:38:6: warning: no previous prototype for ‘CFG_ReadCvars’ [-Wmissing-prototypes]
   38 | void CFG_ReadCvcfgfile.c:121:6: warning: no previous prototype for ‘CFG_ReadCvcfgfile.c:121:6: warning: no previous prototype for ‘CFG_ReadCvarOverrides’ [-Wmissing-prototypes]
  121 | void CFG_ReadCvarOverrides (concfgfile.c:143:6: warning: no previous prototype for ‘CFG_CloseCcfgfile.c:143:6: warning: no previous prototype for ‘CFG_CloseConfig’ [-Wmissing-prototypes]
cfgfile.c:153:5: warning: no previous prototype for ‘CFG_OpenCocfgfile.c:153:5: warning: no previous prototype for ‘CFG_OpenConfig’ [-Wmissing-prototypes]
  153 | int cc -DNDEBUG -c -Wall -Wno-trigraphs -MMD  -O2 -fweb -frename-regicc -DNDEBUG -c -Wall -Wno-trigraphs -MMD  -O2 -fweb -frename-registers -DUSE_SDL2 -DUSE_CODEC_WAVE -DUSE_CODEC_VORBIS  -Wall -Wextra -Wshadow -Wstrict-prototypes -Wmissing-prototypes -Wpointer-arith -Wcast-align -Wwrite-strings -Wundef -Wfloat-equal -Wnull-dereference -Wdouble-promotion -Wlogical-op -Wduplicated-cond -Wduplicated-branches -Wstrict-aliasing=2 -Wformat=2 -Wmissing-include-dirs -Wmissing-field-initializers -O2 -fanalyzer -fdiagnostics-path-format=inline-cc -DNDEBUG -c -Wall -Wno-trigraphs -MMD  -O2 -fweb -frename-regicc -DNDEBUG -c -Wall -Wno-trigraphs -MMD  -O2 -fweb -frename-registers -DUSE_SDL2 -DUSE_CODEC_WAVE -DUSE_CODEC_VORBIS  -Wall -Wextra -Wshadow -Wstrict-prototypes -Wmissing-prototypes -Wpointer-arith -Wcast-align -Wwrite-strings -Wundef -Wfloat-equal -Wnull-dereference -Wdouble-promotion -Wlogical-op -Wduplicated-cond -Wduplicated-branches -Wstrict-aliasing=2 -Wformat=2 -Wmissing-include-dirs -Wmissing-field-initializers -O2 -fanalyzer -fdiagnostics-path-format=inlinhost.c:60:1: warning: missing initializer for field ‘value’ ohost.c:60:1: warning: missing initializer for field ‘value’ of ‘cvar_t’ {aka ‘struct cvar_s’} [-Wmissing-field-initializers]
   85 |     host.c:61:1: warning: missing initializer for field ‘value’ ohost.c:61:1: warning: missing initializer for field ‘value’ of ‘cvar_t’ {aka ‘struct cvar_s’} [-Wmissing-field-initializers]
   85 |     host.c:62:1: warning: missing initializer for field ‘value’ ohost.c:62:1: warning: missing initializer for field ‘value’ of ‘cvar_t’ {aka ‘struct cvar_s’} [-Wmissing-field-initializers]
   85 |     host.c:63:1: warning: missing initializer for field ‘value’ ohost.c:63:1: warning: missing initializer for field ‘value’ of ‘cvar_t’ {aka ‘struct cvar_s’} [-Wmissing-field-initializers]
   85 |     host.c:64:1: warning: missing initializer for field ‘value’ ohost.c:64:1: warning: missing initializer for field ‘value’ of ‘cvar_t’ {aka ‘struct cvar_s’} [-Wmissing-field-initializers]
   85 |     host.c:66:1: warning: missing initializer for field ‘value’ ohost.c:66:1: warning: missing initializer for field ‘value’ of ‘cvar_t’ {aka ‘struct cvar_s’} [-Wmissing-field-initializers]
   85 |     host.c:67:1: warning: missing initializer for field ‘value’ ohost.c:67:1: warning: missing initializer for field ‘value’ of ‘cvar_t’ {aka ‘struct cvar_s’} [-Wmissing-field-initializers]
   85 |     host.c:69:1: warning: missing initializer for field ‘value’ ohost.c:69:1: warning: missing initializer for field ‘value’ of ‘cvar_t’ {aka ‘struct cvar_s’} [-Wmissing-field-initializers]
   85 |     host.c:70:1: warning: missing initializer for field ‘value’ ohost.c:70:1: warning: missing initializer for field ‘value’ of ‘cvar_t’ {aka ‘struct cvar_s’} [-Wmissing-field-initializers]
   85 |     host.c:71:1: warning: missing initializer for field ‘value’ ohost.c:71:1: warning: missing initializer for field ‘value’ of ‘cvar_t’ {aka ‘struct cvar_s’} [-Wmissing-field-initializers]
   85 |     host.c:72:1: warning: missing initializer for field ‘value’ ohost.c:72:1: warning: missing initializer for field ‘value’ of ‘cvar_t’ {aka ‘struct cvar_s’} [-Wmissing-field-initializers]
   85 |     host.c:73:1: warning: missing initializer for field ‘value’ ohost.c:73:1: warning: missing initializer for field ‘value’ of ‘cvar_t’ {aka ‘struct cvar_s’} [-Wmissing-field-initializers]
   85 |     host.c:74:1: warning: missing initializer for field ‘value’ ohost.c:74:1: warning: missing initializer for field ‘value’ of ‘cvar_t’ {aka ‘struct cvar_s’} [-Wmissing-field-initializers]
   85 |     host.c:75:1: warning: missing initializer for field ‘value’ ohost.c:75:1: warning: missing initializer for field ‘value’ of ‘cvar_t’ {aka ‘struct cvar_s’} [-Wmissing-field-initializers]
   85 |     host.c:76:1: warning: missing initializer for field ‘value’ ohost.c:76:1: warning: missing initializer for field ‘value’ of ‘cvar_t’ {aka ‘struct cvar_s’} [-Wmissing-field-initializers]
   85 |     host.c:78:1: warning: missing initializer for field ‘value’ ohost.c:78:1: warning: missing initializer for field ‘value’ of ‘cvar_t’ {aka ‘struct cvar_s’} [-Wmissing-field-initializers]
   85 |     host.c:80:1: warning: missing initializer for field ‘value’ ohost.c:80:1: warning: missing initializer for field ‘value’ of ‘cvar_t’ {aka ‘struct cvar_s’} [-Wmissing-field-initializers]
   85 |     host.c:82:1: warning: missing initializer for field ‘value’ ohost.c:82:1: warning: missing initializer for field ‘value’ of ‘cvar_t’ {aka ‘struct cvar_s’} [-Wmissing-field-initializers]cvar.h:85:25: note: ‘value’ declared here
   85 |     host.c:84:1: warning: missing initializer for field ‘value’ ohost.c:84:1: warning: missing initializer for field ‘value’ of ‘cvar_t’ {aka ‘struct cvar_s’} [-Wmissing-field-initializers]
   85 |     host.c:86:1: warning: missing initializer for field ‘value’ ohost.c:86:1: warning: missing initializer for field ‘value’ of ‘cvar_t’ {aka ‘struct cvar_s’} [-Wmissing-field-initializers]
   85 |     host.c:87:1: warning: missing initializer for field ‘value’ ohost.c:87:1: warning: missing initializer for field ‘value’ of ‘cvar_t’ {aka ‘struct cvar_s’} [-Wmissing-field-initializers]
   85 |     host.c:88:1: warning: missing initializer for field ‘value’ ohost.c:88:1: warning: missing initializer for field ‘value’ of ‘cvar_t’ {aka ‘struct cvar_s’} [-Wmissing-field-initializers]
host.c:98:35: warning: unused parameter ‘var’ [-Wunused-paramhost.c:98:35: warning: unused parameter ‘var’ [-Wunused-parameter]
host.c:189:9: warning: no previous prototype for ‘Host_FindMaxChost.c:189:9: warning: no previous prototype for ‘Host_FindMaxClients’ [-Wmissing-prototypes]
  189 | void  host.c:235:6: warning: no previous prototype for ‘Host_Version_host.c:235:6: warning: no previous prototype for ‘Host_Version_f’ [-Wmissing-prototypeshost.c:254:6: warning: no previous prototype for ‘Host_InitLocahost.c:254:6: warning: no previous prototype for ‘Host_InitLocal’ [-Wmissing-prototypeshost.c:576:10: warning: no previous prototype for ‘Host_FilterThost.c:576:10: warning: no previous prototype for ‘Host_FilterTime’ [-Wmissing-prototypes]
host.c:610:6: warning: no previous prototype for ‘Host_GetConsohost.c:610:6: warning: no previous prototype for ‘Host_GetConsoleCommands’ [-Wmissing-prototypes]
host.c:742:13: warning: comparing floating-point with ‘==’ orhost.c:742:13: warning: comparing floating-point with ‘==’ or ‘!=’ is unsafe [-Wfloat-equal]
  742 host.c:749:13: warning: comparing floating-point with ‘==’ orhost.c:749:13: warning: comparing floating-point with ‘==’ or ‘!=’ is unsafe [-Wfloat-equal]
  749 host.c:764:13: warning: comparing floating-point with ‘==’ orhost.c:764:13: warning: comparing floating-point with ‘==’ or ‘!=’ is unsafe [-Wfloat-equal]
host.c:785:13: warning: comparing floating-point with ‘==’ orhost.c:785:13: warning: comparing floating-point with ‘==’ or ‘!=’ is unsafe [-Wfloat-equal]host.c: In function ‘Host_Init’:
host.c:829:107: warning: implicit conversion from ‘float’ to host.c:829:107: warning: implicit conversion from ‘float’ to ‘double’ when passing argument to function [-Wdouble-promotion]
host_cmd.c:1144:61: warning: implicit conversion from ‘float’host_cmd.c:1144:61: warning: implicit conversion from ‘float’ to ‘double’ when passing argument to function [-Wdouble-promotion]
 120host_cmd.c:1245:38: warning: implicit conversion from ‘float’host_cmd.c:1245:38: warning: implicit conversion from ‘float’ to ‘double’ to match other operand of binary expression [-Wdouble-promotion]
host_cmd.c:1446:21: warning: comparing floating-point with ‘==’ or ‘!=’ is unsafe [-Wfloat-equal]
host_cmd.c:1446:73: warning: comparing floating-point with ‘==’ or ‘!=’ is unsafe [-Wfloat-equal]
host_cmd.c:1626:13: warning: comparing floating-point with ‘==’ or ‘!=’ is unsafe [-Wfloat-equal]
host_cmd.c:1920:13: warning: comparing floating-point with ‘==’ or ‘!=’ is unsafe [-Wfloat-equal]
host_cmd.c:2288:34: warning: comparing floating-point with ‘==’ or ‘!=’ is unsafe [-Wfloat-equal]
mathlib.c:47:6: warning: no previous prototype for ‘ProjectPoinmathlib.c:47:6: warning: no previous prototype for ‘ProjectPointOnPlane’ [-Wmissing-prototypes]
   47 | void ProjectPointOnPlane( vec3_t dst, const mathlib.c:69:6: warning: no previous prototype for ‘Perpendiculmathlib.c:69:6: warning: no previous prototype for ‘PerpendicularVector’ [-Wmissing-prototypes]
mathlib.c:81:37: warning: implicit conversion from ‘float’ to ‘double’ to match other operand of binary expression [-Wdouble-promotion]
mathlib.c:108:37: warning: implicit conversion from ‘float’ to ‘double’ to match other operand of binary expression [-Wdouble-promotion]
mathlib.c:182:29: warning: implicit conversion from ‘vec_t’ {aka ‘float’} to ‘double’ to match other operand of binary expression [-Wdouble-promotion]
mathlib.c:185:31: warning: implicit conversion from ‘vec_t’ {aka ‘float’} to ‘double’ to match other operand of binary expression [-Wdouble-promotion]
mathlib.c:188:30: warning: implicit conversion from ‘vec_t’ {aka ‘float’} to ‘double’ to match other operand of binary expression [-Wdouble-promotion]
mathlib.c:208:27: warning: comparing floating-point with ‘==’ or ‘!=’ is unsafe [-Wfloat-equal]
mathlib.c:289:13: warning: comparing floating-point with ‘==’ or ‘!=’ is unsafe [-Wflominiz.c: In function ‘tinfl_decompress’:
miniz.c:371:14: warning: use of uninitialized value ‘*r.m_num_bminiz.c:371:14: warning: use of uninitialized value ‘*r.m_num_bits’ [CWE-457] [-Wanalyzer-use-of-uninitialized-value]
miniz.c:371:14: warning: use of uninitialized value ‘*r.m_num_bits’ [CWE-457] [-Wanalyzer-use-of-uninitialized-value]
miniz.c:371:14: warning: use of uninitialized value ‘*r.m_num_bits’ [CWE-457] [-Wanalyzer-use-of-uninitialized-value]
pr_cmds.c:92:21: warning: comparing floating-point with ‘==’ pr_cmds.c:92:21: warning: comparing floating-point with ‘==’ or ‘!=’ is unsafe [-Wfloat-equal]
pr_cmds.c:428:38: warning: implicit conversion from ‘float’ to ‘double’ to match other operand of binary expression [-Wdouble-promotion]
pr_cmds.c:428:70: warning: implicit conversion from ‘float’ to ‘double’ to match other operand of binary expression [-Wdouble-promotion]
pr_cmds.c:428:101: warning: implicit conversion from ‘float’ to ‘double’ to match other operand of binary expression [-Wdouble-promotion]
pr_cmds.c:431:22: warning: comparing floating-point with ‘==’ or ‘!=’ is unsafe [-Wfloat-equal]
pr_cmds.c:436:41: warning: implicit conversion from ‘float’ to ‘double’ to match other operand of binary expression [-Wdouble-promotion]
pr_cmds.c:437:41: warning: implicit conversion from ‘float’ to ‘double’ to match other operand of binary expression [-Wdouble-promotion]
pr_cmds.c:438:41: warning: implicit conversion from ‘float’ to ‘double’ to match other operand of binary expression [-Wdouble-promotion]
pr_cmds.c:458:38: warning: implicit conversion from ‘float’ to ‘double’ to match other operand of binary expression [-Wdouble-promotion]
pr_cmds.c:458:70: warning: implicit conversion from ‘float’ to ‘double’ to match other operand of binary expression [-Wdouble-promotion]
pr_cmds.c:458:101: warning: implicit conversion from ‘float’ to ‘double’ to match other operand of binary expression [-Wdouble-promotion]
pr_cmds.c:478:23: warning: comparing floating-point with ‘==’ or ‘!=’ is unsafe [-Wfloat-equal]
pr_cmds.c:478:41: warning: comparing floating-point with ‘==’ or ‘!=’ is unsafe [-Wfloat-equal]
pr_cmds.c:506:23: warning: comparing floating-point with ‘==’ or ‘!=’ is unsafe [-Wfloat-equal]
pr_cmds.c:506:41: warning: comparing floating-point with ‘==’ or ‘!=’ is unsafe [-Wfloat-equal]
pr_cmds.c:708:13: warning: comparing floating-point with ‘==’ or ‘!=’ is unsafe [-Wfloat-equal]
pr_cmds.c:712:25: warning: implicit conversion from ‘float’ to ‘double’ when passing argument to function [-Wdouble-promotion]
pr_cmds.c:712:32: warning: implicit conversion from ‘float’ to ‘double’ when passing argument to function [-Wdouble-promotion]
pr_cmds.c:712:39: warning: implicit conversion from ‘float’ to ‘double’ when passing argument to function [-Wdouble-promotion]
pr_cmds.c:712:46: warning: implicit conversion from ‘float’ to ‘double’ when passing argument to function [-Wdouble-promotion]
pr_cmds.c:712:53: warning: implicit conversion from ‘float’ to ‘double’ when passing argument to function [-Wdouble-promotion]
pr_cmds.c:712:60: warning: implicit conversion from ‘float’ to ‘double’ when passing argument to function [-Wdouble-promotion]
pr_cmds.c:975:34: warning: comparing floating-point with ‘==’ or ‘!=’ is unsafe [-Wfloat-equal]
pr_cmds.c:978:84: warning: implicit conversion from ‘vec_t’ {aka ‘float’} to ‘double’ to match other operand of binary expression [-Wdouble-promotion]
pr_cmds.c:978:48: warning: implicit conversion from ‘vec_t’ {aka ‘float’} to ‘double’ to match other operand of binary expression [-Wdouble-promotion]
pr_cmds.c:978:28: warning: implicit conversion from ‘float’ to ‘double’ to match other operand of binary expression [-Wdouble-promotion]
pr_cmds.c:982:84: warning: implicit conversion from ‘vec_t’ {aka ‘float’} to ‘double’ to match other operand of binary expression [-Wdouble-promotion]
pr_cmds.c:982:48: warning: implicit conversion from ‘vec_t’ {aka ‘float’} to ‘double’ to match other operand of binary expression [-Wdouble-promotion]
pr_cmds.c:982:28: warning: implicit conversion from ‘float’ to ‘double’ to match other operand of binary expression [-Wdouble-promotion]
pr_cmds.c:986:84: warning: implicit conversion from ‘vec_t’ {aka ‘float’} to ‘double’ to match other operand of binary expression [-Wdouble-promotion]
pr_cmds.c:986:48: warning: implicit conversion from ‘vec_t’ {aka ‘float’} to ‘double’ to match other operand of binary expression [-Wdouble-promotion]
pr_cmds.c:986:28: warning: implicit conversion from ‘float’ to ‘double’ to match other operand of binary expression [-Wdouble-promotion]
pr_cmds.c:1015:15: warning: comparing floating-point with ‘==’ or ‘!=’ is unsafe [-Wfloat-equal]
pr_cmds.c:1018:37: warning: implicit conversion from ‘float’ to ‘double’ when passing argument to function [-Wdouble-promotion]
pr_cmds.c:1034:63: warning: implicit conversion from ‘float’ to ‘double’ when passing argument to function [-Wdouble-promotion]
pr_cmds.c:1034:87: warning: implicit conversion from ‘float’ to ‘double’ when passing argument to function [-Wdouble-promotion]
pr_cmds.c:1034:111: warning: implicit conversion from ‘float’ to ‘double’ when passing argument to function [-Wdouble-promotion]
progs.h:120:70: warning: dereferencing type-punned pointer might break strict-aliasing rules [-Wstrict-aliasing]
pr_cmds.c:1234:28: warning: comparing floating-point with ‘==’ or ‘!=’ is unsafe [-Wfloat-equal]
pr_cmds.c:1293:47: warning: implicit conversion from ‘float’ to ‘double’ to match other operand of binary expression [-Wdouble-promotion]
pr_cmds.c:1295:47: warning: implicit conversion from ‘float’ to ‘double’ to match other operand of binary expression [-Wdouble-promotion]
pr_cmds.c:1375:1: warning: missing initializer for field ‘value’ of ‘cvar_t’ {aka ‘struct cvar_s’} [-Wmissing-field-initializers]
pr_cmds.c:1396:44: warning: pr_cmds.c: In function ‘PF_aim’:
pr_cmds.c:1396:44: warning: comparing floating-point with ‘==’ or ‘!=’ is unsafe [-Wfloat-equal]
pr_cmds.c:1397:21: warning: comparing floating-point with ‘==’ or ‘!=’ is unsafe [-Wfloat-equal]
pr_cmds.c:1397:72: warning: comparing floating-point with ‘==’ or ‘!=’ is unsafe [-Wfloat-equal]
pr_cmds.c:1411:41: warning: comparing floating-point with ‘==’ or ‘!=’ is unsafe [-Wfloat-equal]
pr_cmds.c:1415:21: warning: comparing floating-point with ‘==’ or ‘!=’ is unsafe [-Wfloat-equal]
pr_cmds.c:1415:70: warning: comparing floating-point with ‘==’ or ‘!=’ is unsafe [-Wfloat-equal]
pr_cmds.c:1418:59: warning: implicit conversion from ‘vec_t’ {aka ‘float’} to ‘double’ to match other operand of binary expression [-Wdouble-promotion]
pr_cmds.c:1418:53: warning: implicit conversion from ‘vec_t’ {aka ‘float’} to ‘double’ to match other operand of binary expression [-Wdouble-promotion]
pr_cmds.c:1454:6: warning: no previous prototype for ‘PF_changepr_cmds.c:1454:6: warning: no previous prototype for ‘PF_changeyaw’ [-Wmissing-prototypes]
pr_cmds.c:1464:21: warning: comparing floating-point with ‘==’ or ‘!=’ is unsafe [-Wfloat-equal]
protocol.h:141:38: warning: comparing floating-point with ‘==’ or ‘!=’ is unsafe [-Wfloat-equal]
   85 |     pr_edict.c:76:1: warning: missing initializer for field ‘value’ of ‘cvar_t’ {aka ‘struct cvar_s’} [-Wmissing-field-initializers]
pr_edict.c:77:1: warning: missing initializer for field ‘value’ of ‘cvar_t’ {aka ‘struct cvar_s’} [-Wmissing-field-initializers]
pr_edict.c:78:1: warning: missing initializer for field ‘value’ of ‘cvar_t’ {aka ‘struct cvar_s’} [-Wmissing-field-initializers]
pr_edict.c:79:1: warning: missing initializer for field ‘value’ of ‘cvar_t’ {aka ‘struct cvar_s’} [-Wmissing-field-initializers]
pr_edict.c:80:1: warning: missing initializer for field ‘value’ of ‘cvar_t’ {aka ‘struct cvar_s’} [-Wmissing-field-initializers]
pr_edict.c:81:1: warning: missing initializer for field ‘value’ of ‘cvar_t’ {aka ‘struct cvar_s’} [-Wmissing-field-initializers]
pr_edict.c:82:1: warning: missing initializer for field ‘value’ of ‘cvar_t’ {aka ‘struct cvar_s’} [-Wmissing-field-initializers]
pr_edict.c:83:1: warning: missing initializer for field ‘value’ of ‘cvar_t’ {aka ‘struct cvar_s’} [-Wmissing-field-initializers]
pr_edict.c:84:1: warning: missing initializer for field ‘value’ of ‘cvar_t’ {aka ‘struct cvar_s’} [-Wmissing-field-initializers]
pr_edict.c:85:1: warning: missing initializer for field ‘value’ of ‘cvar_t’ {aka ‘struct cvar_s’} [-Wmissing-field-initializers]
pr_edict.c:94:6: warning: no previous prototype for ‘ED_ClearEdict’ [-Wmissing-prototypes]
pr_edict.c:121:61: warning: implicit conversion from ‘float’ to ‘double’ to match other operand of binary expression [-Wdouble-promotion]
pr_edict.c:343:61: warning: implicit conversion from ‘float’ to ‘double’ when passing argument to function [-Wdouble-promotion]
pr_edict.c:346:83: warning: implicit conversion from ‘float’ to ‘double’ when passing argument to function [-Wdouble-promotion]
pr_edict.c:346:99: warning: implicit conversion from ‘float’ to ‘double’ when passing argument to function [-Wdouble-promotion]
pr_edict.c:346:115: warning: implicit conversion from ‘float’ to ‘double’ when passing argument to function [-Wdouble-promotion]
pr_edict.c:397:58: warning: implicit conversion from ‘float’ to ‘double’ when passing argument to function [-Wdouble-promotion]
pr_edict.c:400:72: warning: implicit conversion from ‘float’ to ‘double’ when passing argument to function [-Wdouble-promotion]
pr_edict.c:400:88: warning: implicit conversion from ‘float’ to ‘double’ when passing argument to function [-Wdouble-promotion]
pr_edict.c:400:104: warning: implicit conversion from ‘float’ to ‘double’ when passing argument to function [-Wdouble-promotion]
pr_edict.c:418:13: warning: no previous prototype for ‘PR_GlobalString’ [-Wmissing-prototypes]
pr_edict.c:449:13: warning: no previous prototype for ‘PR_GlobalStringNoContents’ [-Wmissing-prototypes]
protocol.h:137:62: warning: implicit conversion from ‘float’ to ‘double’ when passing argument to function [-Wdouble-promotion]
pr_edict.c:657:21: warning: comparing floating-point with ‘==’ or ‘!=’ is unsafe [-Wfloat-equal]
pr_edict.c:661:37: warning: comparing floating-point with ‘==’ or ‘!=’ is unsafe [-Wfloat-equal]
protocol.h:135:38: warning: comparing floating-point with ‘==’ or ‘!=’ is unsafe [-Wfloat-equal]
mathlib.h:53:40: warning: implicit conversion from ‘float’ to ‘double’ to match other operand of binary expression [-Wdouble-promotion]
mathlib.h:53:59: warning: implicit conversion from ‘float’ to ‘double’ to match other operand of binary expression [-Wdouble-promotion]
pr_edict.c:1024:21: warning: comparing floating-point with ‘==’ or ‘!=’ is unsafe [-Wfloat-equal]
pr_edict.c:1090:81: warning: comparing floating-point with ‘==’ or ‘!=’ is unsafe [-Wfloat-equal]
pr_edict.c:1285:13: warning: comparing floating-point with ‘==’ or ‘!=’ is unsafe [-Wfloat-cc -DNDEBUG -c -Wall -Wno-trigraphs -MMD  -O2 -fweb -frename-regicc -DNDEBUG -c -Wall -Wno-trigraphs -MMD  -O2 -fweb -frename-registers -DUSE_SDL2 -DUSE_CODEC_WAVE -DUSE_CODEC_VORBIS  -Wall -Wextra -Wshadow -Wstrict-prototypes -Wmissing-prototypes -Wpointer-arith -Wcast-align -Wwrite-strings -Wundef -Wfloat-equal -Wnull-dereference -Wdouble-promotion -Wlogical-op -Wduplicated-cond -Wduplicated-branches -Wstrict-aliasing=2 -Wformat=2 -Wmissing-include-dirs -Wmissing-field-initializers -O2 -fanalyzer -fdiagnostics-path-format=inlincc -DNDEBUG -c -Wall -Wno-trigraphs -MMD  -O2 -fweb -frename-regicc -DNDEBUG -c -Wall -Wno-trigraphs -MMD  -O2 -fweb -frename-registers -DUSE_SDL2 -DUSE_CODEC_WAVE -DUSE_CODEC_VORBIS  -Wall -Wextra -Wshadow -Wstrict-prototypes -Wmissing-prototypes -Wpointer-arith -Wcast-align -Wwrite-strings -Wundef -Wfloat-equal -Wnull-dereference -Wdouble-promotion -Wlogical-op -Wduplicated-cond -Wduplicated-branches -Wstrict-aliasing=2 -Wformat=2 -Wmissing-include-dirs -Wmissing-field-initializers -O2 -fanalyzer -fdiagnostics-path-format=inlincommon.c: In function ‘LOC_LoadFile’:
common.c:2701:35: warning: dereference of NULL ‘cursor’ [CWE-476] [-Wanalyzer-null-dereference]
sv_main.c:45:6: warning: no previous prototype for ‘SV_Protocolsv_main.c:45:6: warning: no previous prototype for ‘SV_Protocol_f’ [-Wmissing-prototypsv_main.c: In function ‘SV_StartSound’:
sv_main.c:200:64: warning: implicit conversion from ‘float’ to ‘double’ when passing argument to function [-Wdouble-promotion]
      |           sv_main.c:226:25: warning: comparing floating-point with ‘==’sv_main.c:226:25: warning: comparing floating-point with ‘==’ or ‘!=’ is unsafe [-Wfloat-equal]
  226 |         if (attenuation != DEFAsv_main.c:226:25: warning: implicit conversion from ‘float’ tsv_main.c:226:25: warning: implicit conversion from ‘float’ to ‘double’ sv_main.c:270:70: warning: implicit conversion from ‘vec_t’ {sv_main.c:270:70: warning: implicit conversion from ‘vec_t’ {aka ‘float’} to ‘double’ to match other operand of binary expression [-Wdouble-promotion]
      |       sv_main.c:270:66: warning: implicit conversion from ‘vec_t’ {sv_main.c:270:66: warning: implicit conversion from ‘vec_t’ {aka ‘float’} to ‘double’ to match other operand of binary expression [-Wdouble-promotion]
sv_main.c:333:6: warning: no previous prototype for ‘SV_SendSersv_main.c:333:6: warning: no previous prototype for ‘SV_SendServerinfo’ [-Wmissing-prototypes]
sv_main.c:354:13: warning: comparing floating-point with ‘==’sv_main.c:354:13: warning: comparing floating-point with ‘==’ or ‘!=’ is unsafe [-Wfloat-equal]
  354 |   sv_main.c:354:25: warning: comparing floating-point with ‘==’sv_main.c:354:25: warning: comparing floating-point with ‘==’ or ‘!=’ is unsafe [-Wfloat-equal]
sv_main.c:397:6: warning: no previous prototype for ‘SV_Connectsv_main.c:397:6: warning: no previous prototype for ‘SV_ConnectClient’ [-Wmissing-prototypes]
  397 | voisv_main.c:515:6: warning: no previous prototype for ‘SV_AddToFasv_main.c:515:6: warning: no previous prototype for ‘SV_AddToFatPVS’ [-Wmissing-prototypes]
  558 | byte *SV_FatPVS (vec3_t org, qmodel_t *worldmodel) //johsv_main.c:581:10: warning: no previous prototype for ‘SV_Visiblsv_main.c:581:10: warning: no previous prototype for ‘SV_VisibleToClient’ [-Wmissing-prototypes]
  581 | qboolean SV_VisibleToClient (edict_t *client, edict_t sv_main.c:605:6: warning: no previous prototype for ‘SV_WriteEnsv_main.c:605:6: warning: no previous prototype for ‘SV_WriteEntitiesToClient’ [-Wmissing-prototypes]
sv_main.c:627:29: warning: comparing floating-point with ‘==’sv_main.c:627:29: warning: comparing floating-point with ‘==’ or ‘!=’ is unsafe [-Wfloat-equal]
  627 |                         if (!ent->v.modelindex || !PR_Gsv_main.c:656:29: warning: comparing floating-point with ‘==’sv_main.c:656:29: warning: comparing floating-point with ‘==’ or ‘!=’ is unsafe [-Wfloat-equal]
  656 |                         if (!dev_overflows.packetsize || dev_overflows.packetsize + CONSOLsv_main.c:671:35: warning: implicit conversion from ‘float’ tsv_main.c:671:35: warning: implicit conversion from ‘float’ to ‘double’ to match other operand of binary expression [-Wdouble-promotion]
  671 |                         if ( miss < sv_main.c:671:50: warning: implicit conversion from ‘float’ tsv_main.c:671:50: warning: implicit conversion from ‘float’ to ‘double’ to match other operand of binary expression [-Wdouble-promotion]
  671 |                         if ( miss < -0.1 || miss > sv_main.c:675:39: warning: comparing floating-point with ‘==’sv_main.c:675:39: warning: comparing floating-point with ‘==’ or ‘!=’ is unsafe [-Wfloat-equal]
  675 |                 if ( ent->v.angles[0] != ent->baselsv_main.c:678:39: warning: comparing floating-point with ‘==’sv_main.c:678:39: warning: comparing floating-point with ‘==’ or ‘!=’ is unsafe [-Wfloat-equal]
  678 |                 if ( ent->v.angles[1] != ent->baselsv_main.c:681:39: warning: comparing floating-point with ‘==’sv_main.c:681:39: warning: comparing floating-point with ‘==’ or ‘!=’ is unsafe [-Wfloat-equal]
  681 |                 if ( ent->v.angles[2] != ent->baselsv_main.c:684:37: warning: comparing floating-point with ‘==’sv_main.c:684:37: warning: comparing floating-point with ‘==’ or ‘!=’ is unsafe [-Wfloat-equal]
  684 |                 if (ent->v.movetype sv_main.c:687:44: warning: comparing floating-point with ‘==’sv_main.c:687:44: warning: comparing floating-point with ‘==’ or ‘!=’ is unsafe [-Wfloat-equal]
  687 |                 if (ent->baseline.colormap != ent->vsv_main.c:690:40: warning: comparing floating-point with ‘==’sv_main.c:690:40: warning: comparing floating-point with ‘==’ or ‘!=’ is unsafe [-Wfloat-equal]
  690 |                 if (ent->baseline.skin !sv_main.c:693:41: warning: comparing floating-point with ‘==’sv_main.c:693:41: warning: comparing floating-point with ‘==’ or ‘!=’ is unsafe [-Wfloat-equal]
  693 |                 if (ent->baseline.frame != sv_main.c:699:46: warning: comparing floating-point with ‘==’sv_main.c:699:46: warning: comparing floating-point with ‘==’ or ‘!=’ is unsafe [-Wfloat-equal]
protocol.h:135:38: warning: comparing floating-point with ‘==’ or ‘!=’ is unsafe [-Wfloat-equal]
mathlib.h:53:40: warning: iIn file included from quakedef.h:215:
mathlib.h:53:40: warning: implicit conversion from ‘float’ to ‘double’ to match other operand of binary expression [-Wdouble-promotion]
    mathlib.h:53:59: warning: implicit conversion from ‘float’ tomathlib.h:53:59: warning: implicit conversion from ‘float’ to ‘double’ to match other operand of binary expression [-Wdouble-promotion]
  718 |                         ent->scale = ENTSCALE_ENCODE(val->_floasv_main.c:795:75: warning: implicit conversion from ‘float’ to ‘double’ to match other operand of binary expression [-Wdouble-promotion]
sv_main.c:795:75: warning: implicit conversion from ‘float’ to ‘double’ to match other operand of binary expression [-Wdouble-promotion]
sv_main.c:795:75: warning: implicit conversion from ‘float’ to ‘double’ to match other operand of binary expression [-Wdouble-promotion]
sv_main.c:814:6: warning: no previous prototype for ‘SV_CleanupEnts’ [-Wmissing-prototypes]
sv_main.c:843:13: warning: comparing floating-point with ‘==’ or ‘!=’ is unsafe [-Wfloat-equal]
sv_main.c:843:29: warning: comparing floating-point with ‘==’ or ‘!=’ is unsafe [-Wfloat-equal]
sv_main.c:850:70: warning: implicit conversion from ‘vec_t’ {aka ‘float’} to ‘double’ to match other operand of binary expression [-Wdouble-promotion]
sv_main.c:850:65: warning: implicit conversion from ‘vec_t’ {aka ‘float’} to ‘double’ to match other operand of binary expression [-Wdouble-promotion]
sv_main.c:862:14: warning: comparing floating-point with ‘==’ or ‘!=’ is unsafe [-Wfloat-equal]
sv_main.c:872:32: warning: comparing floating-point with ‘==’ or ‘!=’ is unsafe [-Wfloat-equal]
sv_main.c:875:13: warning: comparing floating-point with ‘==’ or ‘!=’ is unsafe [-Wfloat-equal]
sv_main.c:897:21: warning: comparing floating-point with ‘==’ or ‘!=’ is unsafe [-Wfloat-equal]
sv_main.c:899:21: warning: comparing floating-point with ‘==’ or ‘!=’ is unsafe [-Wfloat-equal]
sv_main.c:903:13: warning: comparing floating-point with ‘==’ or ‘!=’ is unsafe [-Wfloat-equal]
sv_main.c:906:13: warning: comparing floating-point with ‘==’ or ‘!=’ is unsafe [-Wfloat-equal]
sv_main.c:1015:10: warning: no previous prototype for ‘SV_SendClientDatagram’ [-Wmissing-prototypes]
sv_main.c:1056:6: warning: no previous prototype for ‘SV_UpdateToReliableMessages’ [-Wmissing-prototypes]
sv_main.c:1064:44: warning: comparing floating-point with ‘==’ or ‘!=’ is unsafe [-Wfloat-equal]
sv_main.c:1098:6: warning: no previous prototype for ‘SV_SendNop’ [-Wmissing-prototypes]
sv_main.c:1284:6: warning: no previous prototype for ‘SV_CreateBaseline’ [-Wmissing-prototypes]
sv_main.c:1297:48: warning: comparing floating-point with ‘==’ or ‘!=’ is unsafe [-Wfloat-equal]
protocol.h:141:38: warning: comparing floating-point with ‘==’ or ‘!=’ is unsafe [-Wfloat-equal]
sv_main.c:1408:6: warning: no previous prototype for ‘SV_SendReconnect’ [-Wmissing-prototypes]
sv_main.c:1487:13: warning: comparing floating-point with ‘==’ or ‘!=’ is unsafe [-Wfloat-equal]
sv_main.c:1489:43: warning: implicit conversion from ‘float’ to ‘double’ to match other operand of binary expression [-Wdouble-promotion]
sv_main.c:1544:43: warning: comparing floating-point with ‘==’ or ‘!=’ is unsafe [-Wfloat-equal]
sv_main.c:1584:13: warning: comparing floating-point with ‘==’ or ‘!=’ is unsafe [-Wfloat-equal]
pr_exec.c:352:13: warning: comparing floating-point with ‘==’pr_exec.c:352:13: warning: comparing floating-point with ‘==’ or ‘!=’ is unsafe [-Wfloat-equal]
  459 |                 OPC->_float = OPA->pr_exec.c:459:43: warning: comparing floating-point with ‘==’pr_exec.c:459:43: warning: comparing floating-point with ‘==’ or ‘!=’ is unsafe [-Wfloat-equal]
  459 |                 OPC->_float = OPA->_float && Opr_exec.c:352:13: warning: comparing floating-point with ‘==’pr_exec.c:352:13: warning: comparing floating-point with ‘==’ or ‘!=’ is unsafe [-Wfloat-equal]
  462 |                 OPC->_float = OPA->pr_exec.c:462:43: warning: comparing floating-point with ‘==’pr_exec.c:462:43: warning: comparing floating-point with ‘==’ or ‘!=’ is unsafe [-Wfloat-equal]
  462 |                 OPC->_float = OPA->_float || Opr_exec.c:466:31: warning: comparing floating-point with ‘==’pr_exec.c:466:31: warning: comparing floating-point with ‘==’ or ‘!=’ is unsafe [-Wfloat-equal]
  466 |                 OPCpr_exec.c:469:31: warning: comparing floating-point with ‘==’pr_exec.c:469:31: warning: comparing floating-point with ‘==’ or ‘!=’ is unsafe [-Wfloat-equal]
  469 |                 OPC->_float = !OPA->vector[0] && !OPA->vectopr_exec.c:469:50: warning: comparing floating-point with ‘==’pr_exec.c:469:50: warning: comparing floating-point with ‘==’ or ‘!=’ is unsafe [-Wfloat-equal]
  469 |                 OPC->_float = !OPA->vector[0] && !OPA->vector[1] && !OPA->vectopr_exec.c:469:69: warning: comparing floating-point with ‘==’pr_exec.c:469:69: warning: comparing floating-point with ‘==’ or ‘!=’ is unsafe [-Wfloat-equal]
      |      pr_exec.c:482:43: warning: comparing floating-point with ‘==’pr_exec.c:482:43: warning: comparing floating-point with ‘==’ or ‘!=’ is unsafe [-Wfloat-equal]
  482 |                 OPC->_float = OPA->_float == Opr_exec.c:485:47: warning: comparing floating-point with ‘==’pr_exec.c:485:47: warning: comparing floating-point with ‘==’ or ‘!=’ is unsafe [-Wfloat-equal]
  485 |                 OPC->_float = (OPA->vector[0] == OPB->vectorpr_exec.c:486:47: warning: comparing floating-point with ‘==’pr_exec.c:486:47: warning: comparing floating-point with ‘==’ or ‘!=’ is unsafe [-Wfloat-equal]
  486 |                               (OPA->vector[1] == OPB->vectorpr_exec.c:487:47: warning: comparing floating-point with ‘==’pr_exec.c:487:47: warning: comparing floating-point with ‘==’ or ‘!=’ is unsafe [-Wfloat-equal]
  487 |                               (OPA->vector[2] == OPB->vectpr_exec.c:500:43: warning: comparing floating-point with ‘==’pr_exec.c:500:43: warning: comparing floating-point with ‘==’ or ‘!=’ is unsafe [-Wfloat-equal]
  500 |                 OPC->_float = OPA->_float != Opr_exec.c:503:47: warning: comparing floating-point with ‘==’pr_exec.c:503:47: warning: comparing floating-point with ‘==’ or ‘!=’ is unsafe [-Wfloat-equal]
  503 |                 OPC->_float = (OPA->vector[0] != OPB->vectorpr_exec.c:504:47: warning: comparing floating-point with ‘==’pr_exec.c:504:47: warning: comparing floating-point with ‘==’ or ‘!=’ is unsafe [-Wfloat-equal]
  504 |                               (OPA->vector[1] != OPB->vectorpr_exec.c:505:47: warning: comparing floating-point with ‘==’pr_exec.c:505:47: warning: comparing floating-point with ‘==’ or ‘!=’ is unsafe [-Wfloat-equal]
  505 |                               (OPA->vector[2] != OPB->vectpr_exec.c:555:45: warning: dereferencing type-punned pointer mighpr_exec.c:555:45: warning: dereferencing type-punned pointer might break strict-aliasing rules [-Wstrict-aliasing]
  555 |                 OPC->_int = (byte *)((int *)&ed->v + OPB->_int) - (byte *)sv.edpr_exec.c:567:48: warning: dereferencing type-punned pointer mighpr_exec.c:567:48: warning: dereferencing type-punned pointer might break strict-aliasing rules [-Wstrict-aliasing]
  567 |                 OPC->_int = ((eval_t *)((int *)&ed->v + OPB->_int))->_inpr_exec.c:575:41: warning: dereferencing type-punned pointer mighpr_exec.c:575:41: warning: dereferencing type-punned pointer might break strict-aliasing rules [-Wstrict-aliasing]
  575 |                 ptr = (eval_t *)((int *)&ed->v + OPpr_exec.c:640:58: warning: implicit conversion from ‘float’ tpr_exec.c:640:58: warning: implicit conversion from ‘float’ to ‘double’ to match other operand of binary expression [-Wdouble-promotion]
pr_edict.c:1380:36: warning: dereference of NULL ‘0’ [CWE-476pr_edict.c:1380:36: warning: dereference of NULL ‘0’ [CWE-476] [-Wanalyzer-null-dereference]
pr_edict.c:1389:28: warning: dereference of NULL ‘0’ [CWE-476] [-Wanalyzer-null-dereference]
sv_move.c:73:49: warning: implicit conversion from ‘vec_t’ {aka ‘float’} to ‘double’ to match other operand of binary expression [-Wdouble-promotion]
sv_move.c:74:49: warning: implicit conversion from ‘vec_t’ {aka ‘float’} to ‘double’ to match other operand of binary expression [-Wdouble-promotion]
sv_move.c:78:28: warning: comparing floating-point with ‘==’ or ‘!=’ is unsafe [-Wfloat-equal]
sv_move.c:78:28: warning: implicit conversion from ‘float’ to ‘double’ to match other operand of binary expression [-Wdouble-promotion]
sv_move.c:91:44: warning: comparing floating-point with ‘==’ sv_move.c:91:44: warning: comparing floating-point with ‘==’ or ‘!=’ is unsafe [-Wfloat-equal]
sv_move.c:91:44: warning: implicit conversion from ‘float’ to ‘double’ to match other operand of binary expression [-Wdouble-promotion]
sv_move.c:93:44: warning: comparing floating-point with ‘==’ or ‘!=’ is unsafe [-Wfloat-equal]
sv_move.c:93:44: warning: implicit conversion from ‘float’ to ‘double’ to match other operand of binary expression [-Wdouble-promotion]
sv_move.c:142:44: warning: comparing floating-point with ‘==’ or ‘!=’ is unsafe [-Wfloat-equal]
sv_move.c:177:28: warning: comparing floating-point with ‘==’ or ‘!=’ is unsafe [-Wfloat-equal]
sv_move.c:235:10: warning: no previous prototype for ‘SV_StepDisv_move.c:235:10: warning: no previous prototype for ‘SV_StepDirection’ [-Wmissing-prototypes]
sv_move.c:243:18: warning: implicit conversion from ‘float’ tsv_move.c:243:18: warning: implicit conversion from ‘float’ to ‘double’ to match other operand of binary expression [-Wdouble-promotion]
  sv_move.c:244:27: warning: implicit conversion from ‘float’ tsv_move.c:244:27: warning: implicit conversion from ‘float’ to ‘double’ to match other operand of binary expression [-Wdouble-promotion]
  244 |     sv_move.c:245:27: warning: implicit conversion from ‘float’ tsv_move.c:245:27: warning: implicit conversion from ‘float’ to ‘double’ to match other operand of binary expression [-Wdouble-promotion]
sv_move.c:270:6: warning: no previous prototype for ‘SV_FixChecsv_move.c:270:6: warning: no previous prototype for ‘SV_FixCheckBottom’ [-Wmissing-prototypes]
  270 | voidsv_move.c:284:6: warning: no previous prototype for ‘SV_NewChassv_move.c:284:6: warning: no previous prototype for ‘SV_NewChaseDir’ [-Wmissing-prototypes]
sv_move.c:309:18: warning: comparing floating-point with ‘==’sv_move.c:309:18: warning: comparing floating-point with ‘==’ or ‘!=’ is unsafe [-Wfloat-equal]
  309 |         if (dsv_move.c:309:38: warning: comparing floating-point with ‘==’sv_move.c:309:38: warning: comparing floating-point with ‘==’ or ‘!=’ is unsafe [-Wfloat-equal]
  309 |         if (d[1] != DI_NODIR && dsv_move.c:311:26: warning: comparing floating-point with ‘==’sv_move.c:311:26: warning: comparing floating-point with ‘==’ or ‘!=’ is unsafe [-Wfloat-equal]
  311 |   sv_move.c:312:37: warning: comparing floating-point with ‘==’sv_move.c:312:37: warning: comparing floating-point with ‘==’ or ‘!=’ is unsafe [-Wfloat-equal]
  312 |                         tdir = d[2] sv_move.c:314:37: warning: comparing floating-point with ‘==’sv_move.c:314:37: warning: comparing floating-point with ‘==’ or ‘!=’ is unsafe [-Wfloat-equal]
  314 |                         tdir = d[2] =sv_move.c:316:26: warning: comparing floating-point with ‘==’sv_move.c:316:26: warning: comparing floating-point with ‘==’ or ‘!=’ is unsafe [-Wfloat-equal]
  316 |                 if (tdir != turnaround && SV_StepDsv_move.c:328:17: warning: comparing floating-point with ‘==’sv_move.c:328:17: warning: comparing floating-point with ‘==’ or ‘!=’ is unsafe [-Wfloat-equal]
  328 |         isv_move.c:328:35: warning: comparing floating-point with ‘==’sv_move.c:328:35: warning: comparing floating-point with ‘==’ or ‘!=’ is unsafe [-Wfloat-equal]
  328 |         if (d[1]!=DI_NODIR sv_move.c:332:17: warning: comparing floating-point with ‘==’sv_move.c:332:17: warning: comparing floating-point with ‘==’ or ‘!=’ is unsafe [-Wfloat-equal]
  332 |         isv_move.c:332:35: warning: comparing floating-point with ‘==’sv_move.c:332:35: warning: comparing floating-point with ‘==’ or ‘!=’ is unsafe [-Wfloat-equal]
  332 |         if (d[2]!=DI_NODIR sv_move.c:338:19: warning: comparing floating-point with ‘==’sv_move.c:338:19: warning: comparing floating-point with ‘==’ or ‘!=’ is unsafe [-Wfloat-equal]
  338 |         if (olddir!=DI_NODIR && SV_sv_move.c:344:33: warning: comparing floating-point with ‘==’sv_move.c:344:33: warning: comparing floating-point with ‘==’ or ‘!=’ is unsafe [-Wfloat-equal]
  344 |                         if (tdir!=turnaround && SV_StepDirectionsv_move.c:350:33: warning: comparing floating-point with ‘==’sv_move.c:350:33: warning: comparing floating-point with ‘==’ or ‘!=’ is unsafe [-Wfloat-equal]
  350 |                         if (tdir!=turnaround && SV_StepDirectionsv_move.c:354:24: warning: comparing floating-point with ‘==’sv_move.c:354:24: warning: comparing floating-point with ‘==’ or ‘!=’ is unsafe [-Wfloat-equal]
sv_move.c:373:10: warning: no previous prototype for ‘SV_CloseEsv_move.c:373:10: warning: no previous prototype for ‘SV_CloseEnough’ [-Wmissing-prototypes]
sv_phys.c:44:1: warning: missing initializer for field ‘value’ of ‘cvar_t’ {aka ‘struct cvar_s’} [-Wmissing-field-initializers]
sv_phys.c:45:1: warning: missing initializer for field ‘value’ of ‘cvar_t’ {aka ‘struct cvar_s’} [-Wmissing-field-initializers]
sv_phys.c:46:1: warning: missing initializer for field ‘value’ of ‘cvar_t’ {aka ‘struct cvar_s’} [-Wmissing-field-initializers]
sv_phys.c:47:1: warning: missing initializer for field ‘value’ of ‘cvar_t’ {aka ‘struct cvar_s’} [-Wmissing-field-initializers]
sv_phys.c:48:1: warning: missing initializer for field ‘value’ of ‘cvar_t’ {aka ‘struct cvar_s’} [-Wmissing-field-initializers]
sv_phys.c:49:1: warning: missing initializer for field ‘value’ of ‘cvar_t’ {aka ‘struct cvar_s’} [-Wmissing-field-initializers]
sv_phys.c:61:6: warning: no previous prototype for ‘SV_CheckAllEnts’ [-Wmissing-prototypes]
sv_phys.c:72:39: warning: comparing floating-point with ‘==’ or ‘!=’ is unsafe [-Wfloat-equal]
sv_phys.c:73:38: warning: comparing floating-point with ‘==’ or ‘!=’ is unsafe [-Wfloat-equal]
sv_phys.c:74:38: warning: comparing floating-point with ‘==’ or ‘!=’ is unsafe [-Wfloat-equal]
sv_phys.c:87:6: warning: no previous prototype for ‘SV_CheckVelocity’ [-Wmissing-prototypes]
sv_phys.c:123:10: warning: no previous prototype for ‘SV_RunThink’ [-Wmissing-prototypes]
sv_phys.c:128:41: warning: implicit conversion from ‘float’ to ‘double’ to match other operand of binary expression [-Wdouble-promotion]
sv_phys.c:131:23: warning: implicit conversion from ‘float’ to ‘double’ to match other operand of binary expression [-Wdouble-promotion]
sv_phys.c:155:6: warning: no previous prototype for ‘SV_Impact’ [-Wmissing-prototypes]
sv_phys.c:163:40: warning: comparing floating-point with ‘==’ or ‘!=’ is unsafe [-Wfloat-equal]
sv_phys.c:170:40: warning: comparing floating-point with ‘==’ or ‘!=’ is unsafe [-Wfloat-equal]
sv_phys.c:192:5: warning: no previous prototype for ‘ClipVelocity’ [-Wmissing-prototypes]
sv_phys.c:201:13: warning: comparing floating-point with ‘==’ or ‘!=’ is unsafe [-Wfloat-equal]
sv_phys.c:210:28: warning: implicit conversion from ‘vec_t’ {aka ‘float’} to ‘double’ to match other operand of binary expression [-Wdouble-promotion]
sv_phys.c:210:54: warning: implicit conversion from ‘vec_t’ {aka ‘float’} to ‘double’ to match other operand of binary expression [-Wdouble-promotion]
sv_phys.c:231:5: warning: no previous prototype for ‘SV_FlyMove’ [-Wmissing-prototypes]
sv_phys.c:256:21: warning: comparing floating-point with ‘==’ or ‘!=’ is unsafe [-Wfloat-equal]
sv_phys.c:256:44: warning: comparing floating-point with ‘==’ or ‘!=’ is unsafe [-Wfloat-equal]
sv_phys.c:256:67: warning: comparing floating-point with ‘==’ or ‘!=’ is unsafe [-Wfloat-equal]
sv_phys.c:277:36: warning: comparing floating-point with ‘==’ or ‘!=’ is unsafe [-Wfloat-equal]
sv_phys.c:283:43: warning: implicit conversion from ‘vec_t’ {aka ‘float’} to ‘double’ to match other operand of binary expression [-Wdouble-promotion]
sv_phys.c:286:48: warning: comparing floating-point with ‘==’ or ‘!=’ is unsafe [-Wfloat-equal]
sv_phys.c:292:21: warning: comparing floating-point with ‘==’ or ‘!=’ is unsafe [-Wfloat-equal]
sv_phys.c:373:6: warning: no previous prototype for ‘SV_AddGravity’ [-Wmissing-prototypes]
sv_phys.c:379:17: warning: comparing floating-point with ‘==’sv_phys.c:379:17: warning: comparing floating-point with ‘==’ or ‘!=’ is unsafe [-Wfloat-equal]
sv_phys.c:384:62: warning: implicit conversion from ‘float’ to ‘double’ to match other operand of binary expression [-Wdouble-promotion]
sv_phys.c:384:28: warning: implicit conversion from ‘vec_t’ {aka ‘float’} to ‘double’ to match other operand of binary expression [-Wdouble-promotion]
sv_phys.c:403:9: warning: no previous prototype for ‘SV_PushEntity’ [-Wmissing-prototypes]
sv_phys.c:410:29: warning: comparing floating-point with ‘==’ or ‘!=’ is unsafe [-Wfloat-equal]
sv_phys.c:412:31: warning: comparing floating-point with ‘==’ or ‘!=’ is unsafe [-Wfloat-equal]
sv_phys.c:412:64: warning: comparing floating-point with ‘==’ or ‘!=’ is unsafe [-Wfloat-equal]
sv_phys.c:433:6: warning: no previous prototype for ‘SV_PushMove’ [-Wmissing-prototypes]
sv_phys.c:445:13: warning: comparing floating-point with ‘==’ or ‘!=’ is unsafe [-Wfloat-equal]
sv_phys.c:445:39: warning: comparing floating-point with ‘==’ or ‘!=’ is unsafe [-Wfloat-equal]
sv_phys.c:445:65: warning: comparing floating-point with ‘==’ or ‘!=’ is unsafe [-Wfloat-equal]
sv_phys.c:479:39: warning: comparing floating-point with ‘==’ or ‘!=’ is unsafe [-Wfloat-equal]
sv_phys.c:480:38: warning: comparing floating-point with ‘==’ or ‘!=’ is unsafe [-Wfloat-equal]
sv_phys.c:481:38: warning: comparing floating-point with ‘==’ or ‘!=’ is unsafe [-Wfloat-equal]
sv_phys.c:502:39: warning: comparing floating-point with ‘==’ or ‘!=’ is unsafe [-Wfloat-equal]
sv_phys.c:513:34: warning: comparing floating-point with ‘==’ or ‘!=’ is unsafe [-Wfloat-equal]
sv_phys.c:514:38: warning: comparing floating-point with ‘==’ or ‘!=’ is unsafe [-Wfloat-equal]
sv_phys.c:515:38: warning: comparing floating-point with ‘==’ or ‘!=’ is unsafe [-Wfloat-equal]
sv_phys.c:526:46: warning: comparing floating-point with ‘==’ or ‘!=’ is unsafe [-Wfloat-equal]
sv_phys.c:528:44: warning: comparing floating-point with ‘==’ or ‘!=’ is unsafe [-Wfloat-equal]
sv_phys.c:528:75: warning: comparing floating-point with ‘==’ or ‘!=’ is unsafe [-Wfloat-equal]
sv_phys.c:572:6: warning: no previous prototype for ‘SV_Physics_Pusher’ [-Wmissing-prototypes]
sv_phys.c:581:38: warning: implicit conversion from ‘float’ to ‘double’ to match other operand of binary expression [-Wdouble-promotion]
sv_phys.c:581:23: warning: implicit conversion from ‘float’ to ‘double’ to match other operand of binary expression [-Wdouble-promotion]
sv_phys.c:590:13: warning: comparing floating-point with ‘==’ or ‘!=’ is unsafe [-Wfloat-equal]
sv_phys.c:625:6: warning: no previous prototype for ‘SV_CheckStuck’ [-Wmissing-prototypes]
sv_phys.c:671:10: warning: no previous prototype for ‘SV_CheckWater’ [-Wmissing-prototypes]
sv_phys.c:687:80: warning: implicit conversion from ‘vec_t’ {aka ‘float’} to ‘double’ to match other operand of binary expression [-Wdouble-promotion]
sv_phys.c:687:45: warning: implicit conversion from ‘vec_t’ {aka ‘float’} to ‘double’ to match other operand of binary expression [-Wdouble-promotion]
sv_phys.c:708:6: warning: no previous prototype for ‘SV_WallFriction’ [-Wmissing-prototypes]
sv_phys.c:717:11: warning: implicit conversion from ‘float’ to ‘double’ to match other operand of binary expression [-Wdouble-promotion]
sv_phys.c:742:5: warning: no previous prototype for ‘SV_TryUnstick’ [-Wmissing-prototypes]
sv_phys.c:799:6: warning: no previous prototype for ‘SV_WalkMove’ [-Wmissing-prototypes]
sv_phys.c:822:47: warning: comparing floating-point with ‘==’ or ‘!=’ is unsafe [-Wfloat-equal]
sv_phys.c:825:29: warning: comparing floating-point with ‘==’ or ‘!=’ is unsafe [-Wfloat-equal]
sv_phys.c:828:13: warning: comparing floating-point with ‘==’ or ‘!=’ is unsafe [-Wfloat-equal]
sv_phys.c:845:44: warning: implicit conversion from ‘vec_t’ {aka ‘float’} to ‘double’ to match other operand of binary expression [-Wdouble-promotion]
sv_phys.c:874:39: warning: implicit conversion from ‘vec_t’ {aka ‘float’} to ‘double’ to match other operand of binary expression [-Wdouble-promotion]
sv_phys.c:876:34: warning: comparing floating-point with ‘==’ or ‘!=’ is unsafe [-Wfloat-equal]
sv_phys.c:900:6: warning: no previous prototype for ‘SV_Physics_Client’ [-Wmissing-prototypes]
sv_phys.c:977:6: warning: no previous prototype for ‘SV_Physics_None’ [-Wmissing-prototypes]
sv_phys.c:990:6: warning: no previous prototype for ‘SV_Physics_Noclip’ [-Wmissing-prototypes]
sv_phys.c:1016:6: warning: no previous prototype for ‘SV_CheckWaterTransition’ [-Wmissing-prototypes]
sv_phys.c:1022:13: warning: comparing floating-point with ‘==’ or ‘!=’ is unsafe [-Wfloat-equal]
sv_phys.c:1031:38: warning: comparing floating-point with ‘==’ or ‘!=’ is unsafe [-Wfloat-equal]
sv_phys.c:1040:38: warning: comparing floating-point with ‘==’ or ‘!=’ is unsafe [-Wfloat-equal]
sv_phys.c:1073:29: warning: comparing floating-point with ‘==’ or ‘!=’ is unsafe [-Wfloat-equal]
sv_phys.c:1074:28: warning: comparing floating-point with ‘==’ or ‘!=’ is unsafe [-Wfloat-equal]
sv_phys.c:1083:28: warning: comparing floating-point with ‘==’ or ‘!=’ is unsafe [-Wfloat-equal]
sv_phys.c:1088:29: warning: comparing floating-point with ‘==’ or ‘!=’ is unsafe [-Wfloat-equal]
sv_phys.c:1096:35: warning: implicit conversion from ‘vec_t’ {aka ‘float’} to ‘double’ to match other operand of binary expression [-Wdouble-promotion]
sv_phys.c:1098:64: warning: comparing floating-point with ‘==’ or ‘!=’ is unsafe [-Wfloat-equal]
sv_phys.c:1130:6: warning: no previous prototype for ‘SV_Physics_Step’ [-Wmissing-prototypes]
sv_phys.c:1137:58: warning: implicit conversion from ‘float’ to ‘double’ to match other operand of binary expression [-Wdouble-promotion]
sv_phys.c:1137:40: warning: implicit conversion from ‘vec_t’ {aka ‘float’} to ‘double’ to match other operand of binary expression [-Wdouble-promotion]
sv_phys.c:1188:13: warning: comparing floating-point with ‘==’ or ‘!=’ is unsafe [-Wfloat-equal]
sv_phys.c:1199:21: warning: comparing floating-point with ‘==’ or ‘!=’ is unsafe [-Wfloat-equal]
sv_phys.c:1206:42: warning: comparing floating-point with ‘==’ or ‘!=’ is unsafe [-Wfloat-equal]
sv_phys.c:1208:42: warning: comparing floating-point with ‘==’ or ‘!=’ is unsafe [-Wfloat-equal]
sv_phys.c:1210:42: warning: comparing floating-point with ‘==’ or ‘!=’ is unsafe [-Wfloat-equal]
sv_phys.c:1212:42: warning: comparing floating-point with ‘==’ or ‘!=’ is unsafe [-Wfloat-equal]
sv_phys.c:1214:42: warning: comparing floating-point with ‘==’ or ‘!=’ is unsafe [-Wfloat-equal]
sv_phys.c:1215:36: warning: comparing floating-point with ‘==’ or ‘!=’ is unsafe [-Wfloat-equal]
sv_phys.c:1216:36: warning: comparing floating-point with ‘==’ or ‘!=’ is unsafe [-Wfloat-equal]
sv_phys.c:1217:36: warning: comparing floating-point with ‘==’ or ‘!=’ is unsafe [-Wfloat-equal]
sv_phys.c:1218:36: warning: comparing floating-point with ‘==’ or ‘!=’ is unsafe [-Wfloat-equal]
sv_phys.c:1227:52: warning: implicit conversion from ‘float’ to ‘double’ to match other operand of binary expression [-Wdouble-promotion]
sv_phys.c:1227:82: warning: comparing floating-point with ‘==’ or ‘!=’ is unsafe [-Wfloat-equal]
sv_phys.c:1227:118: warning: comparing floating-point with ‘==’ or ‘!=’ is unsafe [-Wfloat-equal]
sv_phys.c:1227:151: warning: comparing floating-point with ‘==’ or ‘!=’ is unsafe [-Wfloat-equal]
mathlib.h:53:40: warning: implicit conversion from ‘float’ to ‘double’ to match other operand of binary expression [-Wdouble-promotion]
mathlib.h:53:59: warning: implicit conversion from ‘float’ to ‘double’ to match other operand of binary expression [-Wdouble-promotion]
sv_phys.c:1236:13: warning: comparing floating-point with ‘==’ or ‘!=’ is unsafe [-Wfloat-equal]
sv_phys.c:1239:13: warning: comparing floating-point with ‘==’ or ‘!=’ is unsafe [-Wfloat-equal]
sv_user.c:44:1: warning: missing initializer for field ‘value’ of ‘cvar_t’ {aka ‘struct cvar_s’} [-Wmissing-field-initializers]
sv_user.c:64:45: warning: implicit conversion from ‘vec_t’ {aka ‘float’} to ‘double’ to match other operand of binary expression [-Wdouble-promotion]
sv_user.c:82:33: warning: comparing floating-point with ‘==’ or ‘!=’ is unsafe [-Wfloat-equal]
sv_user.c:121:6: warning: no previous prototype for ‘SV_UserFriction’ [-Wmissing-prototypes]
sv_user.c:132:13: warning: comparing floating-point with ‘==’ or ‘!=’ is unsafe [-Wfloat-equal]
sv_user.c:143:28: warning: comparing floating-point with ‘==’ or ‘!=’ is unsafe [-Wfloat-equal]
sv_user.c:143:28: warning: implicit conversion from ‘float’ to ‘double’ to match other operand of binary expression [-Wdouble-promotion]
sv_user.c:150:42: warning: implicit conversion from ‘float’ to ‘double’ to match other operand of binary expression [-Wdouble-promotion]
sv_user.c:150:50: warning: implicit conversion from ‘float’ to ‘double’ to match other operand of binary expression [-Wdouble-promotion]
sv_user.c:150:26: warning: implicit conversion from ‘float’ to ‘double’ to match other operand of binary expression [-Wdouble-promotion]
sv_user.c:166:1: warning: missing initializer for field ‘value’ of ‘cvar_t’ {aka ‘struct cvar_s’} [-Wmissing-field-initializers]
sv_user.c:167:1: warning: missing initializer for field ‘value’ of ‘cvar_t’ {aka ‘struct cvar_s’} [-Wmissing-field-initializers]
sv_user.c:168:6: warning: no previous prototype for ‘SV_Accelerate’ [-Wmissing-prototypes]
sv_user.c:177:41: warning: implicit conversion from ‘float’ to ‘double’ to match other operand of binary expression [-Wdouble-promotion]
sv_user.c:177:56: warning: implicit conversion from ‘float’ to ‘double’ to match other operand of binary expression [-Wdouble-promotion]
sv_user.c:185:6: warning: no previous prototype for ‘SV_AirAccelerate’ [-Wmissing-prototypes]
sv_user.c:198:52: warning: implicit conversion from ‘float’ to ‘double’ to match other operand of binary expression [-Wdouble-promotion]
sv_user.c:207:6: warning: no previous prototype for ‘DropPunchAngle’ [-Wmissing-prototypes]
sv_user.c:213:13: warning: implicit conversion from ‘float’ to ‘double’ to match other operand of binary expression [-Wdouble-promotion]
sv_user.c:225:6: warning: no previous prototype for ‘SV_WaterMove’ [-Wmissing-prototypes]
sv_user.c:239:13: warning: comparing floating-point with ‘==’ or ‘!=’ is unsafe [-Wfloat-equal]
sv_user.c:239:33: warning: comparing floating-point with ‘==’ or ‘!=’ is unsafe [-Wfloat-equal]
sv_user.c:239:50: warning: comparing floating-point with ‘==’ or ‘!=’ is unsafe [-Wfloat-equal]
sv_user.c:250:19: warning: implicit conversion from ‘float’ to ‘double’ to match other operand of binary expression [-Wdouble-promotion]
sv_user.c:256:13: warning: comparing floating-point with ‘==’ or ‘!=’ is unsafe [-Wfloat-equal]
sv_user.c:258:51: warning: implicit conversion from ‘float’ to ‘double’ to match other operand of binary expression [-Wdouble-promotion]
sv_user.c:258:59: warning: implicit conversion from ‘float’ to ‘double’ to match other operand of binary expression [-Wdouble-promotion]
sv_user.c:258:34: warning: implicit conversion from ‘float’ to ‘double’ to match other operand of binary expression [-Wdouble-promotion]
sv_user.c:269:13: warning: comparing floating-point with ‘==’ or ‘!=’ is unsafe [-Wfloat-equal]
sv_user.c:277:54: warning: implicit conversion from ‘float’ to ‘double’ to match other operand of binary expression [-Wdouble-promotion]
sv_user.c:285:6: warning: no previous prototype for ‘SV_WaterJump’ [-Wmissing-prototypes]
sv_user.c:287:21: warning: implicit conversion from ‘float’ to ‘double’ to match other operand of binary expression [-Wdouble-promotion]
sv_user.c:288:12: warning: comparing floating-point with ‘==’ or ‘!=’ is unsafe [-Wfloat-equal]
sv_user.c:304:6: warning: no previous prototype for ‘SV_NoclipMove’ [-Wmissing-prototypes]
sv_user.c:325:6: warning: no previous prototype for ‘SV_AirMove’ [-Wmissing-prototypes]
sv_user.c:338:21: warning: implicit conversion from ‘float’ to ‘double’ to match other operand of binary expression [-Wdouble-promotion]
sv_user.c:357:36: warning: comparing floating-point with ‘==’ or ‘!=’ is unsafe [-Wfloat-equal]
sv_user.c:384:35: warning: comparing floating-point with ‘==’ or ‘!=’ is unsafe [-Wfloat-equal]
sv_user.c:408:13: warning: comparing floating-point with ‘==’ or ‘!=’ is unsafe [-Wfloat-equal]
sv_user.c:423:35: warning: comparing floating-point with ‘==’ or ‘!=’ is unsafe [-Wfloat-equal]
sv_user.c:423:54: warning: comparing floating-point with ‘==’ or ‘!=’ is unsafe [-Wfloat-equal]
sv_user.c:425:72: warning: comparing floating-point with ‘==’ or ‘!=’ is unsafe [-Wfloat-equal]
sv_user.c:438:6: warning: no previous prototype for ‘SV_ReadClientMove’ [-Wmissing-prototypes]
sv_user.c:446:27: warning: implicit conversion from ‘float’ to ‘double’ to match other operand of binary expression [-Wdouble-promotion]
sv_user.c:482:10: warning: no previous prototype for ‘SV_ReadClientMessage’ [-Wmissing-prototypes]
world.c:71:6: warning: no previous prototype for ‘SV_InitBoxHulworld.c:71:6: warning: no previous prototype for ‘SV_InitBoxHull’ [-Wmissing-prototypesworld.c:108:10: warning: no previous prototype for ‘SV_HullForBworld.c:108:10: warning: no previous prototype for ‘SV_HullForBox’ [-Wmissing-prototypes]
  108 | hull_t  *SV_Hullworld.c:132:9: warning: no previous prototype for ‘SV_HullForEnworld.c:132:9: warning: no previous prototype for ‘SV_HullForEntity’ [-Wmissing-prototypes]
world.c:140:26: warning: comparing floating-point with ‘==’ oworld.c:140:26: warning: comparing floating-point with ‘==’ or ‘!=’ is unsafe [-Wfloat-equal]
  140 |         ifworld.c:142:37: warning: comparing floating-point with ‘==’ oworld.c:142:37: warning: comparing floating-point with ‘==’ or ‘!=’ is unsafe [-Wfloat-equal]
  142 |                 if (ent->v.movetype world.c:144:82: warning: implicit conversion from ‘vec_t’ {akworld.c:144:82: warning: implicit conversion from ‘vec_t’ {aka ‘float’} to ‘double’ when passing argument to function [-Wdouble-promotion]
      |                     world.c:144:100: warning: implicit conversion from ‘vec_t’ {aworld.c:144:100: warning: implicit conversion from ‘vec_t’ {aka ‘float’} to ‘double’ when passing argument to function [-Wdouble-promotion]
      |                                       world.c:144:118: warning: implicit conversion from ‘vec_t’ {aworld.c:144:118: warning: implicit conversion from ‘vec_t’ {aka ‘float’} to ‘double’ when passing argument to function [-Wdouble-promotion]
      |                                                         world.c:150:82: warning: implicit conversion from ‘vec_t’ {akworld.c:150:82: warning: implicit conversion from ‘vec_t’ {aka ‘float’} to ‘double’ when passing argument to function [-Wdouble-promotion]
      |                     world.c:150:100: warning: implicit conversion from ‘vec_t’ {aworld.c:150:100: warning: implicit conversion from ‘vec_t’ {aka ‘float’} to ‘double’ when passing argument to function [-Wdouble-promotion]
      |                                       world.c:150:118: warning: implicit conversion from ‘vec_t’ {aworld.c:150:118: warning: implicit conversion from ‘vec_t’ {aka ‘float’} to ‘double’ when passing argument to function [-Wdouble-promotion]
world.c:207:13: warning: no previous prototype for ‘SV_CreateArworld.c:207:13: warning: no previous prototype for ‘SV_CreateAreaNode’ [-Wmissing-prototypes]
world.c:232:27: warning: implicit conversion from ‘vec_t’ {akworld.c:232:27: warning: implicit conversion from ‘vec_t’ {aka ‘float’} to ‘double’ to match other operand of binary expression [-Wdouble-promotion]
world.c:298:55: warning: comparing floating-point with ‘==’ oworld.c:298:55: warning: comparing floating-point with ‘==’ or ‘!=’ is unsafe [-Wfloat-equal]
world.c:335:6: warning: no previous prototype for ‘SV_TouchLinkworld.c:335:6: warning: no previous prototype for ‘SV_TouchLinks’ [-Wmissing-prototypes]
world.c:356:55: warning: comparing floating-point with ‘==’ oworld.c:356:55: warning: comparing floating-point with ‘==’ or ‘!=’ is unsafe [-Wfloat-equal]
world.c:388:6: warning: no previous prototype for ‘SV_FindTouchworld.c:388:6: warning: no previous prototype for ‘SV_FindTouchedLeafs’ [-Wmissing-prototypes]
world.c:473:13: warning: comparing floating-point with ‘==’ oworld.c:473:13: warning: comparing floating-point with ‘==’ or ‘!=’ is unsafe [-Wfloat-equalworld.c:476:26: warning: comparing floating-point with ‘==’ oworld.c:476:26: warning: comparing floating-point with ‘==’ or ‘!=’ is unsafe [-Wfloat-equal]
  476 |         ifworld.c:495:26: warning: comparing floating-point with ‘==’ oworld.c:495:26: warning: comparing floating-point with ‘==’ or ‘!=’ is unsafe [-Wfloat-equal]
                 fmathlib.h:56:55: warning: implicit conversion from ‘vec_t’ {amathlib.h:56:55: warning: implicit conversion from ‘vec_t’ {aka ‘float’} to ‘double’ to match other operand of binary expression [-Wdouble-promotion]
  538 |                         d = DoublePrecisionDotProduct (plane->normal, p) - plane->dismathlib.h:56:77: warning: implicit conversion from ‘vec_t’ {amathlib.h:56:77: warning: implicit conversion from ‘vec_t’ {aka ‘float’} to ‘double’ to match other operand of binary expression [-Wdouble-promotion]
  538 |                         d = DoublePrecisionDotProduct (plane->normal, p) - plane->dismathlib.h:56:99: warning: implicit conversion from ‘vec_t’ {amathlib.h:56:99: warning: implicit conversion from ‘vec_t’ {aka ‘float’} to ‘double’ to match other operand of binary expression [-Wdouble-promotion]
  538 |                         d = DoublePrecisionDotProduct (plane->normal, p) - plane->disworld.c:538:74: warning: implicit conversion from ‘float’ to world.c:538:74: warning: implicit conversion from ‘float’ to ‘double’ to match other operand of binary expression [-Wdouble-promotion]
mathlib.h:56:55: warning: implicit conversion from ‘vec_t’ {amathlib.h:56:55: warning: implicit conversion from ‘vec_t’ {aka ‘float’} to ‘double’ to match other operand of binary expression [-Wdouble-promotion]
  649 |                 t1 = DoublePrecisionDotProduct (plane->normal, p1) - plamathlib.h:56:77: warning: implicit conversion from ‘vec_t’ {amathlib.h:56:77: warning: implicit conversion from ‘vec_t’ {aka ‘float’} to ‘double’ to match other operand of binary expression [-Wdouble-promotion]
  649 |                 t1 = DoublePrecisionDotProduct (plane->normal, p1) - plamathlib.h:56:99: warning: implicit conversion from ‘vec_t’ {amathlib.h:56:99: warning: implicit conversion from ‘vec_t’ {aka ‘float’} to ‘double’ to match other operand of binary expression [-Wdouble-promotion]
  649 |                 t1 = DoublePrecisionDotProduct (plane->normal, p1) - plaworld.c:649:68: warning: implicit conversion from ‘float’ to world.c:649:68: warning: implicit conversion from ‘float’ to ‘double’ to match other operand of binary expression [-Wdouble-promotion]
      |     mathlib.h:56:55: warning: implicit conversion from ‘vec_t’ {amathlib.h:56:55: warning: implicit conversion from ‘vec_t’ {aka ‘float’} to ‘double’ to match other operand of binary expression [-Wdouble-promotion]
  650 |                 t2 = DoublePrecisionDotProduct (plane->normal, p2) - plamathlib.h:56:77: warning: implicit conversion from ‘vec_t’ {amathlib.h:56:77: warning: implicit conversion from ‘vec_t’ {aka ‘float’} to ‘double’ to match other operand of binary expression [-Wdouble-promotion]
  650 |                 t2 = DoublePrecisionDotProduct (plane->normal, p2) - plamathlib.h:56:99: warning: implicit conversion from ‘vec_t’ {amathlib.h:56:99: warning: implicit conversion from ‘vec_t’ {aka ‘float’} to ‘double’ to match other operand of binary expression [-Wdouble-promotion]
  650 |                 t2 = DoublePrecisionDotProduct (plane->normal, p2) - plaworld.c:650:68: warning: implicit conversion from ‘float’ to world.c:650:68: warning: implicit conversion from ‘float’ to ‘double’ to match other operand of binary expression [-Wdouble-promotion]
      |     world.c:667:28: warning: implicit conversion from ‘float’ to world.c:667:28: warning: implicit conversion from ‘float’ to ‘double’ to match other operand of binary expression [-Wdouble-promotion]
  667 |                 frac = (world.c:667:43: warning: implicit conversion from ‘float’ to world.c:667:43: warning: implicit conversion from ‘float’ to ‘double’ to match other operand of binary expression [-Wdouble-promotion]
  667 |                 frac = (t1 + DIST_EPSILworld.c:669:28: warning: implicit conversion from ‘float’ to world.c:669:28: warning: implicit conversion from ‘float’ to ‘double’ to match other operand of binary expression [-Wdouble-promotion]
  669 |                 frac = (world.c:669:43: warning: implicit conversion from ‘float’ to world.c:669:43: warning: implicit conversion from ‘float’ to ‘double’ to match other operand of binary expression [-Wdouble-promotion]
  669 |                 frac = (t1 - DIST_EPSILworld.c:719:22: warning: implicit conversion from ‘float’ to world.c:719:22: warning: implicit conversion from ‘float’ to ‘double’ to match other operand of binary expression [-Wdouble-promotion]
world.c:747:9: warning: no previous prototype for ‘SV_ClipMoveTworld.c:747:9: warning: no previous prototype for ‘SV_ClipMoveToEntity’ [-Wmissing-prototypes]
world.c:770:28: warning: comparing floating-point with ‘==’ oworld.c:770:28: warning: comparing floating-point with ‘==’ or ‘!=’ is unsafe [-Wfloat-equal]
world.c:789:6: warning: no previous prototype for ‘SV_ClipToLinworld.c:789:6: warning: no previous prototype for ‘SV_ClipToLinks’ [-Wmissing-prototypes]
world.c:800:36: warning: comparing floating-point with ‘==’ oworld.c:800:36: warning: comparing floating-point with ‘==’ or ‘!=’ is unsafe [-Wfloat-equal]
  800 |                 if (touch->v.sworld.c:804:36: warning: comparing floating-point with ‘==’ oworld.c:804:36: warning: comparing floating-point with ‘==’ or ‘!=’ is unsafe [-Wfloat-equal]
  804 |                 if (touch->v.solidworld.c:807:69: warning: comparing floating-point with ‘==’ oworld.c:807:69: warning: comparing floating-point with ‘==’ or ‘!=’ is unsafe [-Wfloat-equal]
      |       world.c:818:37: warning: comparing floating-point with ‘==’ oworld.c:818:37: warning: comparing floating-point with ‘==’ or ‘!=’ is unsafe [-Wfloat-equal]
  818 |                 if (clip->passedict && clip->passedict->v.size[0] && !world.c:818:70: warning: comparing floating-point with ‘==’ oworld.c:818:70: warning: comparing floating-point with ‘==’ or ‘!=’ is unsafe [-Wfloat-equal]
world.c:868:6: warning: no previous prototype for ‘SV_MoveBoundworld.c:868:6: warning: no previous prototype for ‘SV_MoveBounds’ [-Wmissing-prototypes]
  868 | void SV_MoveBounds (vec3_t start, vec3_t mins, vec3_t maxs, vec3_tzone.c:262:6: warning: no previous prototype for ‘Z_Print’ [-zone.c:262:6: warning: no previous prototype for ‘Z_Print’ [-Wmissing-prototyzone.c:335:6: warning: no previous prototype for ‘Hunk_Print’zone.c:335:6: warning: no previous prototype for ‘Hunk_Print’ [-Wmissing-prototypes]
zone.c:418:6: warning: no previous prototype for ‘Hunk_Print_f’ [-Wmissing-prototypes]
zone.c:613:6: warning: no previous prototype for ‘Cache_Move’ [-Wmissing-prototypes]
zone.c:688:6: warning: no previous prototype for ‘Cache_UnlinkLRU’ [-Wmissing-prototypes]
zone.c:699:6: warning: no previous prototype for ‘Cache_MakeLRU’ [-Wmissing-prototypes]
zone.c:809:6: warning: no previous prototype for ‘Cache_Print’ [-Wmissing-prototypes]
zone.c:827:98: warning: implicit conversion from ‘float’ to ‘double’ when passing argument to function [-Wdouble-promotion]
zone.c:836:6: warning: no previous prototype for ‘Cache_Init’ [-Wmissing-prcc -DNDEBUG -c -Wall -Wno-trigraphs -MMD  -O2 -fweb -frename-regicc -DNDEBUG -c -Wall -Wno-trigraphs -MMD  -O2 -fweb -frename-registers -DUSE_SDL2 -DUSE_CODEC_WAVE -DUSE_CODEC_VORBIS  -Wall -Wextra -Wshadow -Wstrict-prototypes -Wmissing-prototypes -Wpointer-arith -Wcast-align -Wwrite-strings -Wundef -Wfloat-equal -Wnull-dereference -Wdouble-promotion -Wlogical-op -Wduplicated-cond -Wduplicated-branches -Wstrict-aliasing=2 -Wformat=2 -Wmissing-include-dirs -Wmissing-field-initializers -O2 -fanalyzer -fdiagnostics-path-format=inline-cc -DNDEBUG -c -Wall -Wno-trigraphs -MMD  -O2 -fweb -frename-regicc -DNDEBUG -c -Wall -Wno-trigraphs -MMD  -O2 -fweb -frename-registers -DUSE_SDL2 -DUSE_CODEC_WAVE -DUSE_CODEC_VORBIS  -Wall -Wextra -Wshadow -Wstrict-prototypes -Wmissing-prototypes -Wpointer-arith -Wcast-align -Wwrite-strings -Wundef -Wfloat-equal -Wnull-dereference -Wdouble-promotion -Wlogical-op -Wduplicated-cond -Wduplicated-branches -Wstrict-aliasing=2 -Wformat=2 -Wmissing-include-dirs -Wmissing-field-initializers -O2 -fanalyzer -fdiagnostics-path-format=inline-events -cc -DNDEBUG -c -Wall -Wno-trigraphs -MMD  -O2 -fweb -frename-regicc -DNDEBUG -c -Wall -Wno-trigraphs -MMD  -O2 -fweb -frename-registers -DUSE_SDL2 -DUSE_CODEC_WAVE -DUSE_CODEC_VORBIS  -Wall -Wextra -Wshadow -Wstrict-prototypes -Wmissing-prototypes -Wpointer-arith -Wcast-align -Wwrite-strings -Wundef -Wfloat-equal -Wnull-dereference -Wdouble-promotion -Wlogical-op -Wduplicated-cond -Wduplicated-branches -Wstrict-aliasing=2 -Wformat=2 -Wmissing-include-dirs -Wmissing-field-initializers -O2 -fanalyzer -fdiagnostics-path-format=inline-sys_sdl_unix.c:52:1: warning: missing initializer for field ‘value’ of ‘cvar_t’ {aka ‘struct cvar_s’} [-Wmissing-field-initializers]
sys_sdl_unix.c:72:6: warning: no previous prototype for ‘Sys_filelength’ [-Wmissing-prototypes]
sys_sdl_unix.c:376:35: warning: unused parameter ‘argv0’ [-Wunused-parameter]
main_sdl.c:122:37: warning: implicit conversion from ‘float’ to ‘double’ to match other operand of binary expression [-Wdouble-promotion]
main_sdl.c:156:26: warning: implicit conversion from ‘float’ to ‘double’ to match other operand of binary expression [-Wdouble-promotion]
mathlib.h:56:81: warning: use of uninitialized value ‘p[1]’ [CWE-457] [-Wanalyzer-use-of-uninitialized-value]
mathlib.h:56:81: warning: use of uninitialized value ‘p1[1]’ [CWE-457] [-Wanalyzer-use-of-uninitialized-value]
                                       │      |                      ^~~~mathlib.h:56:81: warning: use of uninitialized value ‘p2[1]’ mathlib.h:56:81: warning: use of uninitialized value ‘p2[1]’ [CWE-457] [-Wanalyzer-use-of-uninitialized-value]
                                       │      |                      ^~~~mathlib.h:56:81: warning: use of uninitialized value ‘p2[1]’ mathlib.h:56:81: warning: use of uninitialized value ‘p2[1]’ [CWE-457] [-Wanalyzer-use-of-uninitialized-value]
In function ‘lodepng_memcpylodepng.c:123:45: warning: dereference of possibly-NULL ‘out’lodepng.c:123:45: warning: dereference of possibly-NULL ‘out’ [CWE-690] [-Wanalyzer-possible-null-dereference]
           │ 5974 |   if(state->error) goto cleanup; /*error: invalid color type given*/
           │ 5976 |   if(state->error) goto cleanup; /*error: invalid color type given*/
    inlined from ‘getPixelColIn function ‘lodepng_memcpy’,lodepng.c:123:45: warning: dereference of possibly-NULL ‘bufferlodepng.c:123:45: warning: dereference of possibly-NULL ‘buffer’ [CWE-690] [-Wanalyzer-possible-null-dereference]
           │ 5974 |   if(state->error) goto cleanup; /*error: invalid color type given*/
           │ 5976 |   if(state->error) goto cleanup; /*error: invalid color type given*/
    inlined from ‘getPixelColIn function ‘lodepng_memcpy’lodepng.c:123:45: warning: dereference of possibly-NULL ‘bufferlodepng.c:123:45: warning: dereference of possibly-NULL ‘buffer’ [CWE-690] [-Wanalyzer-possible-null-dereference]
           │ 5974 |   if(state->error) goto cleanup; /*error: invalid color type given*/
           │ 5976 |   if(state->error) goto cleanup; /*error: invalid color type given*/
lodepng.c:878:16: warning: use of uninitialized value ‘*<unknowlodepng.c:878:16: warning: use of uninitialized value ‘*<unknown>’ [CWE-457] [-Wanalyzer-use-of-uninitialized-value]
lodepng.c:909:66: warning: dereference of possibly-NULL ‘b’ [CWE-690] [-Wanalyzer-possible-null-dereference]
           │      |└────────────────>(24) ...to here                                 (25) ⚠️  ‘b + klodepng.c:910:19: warning: dereference of possibly-NULL ‘b’ [lodepng.c:910:19: warning: dereference of possibly-NULL ‘b’ [CWE-690] [-Wanalyzer-possible-null-dereference]
lodepng.c:1008:16: warning: heap-based buffer over-read [CWE-122] [-Wanalyzer-out-of-bounds]
           │ 5974 |   if(state->error) goto cleanup; /*error: invalid color type given*/
           │ 5976 |   if(state->error) goto cleanup; /*error: invalid color type given*/
lodepng.c:3172:36: warning: dereference of possibly-NULL ‘out’ [CWE-690] [-Wanalyzer-possible-null-dereference]
           │ 5974 |   if(state->error) goto cleanup; /*error: invalid color type given*/
           │ 5976 |   if(state->error) goto cleanup; /*error: invalid color type given*/
           │ 5974 |   if(state->error) goto cleanup; /*error: invalid color type given*/
           │ 5976 |   if(state->error) goto cleanup; /*error: invalid color type given*/
           │ 5974 |   if(state->error) goto cleanup; /*error: invalid color type given*/
           │ 5976 |   if(state->error) goto cleanup; /*error: invalid color type given*/
           │ 5974 |   if(state->error) goto cleanup; /*error: invalid color type given*/
           │ 5976 |   if(state->error) goto cleanup; /*error: invalid color type given*/
           │ 5974 |   if(state->error) goto cleanup; /*error: invalid color type given*/
           │ 5976 |   if(state->error) goto cleanup; /*error: invalid color type given*/
           │ 5974 |   if(state->error) goto cleanup; /*error: invalid color type given*/
           │ 5976 |   if(state->error) goto cleanup; /*error: invalid color type given*/
           │ 5974 |   if(state->error) goto cleanup; /*error: invalid color type given*/
           │ 5976 |   if(state->error) goto cleanup; /*error: invalid color type given*/
           │ 5974 |   if(state->error) goto cleanup; /*error: invalid color type given*/
           │ 5976 |   if(state->error) goto cleanup; /*error: invalid color type given*/
