gl_rlight.c:51:45: warning: comparing floating-point withgl_rlight.c:51:45: warning: comparing floating-point with ‘==’ or ‘!=’ is unsafe [-Wfloat-equal]
   51 |                 if (r_flatlightstyles.value == 2gl_rlight.c:53:50: warning: comparing floating-point with ‘==’ or ‘!=’ is unsafe [-Wfloat-equal]
gl_rlight.c:73:6: warning: no previous prototype for ‘AddLightBlend’ [-Wmissing-prototypes]
gl_rlight.c:86:6: warning: no previous prototype for ‘R_RenderDlight’ [-Wmissing-prototypes]
gl_rlight.c:93:29: warning: implicit conversion from ‘float’ to ‘double’ to match other operand of binary expression [-Wdouble-promotion]
gl_rlight.c:98:57: warning: implicit conversion from ‘float’ to ‘double’ to match other operand of binary expression [-Wdouble-promotion]
gl_rlight.c:129:13: warning: comparing floating-point with ‘==’ or ‘!=’ is unsafe [-Wfloat-equal]
gl_rlight.c:142:28: warning: implicit conversion from ‘float’ to ‘double’ to match other operand of binary expression [-Wdouble-promotion]
gl_rlight.c:142:41: warning: comparing floating-point with ‘==’ or ‘!=’ is unsafe [-Wfloat-equal]
gl_rlight.c:200:21: warning: comparison of integer expressions of different signedness: ‘int’ and ‘unsigned int’ [-Wsign-compare]
gl_rlight.c:206:22: warning: implicit conversion from ‘float’ to ‘double’ to match other operand of binary expression [-Wdouble-promotion]
gl_rlight.c:209:22: warning: implicit conversion from ‘float’ to ‘double’ to match other operand of binary expression [-Wdouble-promotion]
gl_rlight.c:240:13: warning: comparing floating-point with ‘==’ or ‘!=’ is unsafe [-Wfloat-equal]
gl_rlight.c:248:28: warning: implicit conversion from ‘float’ to ‘double’ to match other operand of binary expression [-Wdouble-promotion]
gl_rlight.c:248:41: warning: comparing floating-point with ‘==’ or ‘!=’ is unsafe [-Wfloat-equal]
gl_rlight.c:291:5: warning: no previous prototype for ‘RecursiveLightPoint’ [-Wmissing-prototypes]
gl_rlight.c:337:30: warning: comparison of integer expressions of different signedness: ‘int’ and ‘unsigned int’ [-Wsign-compare]
mathlib.h:56:55: warning: implicit conversion from ‘float’ to ‘double’ to match other operand of binary expression [-Wdouble-promotion]
mathlib.h:56:77: warning: implicit conversion from ‘float’ to ‘double’ to match other operand of binary expression [-Wdouble-promotion]
mathlib.h:56:99: warning: implicit conversion from ‘float’ to ‘double’ to match other operand of binary expression [-Wdouble-promotion]
gl_rlight.c:348:102: warning: implicit conversion from ‘float’ to ‘double’ to match other operand of binary expression [-Wdouble-promotion]
mathlib.h:56:55: warning: implicit conversion from ‘float’ to ‘double’ to match other operand of binary expression [-Wdouble-promotion]
mathlib.h:56:77: warning: implicit conversion from ‘float’ to ‘double’ to match other operand of binary expression [-Wdouble-promotion]
mathlib.h:56:99: warning: implicit conversion from ‘float’ to ‘double’ to match other operand of binary expression [-Wdouble-promotion]
gl_rlight.c:349:102: warning: implicit conversion from ‘float’ to ‘double’ to match other operand of binary expression [-Wdouble-promotion]
gl_rlight.c:397:95: warning: implicit conversion from ‘float’ to ‘double’ to match other operand of binary expression [-Wdouble-promotion]
gl_fog.c:55:6: warning: no previous prototype for ‘Fog_gl_fog.c:55:6: warning: no previous prototype for ‘Fog_Update’ [-Wmissing-prototypes]
gl_fog.c:61:31: warning: implicit conversion from ‘floagl_fog.c:61:31: warning: implicit conversion from ‘float’ to ‘double’ to match other operand of binary expression [-Wdouble-promotion]
   61 |                 if (fadegl_fog.c:65:40: warning: implicit conversion from ‘floagl_fog.c:65:40: warning: implicit conversion from ‘float’ to ‘double’ to match other operand of binary expression [-Wdouble-promotion]
   65 |                         f = (fade_done - cl.time) / fadgl_fog.c:65:51: warning: implicit conversion from ‘floagl_fog.c:65:51: warning: implicit conversion from ‘float’ to ‘double’ to match other operand of binary expression [-Wdouble-promotion]
   gl_fog.c:66:62: warning: implicit conversion from ‘floagl_fog.c:66:62: warning: implicit conversion from ‘float’ to ‘double’ to match other operand of binary expression [-Wdouble-promotion]
      |       gl_fog.c:66:67: warning: implicit conversion from ‘floagl_fog.c:66:67: warning: implicit conversion from ‘float’ to ‘double’ to match other operand of binary expression [-Wdouble-promotion]
      |            gl_fog.c:66:55: warning: implicit conversion from ‘floagl_fog.c:66:55: warning: implicit conversion from ‘float’ to ‘double’ to match other operand of binary expression [-Wdouble-promotion]
      |gl_fog.c:67:54: warning: implicit conversion from ‘floagl_fog.c:67:54: warning: implicit conversion from ‘float’ to ‘double’ to match other operand of binary expression [-Wdouble-promotion]
      gl_fog.c:67:59: warning: implicit conversion from ‘floagl_fog.c:67:59: warning: implicit conversion from ‘float’ to ‘double’ to match other operand of binary expression [-Wdouble-promotion]
      |    gl_fog.c:67:47: warning: implicit conversion from ‘floagl_fog.c:67:47: warning: implicit conversion from ‘float’ to ‘double’ to match other operand of binary expression [-Wdouble-promotion]
   67 |                         old_red = f * old_red + (1.0 - f) * fog_red;gl_fog.c:68:58: warning: implicit conversion from ‘floagl_fog.c:68:58: warning: implicit conversion from ‘float’ to ‘double’ to match other operand of binary expression [-Wdouble-promotion]
      |   gl_fog.c:68:63: warning: implicit conversion from ‘floagl_fog.c:68:63: warning: implicit conversion from ‘float’ to ‘double’ to match other operand of binary expression [-Wdouble-promotion]
      |        gl_fog.c:68:51: warning: implicit conversion from ‘floagl_fog.c:68:51: warning: implicit conversion from ‘float’ to ‘double’ to match other operand of binary expression [-Wdouble-promotion]
   gl_fog.c:69:56: warning: implicit conversion from ‘floagl_fog.c:69:56: warning: implicit conversion from ‘float’ to ‘double’ to match other operand of binary expression [-Wdouble-promotion]
      | gl_fog.c:69:61: warning: implicit conversion from ‘floagl_fog.c:69:61: warning: implicit conversion from ‘float’ to ‘double’ to match other operand of binary expression [-Wdouble-promotion]
      |      gl_fog.c:69:49: warning: implicit conversion from ‘floagl_fog.c:69:49: warning: implicit conversion from ‘float’ to ‘double’ to match other operand of binary expression [-Wdouble-promotion]
 gl_fog.c:85:29: warning: implicit conversion from ‘floagl_fog.c:85:29: warning: implicit conversion from ‘float’ to ‘double’ to match other operand of binary expression [-Wdouble-promotion]
gl_fog.c:116:6: warning: no previous prototype for ‘Foggl_fog.c:116:6: warning: no previous prototype for ‘Fog_FogCommand_f’ [-Wmissing-prototypes]
gl_fog.c:129:58: warning: implicit conversion from ‘flogl_fog.c:129:58: warning: implicit conversion from ‘float’ to ‘double’ when passing argument to function [-Wdouble-promotion]
      |             gl_fog.c:130:54: warning: implicit conversion from ‘flogl_fog.c:130:54: warning: implicit conversion from ‘float’ to ‘double’ when passing argument to function [-Wdouble-promotion]
      |     gl_fog.c:131:56: warning: implicit conversion from ‘flogl_fog.c:131:56: warning: implicit conversion from ‘float’ to ‘double’ when passing argument to function [-Wdouble-promotion]
      |         gl_fog.c:132:55: warning: implicit conversion from ‘flogl_fog.c:132:55: warning: implicit conversion from ‘float’ to ‘double’ when passing argument to function [-Wdouble-promotion]
gl_fog.c:188:6: warning: no previous prototype for ‘Foggl_fog.c:188:6: warning: no previous prototype for ‘Fog_ParseWorldspawn’ [-Wmissing-prototypes]
gl_fog.c:250:23: warning: implicit conversion from ‘flogl_fog.c:250:23: warning: implicit conversion from ‘float’ to ‘double’ to match other operand of binary expression [-Wdouble-promotion]
  250 |         gl_fog.c:252:32: warning: implicit conversion from ‘float’ to ‘double’ to match other operand of binary expression [-Wdouble-promotion]
gl_fog.c:252:43: warning: implicit conversion from ‘flogl_fog.c:252:43: warning: implicit conversion from ‘float’ to ‘double’ to match other operand of binary expression [-Wdouble-promotion]
  252 |                 f = (fade_done - cl.time) / fade_tgl_fog.c:253:43: warning: implicit conversion from ‘flogl_fog.c:253:43: warning: implicit conversion from ‘float’ to ‘double’ to match other operand of binary expression [-Wdouble-promotion]
  253 |                 c[0] = f * old_red + (1.0 - f) * fog_gl_fog.c:253:48: warning: implicit conversion from ‘flogl_fog.c:253:48: warning: implicit conversion from ‘float’ to ‘double’ to match other operand of binary expression [-Wdouble-promotion]
gl_fog.c:253:36: warning: implicit conversion from ‘flogl_fog.c:253:36: warning: implicit conversion from ‘float’ to ‘double’ to match other operand of binary expression [-Wdouble-promotion]
  253 |                 c[0] = f * old_red + (1.0 - f)gl_fog.c:254:45: warning: implicit conversion from ‘flogl_fog.c:254:45: warning: implicit conversion from ‘float’ to ‘double’ to match other operand of binary expression [-Wdouble-promotion]
  254 |                 c[1] = f * old_green + (1.0 - f) * fog_greegl_fog.c:254:50: warning: implicit conversion from ‘flogl_fog.c:254:50: warning: implicit conversion from ‘float’ to ‘double’ to match other operand of binary expression [-Wdouble-promotion]
  gl_fog.c:254:38: warning: implicit conversion from ‘flogl_fog.c:254:38: warning: implicit conversion from ‘float’ to ‘double’ to match other operand of binary expression [-Wdouble-promotion]
  254 |                 c[1] = f * old_green + (1.0 - f) * fgl_fog.c:255:44: warning: implicit conversion from ‘flogl_fog.c:255:44: warning: implicit conversion from ‘float’ to ‘double’ to match other operand of binary expression [-Wdouble-promotion]
  255 |                 c[2] = f * old_blue + (1.0 - f) * fog_blgl_fog.c:255:49: warning: implicit conversion from ‘flogl_fog.c:255:49: warning: implicit conversion from ‘float’ to ‘double’ to match other operand of binary expression [-Wdouble-promotion]
 gl_fog.c:255:37: warning: implicit conversion from ‘flogl_fog.c:255:37: warning: implicit conversion from ‘float’ to ‘double’ to match other operand of binary expression [-Wdouble-promotion]
mathlib.h:53:40: warning: implicit conversion from ‘float’ to ‘double’ to match other operand of binary expression [-Wdouble-promotion]
  272 |                 c[i] = (float)(Q_rint(c[i] * 255))mathlib.h:53:59: warning: implicit conversion from ‘flomathlib.h:53:59: warning: implicit conversion from ‘float’ to ‘double’ to match other operand of binary expression [-Wdouble-promotion]
gl_fog.c:289:23: warning: implicit conversion from ‘flogl_fog.c:289:23: warning: implicit conversion from ‘float’ to ‘double’ to match other operand of binary expression [-Wdouble-promotion]
  289 |         gl_fog.c:291:32: warning: implicit conversion from ‘flogl_fog.c:291:32: warning: implicit conversion from ‘float’ to ‘double’ to match other operand of binary expression [-Wdouble-promotion]
  291 |                 f = (fade_done - cl.timgl_fog.c:291:43: warning: implicit conversion from ‘flogl_fog.c:291:43: warning: implicit conversion from ‘float’ to ‘double’ to match other operand of binary expression [-Wdouble-promotion]
  291 |                 f = (fade_done - cl.time) / fade_tgl_fog.c:292:47: warning: implicit conversion from ‘flogl_fog.c:292:47: warning: implicit conversion from ‘float’ to ‘double’ to match other operand of binary expression [-Wdouble-promotion]
  292 |                 return f * old_density + (1.0 - f) * fog_density;gl_fog.c:292:52: warning: implicit conversion from ‘flogl_fog.c:292:52: warning: implicit conversion from ‘float’ to ‘double’ to match other operand of binary expression [-Wdouble-promotion]
    gl_fog.c:292:40: warning: implicit conversion from ‘flogl_fog.c:292:40: warning: implicit conversion from ‘float’ to ‘double’ to match other operand of binary expression [-Wdouble-promotion]
gl_fog.c:308:49: warning: implicit conversion from ‘flogl_fog.c:308:49: warning: implicit conversion from ‘float’ to ‘double’ to match other operand of binary expression [-Wdouble-promotion]
   85 |         floagl_fog.c:373:6: warning: no previous prototype for ‘Foggl_fog.c:373:6: warning: no previous prototype for ‘Fog_DrawVFog’ [-Wmissing-prototypes]
  37gl_fog.c:374:6: warning: no previous prototype for ‘Foggl_fog.c:374:6: warning: no previous prototype for ‘Fog_MarkModels’ [-Wmissing-prototypes]
gl_rmain.c:76:1: warning: missing initializer for field ‘value’ of ‘cvar_t’ {aka ‘struct cvar_s’} [-Wmissing-field-initializers]
gl_rmain.c:77:1: warning: missing initializer for field ‘value’ of ‘cvar_t’ {aka ‘struct cvar_s’} [-Wmissing-field-initializers]
gl_rmain.c:89:1: warning: missing initializer for field ‘value’ of ‘cvar_t’ {aka ‘struct cvar_s’} [-Wmissing-field-initializers]
gl_rmain.c:90:1: warning: missing initializer for field ‘value’ of ‘cvar_t’ {aka ‘struct cvar_s’} [-Wmissing-field-initializers]
gl_rmain.c:92:1: warning: missing initializer for field ‘value’ of ‘cvar_t’ {aka ‘struct cvar_s’} [-Wmissing-field-initializers]
gl_rmain.c:93:1: warning: missing initializer for field ‘value’ of ‘cvar_t’ {aka ‘struct cvar_s’} [-Wmissing-field-initializers]
gl_rmain.c:94:1: warning: missing initializer for field ‘value’ of ‘cvar_t’ {aka ‘struct cvar_s’} [-Wmissing-field-initializers]
gl_rmain.c:95:1: warning: missing initializer for field ‘value’ of ‘cvar_t’ {aka ‘struct cvar_s’} [-Wmissing-field-initializers]
gl_rmain.c:96:1: warning: missing initializer for field ‘value’ of ‘cvar_t’ {aka ‘struct cvar_s’} [-Wmissing-field-initializers]
gl_rmain.c:97:1: warning: missing initializer for field ‘value’ of ‘cvar_t’ {aka ‘struct cvar_s’} [-Wmissing-field-initializers]
gl_rmain.c:98:1: warning: missing initializer for field ‘value’ of ‘cvar_t’ {aka ‘struct cvar_s’} [-Wmissing-field-initializers]
gl_rmain.c:99:1: warning: missing initializer for field ‘value’ of ‘cvar_t’ {aka ‘struct cvar_s’} [-Wmissing-field-initializers]
gl_rmain.c:100:1: warning: missing initializer for field ‘value’ of ‘cvar_t’ {aka ‘struct cvar_s’} [-Wmissing-field-initializers]
gl_rmain.c:103:1: warning: missing initializer for field ‘value’ of ‘cvar_t’ {aka ‘struct cvar_s’} [-Wmissing-field-initializers]
gl_rmain.c:104:1: warning: missing initializer for field ‘value’ of ‘cvar_t’ {aka ‘struct cvar_s’} [-Wmissing-field-initializers]
gl_rmain.c:105:1: warning: missing initializer for field ‘value’ of ‘cvar_t’ {aka ‘struct cvar_s’} [-Wmissing-field-initializers]
gl_rmain.c:106:1: warning: missing initializer for field ‘value’ of ‘cvar_t’ {aka ‘struct cvar_s’} [-Wmissing-field-initializers]
gl_rmain.c:107:1: warning: missing initializer for field ‘value’ of ‘cvar_t’ {aka ‘struct cvar_s’} [-Wmissing-field-initializers]
gl_rmain.c:108:1: warning: missing initializer for field ‘value’ of ‘cvar_t’ {aka ‘struct cvar_s’} [-Wmissing-field-initializers]
gl_rmain.c:109:1: warning: missing initializer for field ‘value’ of ‘cvar_t’ {aka ‘struct cvar_s’} [-Wmissing-field-initializers]
gl_rmain.c:110:1: warning: missing initializer for field ‘value’ of ‘cvar_t’ {aka ‘struct cvar_s’} [-Wmissing-field-initializers]
gl_rmain.c:111:1: warning: missing initializer for field ‘value’ of ‘cvar_t’ {aka ‘struct cvar_s’} [-Wmissing-field-initializers]
gl_rmain.c:112:1: warning: missing initializer for field ‘value’ of ‘cvar_t’ {aka ‘struct cvar_s’} [-Wmissing-field-initializers]
gl_rmain.c:114:1: warning: missing initializer for field ‘value’ of ‘cvar_t’ {aka ‘struct cvar_s’} [-Wmissing-field-initializers]
gl_rmain.c:115:1: warning: missing initializer for field ‘value’ of ‘cvar_t’ {aka ‘struct cvar_s’} [-Wmissing-field-initializers]
gl_rmain.c:116:1: warning: missing initializer for field ‘value’ of ‘cvar_t’ {aka ‘struct cvar_s’} [-Wmissing-field-initializers]
gl_rmain.c:117:1: warning: missing initializer for field ‘value’ of ‘cvar_t’ {aka ‘struct cvar_s’} [-Wmissing-field-initializers]
gl_rmain.c:118:1: warning: missing initializer for field ‘value’ of ‘cvar_t’ {aka ‘struct cvar_s’} [-Wmissing-field-initializers]
gl_rmain.c:119:1: warning: missing initializer for field ‘value’ of ‘cvar_t’ {aka ‘struct cvar_s’} [-Wmissing-field-initializers]
gl_rmain.c:124:1: warning: missing initializer for field ‘value’ of ‘cvar_t’ {aka ‘struct cvar_s’} [-Wmissing-field-initializers]
gl_rmain.c:126:1: warning: missing initializer for field ‘value’ of ‘cvar_t’ {aka ‘struct cvar_s’} [-Wmissing-field-initializers]
gl_rmain.c:127:1: warning: missing initializer for field ‘value’ of ‘cvar_t’ {aka ‘struct cvar_s’} [-Wmissing-field-initializers]
gl_rmain.c:128:1: warning: missing initializer for field ‘value’ of ‘cvar_t’ {aka ‘struct cvar_s’} [-Wmissing-field-initializers]
gl_rmain.c:134:1: warning: missing initializer for field ‘value’ of ‘cvar_t’ {aka ‘struct cvar_s’} [-Wmissing-field-initializers]
gl_rmain.c:390:29: warning: comparing floating-point withgl_rmain.c:390:29: warning: comparing floating-point with ‘==’ or ‘!=’ is unsafe [-Wfloat-equal]
  390 |         if (vid_gamma.value == 1 && vid_congl_rmain.c:390:56: warning: comparing floating-point withgl_rmain.c:390:56: warning: comparing floating-point with ‘==’ or ‘!=’ is unsafe [-Wfloat-equal]
gl_rmain.c:496:13: warning: comparing floating-point withgl_rmain.c:496:13: warning: comparing floating-point with ‘==’ or ‘!=’ is unsafe [-Wfloat-equal]
  496 |         if (e->angles[0gl_rmain.c:496:26: warning: comparing floating-point withgl_rmain.c:496:26: warning: comparing floating-point with ‘==’ or ‘!=’ is unsafe [-Wfloat-equal]
  496 |         if (e->angles[0] || e->anglesgl_rmain.c:501:18: warning: comparing floating-point withgl_rmain.c:501:18: warning: comparing floating-point with ‘==’ or ‘!=’ is unsafe [-Wfloat-equal]
  501 |        gl_rmain.c:513:25: warning: comparing floating-point withgl_rmain.c:513:25: warning: comparing floating-point with ‘==’ or ‘!=’ is unsafe [-Wfloat-equal]
gl_rmain.c:539:25: warning: comparing floating-point withgl_rmain.c:539:25: warning: comparing floating-point with ‘==’ or ‘!=’ is unsafe [-Wfloat-equal]
gl_rmain.c:577:5: warning: no previous prototype for ‘Sgl_rmain.c:577:5: warning: no previous prototype for ‘SignbitsForPlane’ [-Wmissing-prototypes]
gl_rmain.c: In funcIn file included from qmathlib.h:36:38: warning: implicit conversion from ‘flomathlib.h:36:38: warning: implicit conversion from ‘float’ to ‘double’ to match other operand of binary expression [-Wdouble-promotion]
  606 |         scale_forward = cos( DEG2RAD(mathlib.h:36:38: warning: implicit conversion from ‘flomathlib.h:36:38: warning: implicit conversion from ‘float’ to ‘double’ to match other operand of binary expression [-Wdouble-promotion]
gl_rmain.c:619:6: warning: no previous prototype for ‘Rgl_rmain.c:619:6: warning: no previous prototype for ‘R_SetFrustum’ [-Wmissing-prototypes]
gl_rmain.c:623:13: warning: comparing floating-point withgl_rmain.c:623:13: warning: comparing floating-point with ‘==’ or ‘!=’ is unsafe [-Wfloat-equal]
  623 | gl_refrag.c:91:6: warning: no previous prototype for ‘Rgl_refrag.c:91:6: warning: no previous prototype for ‘R_SplitEntityOnNode’ [-Wmissing-prototypes]
gl_rmain.c:646:6: warning: no previous prototype for ‘Ggl_rmain.c:646:6: warning: no previous prototype for ‘GL_SetFrustum’ [-Wmissing-prototypes]
gl_rmain.c:649:37: warning: implicit conversion from ‘fgl_rmain.c:649:37: warning: implicit conversion from ‘float’ to ‘double’ to match other operand of binary expression [-Wdouble-promotion]
  649 |         xmax = NEARCLIP * tan( fovx * M_PI gl_rmain.c:650:37: warning: implicit conversion from ‘fgl_rmain.c:650:37: warning: implicit conversion from ‘float’ to ‘double’ to match other operand of binary expression [-Wdouble-promotion]
gl_rmain.c:659:6: warning: no previous prototype for ‘Rgl_rmain.c:659:6: warning: no previous prototype for ‘R_SetupGL’ [-Wmissing-prototypgl_refrag.c: In function ‘R_AddEfrags’:
gl_refrag.c:180:25: warning: comparing floating-point witgl_refrag.c:180:25: warning: comparing floating-point with ‘==’ or ‘!=’ is unsafe [-Wfloat-equal]
gl_rmain.c:690:13: warning: comparing floating-point withgl_rmain.c:690:13: warning: comparing floating-point with ‘==’ or ‘!=’ is unsafe [-Wfloat-equal]
gl_rmain.c:705:6: warning: no previous prototype for ‘Rgl_rmain.c:705:6: warning: no previous prototype for ‘R_Clear’ [-Wmissing-protgl_rmain.c: In function ‘R_Clear’:
gl_rmain.c:713:13: warning: comparing floating-point withgl_rmain.c:713:13: warning: comparing floating-point with ‘==’ or ‘!=’ is unsafe [-Wfloat-equal]
gl_rmain.c:723:6: warning: no previous prototype for ‘Rgl_rmain.c:723:6: warning: no previous prototype for ‘R_SetupScene’ [-Wmissing-prototypes]
  gl_rmain.c:733:6: warning: no previous prototype for ‘Rgl_rmain.c:733:6: warning: no previous prototype for ‘R_SetupView’ [-Wmissing-prototypes]
gl_rmain.c:756:13: warning: comparing floating-point withgl_rmain.c:756:13: warning: comparing floating-point with ‘==’ or ‘!=’ is unsafe [-Wfloat-equal]
  756 |       mathlib.h:36:38: warning: implicit conversion from ‘flomathlib.h:36:38: warning: implicit conversion from ‘float’ to ‘double’ to match other operand of binary expression [-Wdouble-promotion]
 mathlib.h:36:38: warning: implicit conversion from ‘flomathlib.h:36:38: warning: implicit conversion from ‘float’ to ‘double’ to match other operand of binary expression [-Wdouble-promotion]
 gl_rmain.c:783:21: warning: comparing floating-point withgl_rmain.c:783:21: warning: comparing floating-point with ‘==’ or ‘!=’ is unsafe [-Wfloat-equal]
  783 |                 if (!r_drawworld.value) r_drgl_rmain.c:785:21: warning: comparing floating-point withgl_rmain.c:785:21: warning: comparing floating-point with ‘==’ or ‘!=’ is unsafe [-Wfloat-equal]
  785 |                 if (r_drawflat.value) r_drawflat_gl_rmain.c:786:26: warning: comparing floating-point withgl_rmain.c:786:26: warning: comparing floating-point with ‘==’ or ‘!=’ is unsafe [-Wfloat-equal]
  786 |                 else if (r_fullbright.value || !cl.worldmodel->lightdata) r_fullbright_cheatsagl_rmain.c:787:26: warning: comparing floating-point withgl_rmain.c:787:26: warning: comparing floating-point with ‘==’ or ‘!=’ is unsafe [-Wfloat-equal]
gl_rmain.c:803:6: warning: no previous prototype for ‘Rgl_rmain.c:803:6: warning: no previous prototype for ‘R_DrawEntitiesOnList’ [-Wmissing-prototypes]
gl_rmain.c:807:13: warning: comparing floating-point withgl_rmain.c:807:13: warning: comparing floating-point with ‘==’ or ‘!=’ is unsafe [-Wfloat-equal]
  807 | gl_rmain.c:818:64: warning: comparing floating-point withgl_rmain.c:818:64: warning: comparing floating-point with ‘==’ or ‘!=’ is unsafe [-Wfloat-equal]
      |          gl_rmain.c:823:50: warning: implicit conversion from ‘vgl_rmain.c:823:50: warning: implicit conversion from ‘vec_t’ {aka ‘float’} to ‘double’ to match other operand of binary expression [-Wdouble-promotion]
gl_rmain.c:846:6: warning: no previous prototype for ‘Rgl_rmain.c:846:6: warning: no previous prototype for ‘R_DrawViewModel’ [-Wmissing-prototypes]
gl_rmain.c:848:13: warning: comparing floating-point withgl_rmain.c:848:13: warning: comparing floating-point with ‘==’ or ‘!=’ is unsafe [-Wfloat-equal]
  848 |         if (!r_drawviewmodel.value || !r_drawentgl_rmain.c:848:39: warning: comparing floating-point withgl_rmain.c:848:39: warning: comparing floating-point with ‘==’ or ‘!=’ is unsafe [-Wfloat-equal]
  848 |         if (!r_drawviewmodel.value || !r_drawentities.value || chase_activgl_rmain.c:848:61: warning: comparing floating-point withgl_rmain.c:848:61: warning: comparing floating-point with ‘==’ or ‘!=’ is unsafe [-Wfloat-equal]
gl_rmain.c:874:6: warning: no previous prototype for ‘Rgl_rmain.c:874:6: warning: no previous prototype for ‘R_EmitWirePoint’ [-Wmissing-prototypes]
  874 | void R_Emgl_rmain.c:893:6: warning: no previous prototype for ‘Rgl_rmain.c:893:6: warning: no previous prototype for ‘R_EmitWireBox’ [-Wmissing-prototypes]
  893 | void R_EmitWireBgl_rmain.c:916:6: warning: no previous prototype for ‘Rgl_rmain.c:916:6: warning: no previous prototype for ‘R_ShowBoundingBoxes’ [-Wmissing-prototypes]
gl_rmain.c:923:13: warning: comparing floating-point withgl_rmain.c:923:13: warning: comparing floating-point with ‘==’ or ‘!=’ is unsafe [-Wfloat-equal]
  923 |         if (!r_showbboxes.value || cl.maxclients > 1 || !rgl_rmain.c:923:57: warning: comparing floating-point withgl_rmain.c:923:57: warning: comparing floating-point with ‘==’ or ‘!=’ is unsafe [-Wfloat-equal]
      |  gl_rmain.c:942:35: warning: comparing floating-point withgl_rmain.c:942:35: warning: comparing floating-point with ‘==’ or ‘!=’ is unsafe [-Wfloat-equal]
  942 |                 if (ed->v.mins[0] == ed->v.maxs[0] && ed->v.mins[1] == ed->v.maxs[1] && ed->v.mins[2] == ed-gl_rmain.c:942:69: warning: comparing floating-point withgl_rmain.c:942:69: warning: comparing floating-point with ‘==’ or ‘!=’ is unsafe [-Wfloat-equal]
      |               gl_rmain.c:942:103: warning: comparing floating-point witgl_rmain.c:942:103: warning: comparing floating-point with ‘==’ or ‘!=’ is unsafe [-Wfloat-equal]
gl_rmain.c:971:6: warning: no previous prototype for ‘Rgl_rmain.c:971:6: warning: no previous prototype for ‘R_ShowTris’ [-Wmissing-prototypesgl_rmain.c: In function ‘R_ShowTris’:
gl_rmain.c:979:30: warning: comparing floating-point withgl_rmain.c:979:30: warning: comparing floating-point with ‘==’ or ‘!=’ is unsafe [-Wfloat-equal]
  979 |         if (r_showgl_rmain.c:988:13: warning: comparing floating-point withgl_rmain.c:988:13: warning: comparing floating-point with ‘==’ or ‘!=’ is unsafe [-Wfloat-equal]
  988 |       gl_rmain.c:993:13: warning: comparing floating-point withgl_rmain.c:993:13: warning: comparing floating-point with ‘==’ or ‘!=’ is unsafe [-Wfloat-equal]
  993 |         if (gl_rmain.c:1000:58: warning: implicit conversion from ‘gl_rmain.c:1000:58: warning: implicit conversion from ‘vec_t’ {aka ‘float’} to ‘double’ to match other operand of binary expression [-Wdouble-promotion]
      |    gl_rmain.c:1020:21: warning: comparing floating-point witgl_rmain.c:1020:21: warning: comparing floating-point with ‘==’ or ‘!=’ is unsafe [-Wfloat-equal]
 1020 |                 if (r_drawviegl_rmain.c:1021:28: warning: comparing floating-point witgl_rmain.c:1021:28: warning: comparing floating-point with ‘==’ or ‘!=’ is unsafe [-Wfloat-equal]
 1021 |                         && gl_rmain.c:1033:13: warning: comparing floating-point witgl_rmain.c:1033:13: warning: comparing floating-point with ‘==’ or ‘!=’ is unsafe [-Wfloat-equal]
 1033 |       gl_rmain.c:1044:30: warning: comparing floating-point witgl_rmain.c:1044:30: warning: comparing floating-point with ‘==’ or ‘!=’ is unsafe [-Wfloat-equal]
gl_rmain.c:1055:6: warning: no previous prototype for ‘gl_rmain.c:1055:6: warning: no previous prototype for ‘R_DrawShadows’ [-Wmissing-prototypes]
gl_rmain.c:1059:13: warning: comparing floating-point witgl_rmain.c:1059:13: warning: comparing floating-point with ‘==’ or ‘!=’ is unsafe [-Wfloat-equal]
 1059 |         if (!r_shadows.value || !r_drawentities.value || r_drawflat_gl_rmain.c:1059:33: warning: comparing floating-point witgl_rmain.c:1059:33: warning: comparing floating-point with ‘==’ or ‘!=’ is unsafe [-Wfloat-equal]
gl_rmain.c:1114:6: warning: no previous prototype for ‘gl_rmain.c:1114:6: warning: no previous prototype for ‘R_RenderScene’ [-Wmissing-prototypes]
 111gl_rmain.c:1188:6: warning: no previous prototype for ‘gl_rmain.c:1188:6: warning: no previous prototype for ‘R_ScaleView’ [-Wmissing-prototypes]
gl_rmain.c:1280:13: warning: comparing floating-point witgl_rmain.c:1280:13: warning: comparing floating-point with ‘==’ or ‘!=’ is unsafe [-Wfloat-equal]
 1280 |       gl_rmain.c:1287:13: warning: comparing floating-point witgl_rmain.c:1287:13: warning: comparing floating-point with ‘==’ or ‘!=’ is unsafe [-Wfloat-equal]
 1287 | gl_rmain.c:1296:18: warning: comparing floating-point witgl_rmain.c:1296:18: warning: comparing floating-point with ‘==’ or ‘!=’ is unsafe [-Wfloat-equal]
 1296 |         elsegl_rmain.c:1302:13: warning: comparing floating-point witgl_rmain.c:1302:13: warning: comparing floating-point with ‘==’ or ‘!=’ is unsafe [-Wfloat-equal]
 1302 | gl_rmain.c:1312:36: warning: implicit conversion from ‘gl_rmain.c:1312:36: warning: implicit conversion from ‘float’ to ‘double’ to match other operand of binary expression [-Wdouble-promotion]
 1312 |                 frustum_skew = 0.5 * eyesep * NEARCLIgl_rmain.c:1312:56: warning: implicit conversion from ‘gl_rmain.c:1312:56: warning: implicit conversion from ‘float’ to ‘double’ to match other operand of binary expression [-Wdouble-promotion]
      | gl_rmain.c:1341:13: warning: comparing floating-point witgl_rmain.c:1341:13: warning: comparing floating-point with ‘==’ or ‘!=’ is unsafe [-Wfloat-equal]
 1gl_rmain.c:1349:33: warning: comparing floating-point witgl_rmain.c:1349:33: warning: comparing floating-point with ‘==’ or ‘!=’ is unsafe [-Wfloat-equal]
 1349 |         else if (r_speedgl_rmain.c:1359:41: warning: implicit conversion from ‘gl_rmain.c:1359:41: warning: implicit conversion from ‘float’ to ‘double’ when passing argument to function [-Wdouble-promotion]
      |     gl_rmain.c:1360:18: warning: comparing floating-point witgl_rmain.c:1360:18: warning: comparing floating-point with ‘==’ or ‘!=’ is unsafe [-Wfloat-equal]
gl_rmisc.c:62:38: warning: unused parameter ‘var’ [-Wunused-parameter]
gl_rmisc.c:72:39: warning: unused parameter ‘var’ [-Wunused-parameter]
gl_rmisc.c:82:40: warning: unused parameter ‘var’ [-Wunused-parameter]
gl_rmisc.c:97:48: warning: unused parameter ‘var’ [-Wunused-parameter]
gl_rmisc.c:300:13: warning: comparing floating-point with ‘==’ or ‘!=’ is unsafe [-Wfloat-equal]
gl_rmisc.c:484:46: warning: implicit conversion from ‘float’ to ‘double’ when passing argument to function [-Wdouble-promotion]
gl_rmisc.c:484:55: warning: implicit conversion from ‘float’ to ‘double’ when passing argument to function [-Wdouble-promotion]
cc -DNDEBUG -c -Wall -Wno-trigraphs -MMD  -O2 -fweb -frencc -DNDEBUG -c -Wall -Wno-trigraphs -MMD  -O2 -fweb -frename-registers -DUSE_SDL2 -DUSE_CODEC_WAVE -DUSE_CODEC_VORBIS  -Wall -Wextra -Wshadow -Wstrict-prototypes -Wmissing-prototypes -Wpointer-arith -Wcast-align -Wwrite-strings -Wundef -Wfloat-equal -Wnull-dereference -Wdouble-promotion -Wlogical-op -Wduplicated-cond -Wduplicated-branches -Wstrict-aliasing=2 -Wformat=2 -Wmissing-include-dirs -Wmissing-field-initializers -O2 -I/cc -DNDEBUG -c -Wall -Wno-trigraphs -MMD  -O2 -fweb -frencc -DNDEBUG -c -Wall -Wno-trigraphs -MMD  -O2 -fweb -frename-registers -DUSE_SDL2 -DUSE_CODEC_WAVE -DUSE_CODEC_VORBIS  -Wall -Wextra -Wshadow -Wstrict-prototypes -Wmissing-prototypes -Wpointer-arith -Wcast-align -Wwrite-strings -Wundef -Wfloat-equal -Wnull-dereference -Wdouble-promotion -Wlogical-op -Wduplicated-cond -Wduplicated-branches -Wstrict-aliasing=2 -Wformat=2 -Wmissing-include-dirs -Wmissing-field-initializers -cc -DNDEBUG -c -Wall -Wno-trigraphs -MMD  -O2 -fweb -frencc -DNDEBUG -c -Wall -Wno-trigraphs -MMD  -O2 -fweb -frename-registers -DUSE_SDL2 -DUSE_CODEC_WAVE -DUSE_CODEC_VORBIS  -Wall -Wextra -Wshadow -Wstrict-prototypes -Wmissing-prototypes -Wpointer-arith -Wcast-align -Wwrite-strings -Wundef -Wfloat-equal -Wnull-dereference -Wdouble-promotion -Wlogical-op -Wduplicated-cond -Wduplicated-branches -Wstrict-aliasing=2 -Wformat=2 -Wmissing-include-dirs -Wmissing-field-initializers -O2r_part.c:42:1: warning: missing initializer for field ‘r_part.c:42:1: warning: missing initializer for field ‘value’ of ‘cvar_t’ {aka ‘struct cvar_s’} [-Wmissing-field-initializers]
   85 |         floar_part.c:43:1: warning: missing initializer for field ‘r_part.c:43:1: warning: missing initializer for field ‘value’ of ‘cvar_t’ {aka ‘struct cvar_s’} [-Wmissing-field-initializers]
   85 |         floar_part.c:50:5: warning: no previous prototype for ‘R_Par_part.c:50:5: warning: no previous prototype for ‘R_ParticleTextureLookup’ [-Wmissing-prototypes]
   50 | int R_ParticleTextureLookup (int x, ir_part.c:69:6: warning: no previous prototype for ‘R_Inr_part.c:69:6: warning: no previous prototype for ‘R_InitParticleTextures’ [-Wmissing-prototypes]
r_part.c:123:45: warning: unused parameter ‘var’ [-Wur_part.c:123:45: warning: unused parameter ‘var’ [-Wunused-parameter]
  198r_part.c:210:33: warning: implicit conversion from ‘vecr_part.c:210:33: warning: implicit conversion from ‘vec_t’ {aka ‘float’} to ‘double’ to match other operand of binary expression [-Wdouble-promotion]
  210 |                 angle = cl.time * avelr_part.c:213:33: warning: implicit conversion from ‘vecr_part.c:213:33: warning: implicit conversion from ‘vec_t’ {aka ‘float’} to ‘double’ to match other operand of binary expression [-Wdouble-promotion]
  213 |                 angle = cl.time * avelr_part.c:216:33: warning: implicit conversion from ‘vecr_part.c:216:33: warning: implicit conversion from ‘vec_t’ {aka ‘float’} to ‘double’ to match other operand of binary expression [-Wdouble-promotion]
r_part.c:731:45: warning: implicit conversion from ‘flor_part.c:731:45: warning: implicit conversion from ‘float’ to ‘double’ to match other operand of binary expression [-Wdouble-promotion]
  731 |         grav = frametime * sv_gravity.value * 0.0r_part.c:737:39: warning: implicit conversion from ‘flor_part.c:737:39: warning: implicit conversion from ‘float’ to ‘double’ to match other operand of binary expression [-Wdouble-promotion]
  737 |                 if (kill && kill->die < r_part.c:752:47: warning: implicit conversion from ‘flor_part.c:752:47: warning: implicit conversion from ‘float’ to ‘double’ to match other operand of binary expression [-Wdouble-promotion]
  896 |         if (r_quadparticles.value) //johnitz --r_part.c:914:51: warning: implicit conversion from ‘flor_part.c:914:51: warning: implicit conversion from ‘float’ to ‘double’ to match other operand of binary expression [-Wdouble-promotion]
   r_part.c:915:31: warning: implicit conversion from ‘flor_part.c:915:31: warning: implicit conversion from ‘float’ to ‘double’ to match other operand of binary expression [-Wdouble-promotion]
  915 |                         scale /= 2.0; //quad is half the sr_part.c:969:51: warning: implicit conversion from ‘flor_part.c:969:51: warning: implicit conversion from ‘float’ to ‘double’ to match other operand of binary expression [-Wdouble-promotion]
r_part.c:1024:13: warning: comparing floating-point with r_part.c:1024:13: warning: comparing floating-point with ‘==’ or ‘!=’ is unsafe [-Wfloat-equal]
 1024r_part.c:1030:13: warning: comparing floating-point with r_part.c:1030:13: warning: comparing floating-point with ‘==’ or ‘!=’ is unsafe [-Wfloat-equal]
 1030 |         if (r_r_part.c:1043:51: warning: implicit conversion from ‘flr_part.c:1043:51: warning: implicit conversion from ‘float’ to ‘double’ to match other operand of binary expression [-Wdouble-promotion]
   r_part.c:1045:31: warning: implicit conversion from ‘flr_part.c:1045:31: warning: implicit conversion from ‘float’ to ‘double’ to match other operand of binary expression [-Wdouble-promotion]
 1045 |                         scale /= 2.0; //quad is half the sr_part.c:1075:51: warning: implicit conversion from ‘flr_part.c:1075:51: warning: implicit conversion from ‘float’ to ‘double’ to match other operand of binary expression [-Wdouble-promotion]
   cc -DNDEBUG -c -Wall -Wno-trigraphs -MMD  -O2 -fweb -frencc -DNDEBUG -c -Wall -Wno-trigraphs -MMD  -O2 -fweb -frename-registers -DUSE_SDL2 -DUSE_CODEC_WAVE -DUSE_CODEC_VORBIS  -Wall -Wextra -Wshadow -Wstrict-prototypes -Wmissing-prototypes -Wpointer-arith -Wcast-align -Wwrite-strings -Wundef -Wfloat-equal -Wnull-dereference -Wdouble-promotion -Wlogical-op -Wduplicated-cond -Wduplicated-branches -Wstrict-aliasing=2 -Wformat=2 -Wmissing-include-dirs -Wmissing-field-initializers -O2 -I/cc -DNDEBUG -c -Wall -Wno-trigraphs -MMD  -O2 -fweb -frencc -DNDEBUG -c -Wall -Wno-trigraphs -MMD  -O2 -fweb -frename-registers -DUSE_SDL2 -DUSE_CODEC_WAVE -DUSE_CODEC_VORBIS  -Wall -Wextra -Wshadow -Wstrict-prototypes -Wmissing-prototypes -Wpointer-arith -Wcast-align -Wwrite-strings -Wundef -Wfloat-equal -Wnull-dereference -Wdouble-promotion -Wlogical-op -Wduplicated-cond -Wduplicated-branches -Wstrict-aliasing=2 -Wformat=2 -Wmissing-include-dirs -Wmissing-field-initializers -O2gl_sky.c:47:1: warning: missing initializer for field ‘gl_sky.c:47:1: warning: missing initializer for field ‘value’ of ‘cvar_t’ {aka ‘struct cvar_s’} [-Wmissing-field-initializers]
   85 |         floagl_sky.c:48:1: warning: missing initializer for field ‘gl_sky.c:48:1: warning: missing initializer for field ‘value’ of ‘cvar_t’ {aka ‘struct cvar_s’} [-Wmissing-field-initializers]
   85 |         floagl_sky.c:49:1: warning: missing initializer for field ‘gl_sky.c:49:1: warning: missing initializer for field ‘value’ of ‘cvar_t’ {aka ‘struct cvar_s’} [-Wmissing-field-initializers]
   85 |         floagl_sky.c:50:1: warning: missing initializer for field ‘gl_sky.c:50:1: warning: missing initializer for field ‘value’ of ‘cvar_t’ {aka ‘struct cvar_s’} [-Wmissing-field-initializers]
   85 |         floagl_sky.c:360:6: warning: no previous prototype for ‘Skygl_sky.c:360:6: warning: no previous prototype for ‘Sky_SkyCommand_f’ [-Wmissing-prototypes]
  360 | vogl_sky.c:421:6: warning: no previous prototype for ‘Skygl_sky.c:421:6: warning: no previous prototype for ‘Sky_ProjectPoly’ [-Wmissing-prototypes]
gl_sky.c:527:23: warning: implicit conversion from ‘flogl_sky.c:527:23: warning: implicit conversion from ‘float’ to ‘double’ to match other operand of binary expression [-Wdouble-promotion]
  527 |            gl_sky.c:532:28: warning: implicit conversion from ‘flogl_sky.c:532:28: warning: implicit conversion from ‘float’ to ‘double’ to match other operand of binary expression [-Wdouble-promotion]
gl_sky.c:614:6: warning: no previous prototype for ‘Skygl_sky.c:614:6: warning: no previous prototype for ‘Sky_ProcessPoly’ [-Wmissing-prototypes]
gl_sky.c:645:6: warning: no previous prototype for ‘Skygl_sky.c:645:6: warning: no previous prototype for ‘Sky_ProcessTextureChains’ [-Wmissing-prototypes]
  645 | void Sky_ProcessTegl_sky.c:671:6: warning: no previous prototype for ‘Skygl_sky.c:671:6: warning: no previous prototype for ‘Sky_ProcessEntities’ [-Wmissing-prototypes]
   gl_sky.c:717:74: warning: implicit conversion from ‘flogl_sky.c:717:74: warning: implicit conversion from ‘float’ to ‘double’ to match other operand of binary expression [-Wdouble-promotion]
      |                   gl_sky.c:718:79: warning: implicit conversion from ‘flogl_sky.c:718:79: warning: implicit conversion from ‘float’ to ‘double’ to match other operand of binary expression [-Wdouble-promotion]
gl_sky.c:760:6: warning: no previous prototype for ‘Skygl_sky.c:760:6: warning: no previous prototype for ‘Sky_EmitSkyBoxVertex’ [-Wmissing-prototypes]
gl_sky.c:766:37: warning: implicit conversion from ‘flogl_sky.c:766:37: warning: implicit conversion from ‘float’ to ‘double’ to match other operand of binary expression [-Wdouble-promotion]
  766 |         b[0] = s * gl_farclip.value / gl_sky.c:767:37: warning: implicit conversion from ‘flogl_sky.c:767:37: warning: implicit conversion from ‘float’ to ‘double’ to match other operand of binary expression [-Wdouble-promotion]
  767 |         b[1] = t * gl_farclip.value / gl_sky.c:768:33: warning: implicit conversion from ‘flogl_sky.c:768:33: warning: implicit conversion from ‘float’ to ‘double’ to match other operand of binary expression [-Wdouble-promotion]
  768 |         b[2] = gl_farclip.valugl_sky.c:781:18: warning: implicit conversion from ‘flogl_sky.c:781:18: warning: implicit conversion from ‘float’ to ‘double’ to match other operand of binary expression [-Wdouble-promotion]
 gl_sky.c:782:18: warning: implicit conversion from ‘flogl_sky.c:782:18: warning: implicit conversion from ‘float’ to ‘double’ to match other operand of binary expression [-Wdouble-promotion]
 gl_sky.c:787:30: warning: implicit conversion from ‘flogl_sky.c:787:30: warning: implicit conversion from ‘float’ to ‘double’ to match other operand of binary expression [-Wdouble-promotion]
  787 |         s = s *gl_sky.c:787:25: warning: implicit conversion from ‘flogl_sky.c:787:25: warning: implicit conversion from ‘float’ to ‘double’ to match other operand of binary expression [-Wdouble-promotion]
  787 |         s gl_sky.c:788:30: warning: implicit conversion from ‘flogl_sky.c:788:30: warning: implicit conversion from ‘float’ to ‘double’ to match other operand of binary expression [-Wdouble-promotion]
  788 |         t = t *gl_sky.c:788:25: warning: implicit conversion from ‘flogl_sky.c:788:25: warning: implicit conversion from ‘float’ to ‘double’ to match other operand of binary expression [-Wdouble-promotion]
  788 |         t gl_sky.c:790:17: warning: implicit conversion from ‘flogl_sky.c:790:17: warning: implicit conversion from ‘float’ to ‘double’ to match other operand of binary expression [-Wdouble-promotiongl_sky.c: At top level:
gl_sky.c:802:6: warning: no previous prototype for ‘Skygl_sky.c:802:6: warning: no previous prototype for ‘Sky_DrawSkyBox’ [-Wmissing-prototypes]
  802 gl_sky.c:865:6: warning: no previous prototype for ‘Skygl_sky.c:865:6: warning: no previous prototype for ‘Sky_SetBoxVert’ [-Wmissing-prototypes]
gl_sky.c:870:37: warning: implicit conversion from ‘flogl_sky.c:870:37: warning: implicit conversion from ‘float’ to ‘double’ to match other operand of binary expression [-Wdouble-promotion]
  870 |         b[0] = s * gl_farclip.value / gl_sky.c:871:37: warning: implicit conversion from ‘flogl_sky.c:871:37: warning: implicit conversion from ‘float’ to ‘double’ to match other operand of binary expression [-Wdouble-promotion]
  871 |         b[1] = t * gl_farclip.value / gl_sky.c:872:33: warning: implicit conversion from ‘flogl_sky.c:872:33: warning: implicit conversion from ‘float’ to ‘double’ to match other operand of binary expression [-Wdouble-promotion]
gl_sky.c:890:6: warning: no previous prototype for ‘Skygl_sky.c:890:6: warning: no previous prototype for ‘Sky_GetTexCoord’ [-Wmissing-prototypes]
gl_sky.c:902:25: warning: implicit conversion from ‘float’ to ‘double’ to match other operand of binary expression [-Wdouble-promotion]
gl_sky.c:905:41: warning: implicit conversion from ‘float’ to ‘double’ to match other operand of binary expression [-Wdouble-promotion]
  905 |         *s = (scroll + dir[0] * length) * (1.0gl_sky.c:906:41: warning: implicit conversion from ‘flogl_sky.c:906:41: warning: implicit conversion from ‘float’ to ‘double’ to match other operand of binary expression [-Wdouble-promotion]
gl_sky.c:919:6: warning: no previous prototype for ‘Skygl_sky.c:919:6: warning: no previous prototype for ‘Sky_DrawFaceQuad’ [-Wmissing-prototypes]
gl_sky.c:929:45: warning: implicit conversion from ‘flogl_sky.c:929:45: warning: implicit conversion from ‘float’ to ‘double’ to match other operand of binary expression [-Wdouble-promotion]
  929 |         if (gl_mtexable && r_skyalpha.value >= 1.0gl_sky.c:966:38: warning: implicit conversion from ‘flogl_sky.c:966:38: warning: implicit conversion from ‘float’ to ‘double’ to match other operand of binary expression [-Wdouble-promotion]
  966 |                 if (r_skyalpha.valgl_sky.c:981:38: warning: implicit conversion from ‘flogl_sky.c:981:38: warning: implicit conversion from ‘float’ to ‘double’ to match other operand of binary expression [-Wdouble-promotion]
gl_sky.c:1027:6: warning: no previous prototype for ‘Skgl_sky.c:1027:6: warning: no previous prototype for ‘Sky_DrawFace’ [-Wmissing-prototypes]
gl_sky.c:1047:18: warning: implicit conversion from ‘flgl_sky.c:1047:18: warning: implicit conversion from ‘float’ to ‘double’ to match other operand of binary expression [-Wdouble-promotion]
 gl_sky.c:1049:18: warning: implicit conversion from ‘flgl_sky.c:1049:18: warning: implicit conversion from ‘float’ to ‘double’ to match other operand of binary expression [-Wdouble-promotion]
 gl_sky.c:1055:54: warning: implicit conversion from ‘flgl_sky.c:1055:54: warning: implicit conversion from ‘float’ to ‘double’ to match other operand of binary expression [-Wdouble-promotion]
      gl_sky.c:1055:59: warning: implicit conversion from ‘flgl_sky.c:1055:59: warning: implicit conversion from ‘float’ to ‘double’ to match other operand of binary expression [-Wdouble-promotion]
      |    gl_sky.c:1055:34: warning: implicit conversion from ‘flgl_sky.c:1055:34: warning: implicit conversion from ‘float’ to ‘double’ to match other operand of binary expression [-Wdouble-promotion]
 1055 |                         if (i*qi < skymins[0][axis]/2+0.5 - qi || i*qi > skymaxs[0][agl_sky.c:1055:92: warning: implicit conversion from ‘flgl_sky.c:1055:92: warning: implicit conversion from ‘float’ to ‘double’ to match other operand of binary expression [-Wdouble-promotion]
      |                                     gl_sky.c:1055:72: warning: implicit conversion from ‘flgl_sky.c:1055:72: warning: implicit conversion from ‘float’ to ‘double’ to match other operand of binary expression [-Wdouble-promotion]
      |                 gl_sky.c:1056:58: warning: implicit conversion from ‘flgl_sky.c:1056:58: warning: implicit conversion from ‘float’ to ‘double’ to match other operand of binary expression [-Wdouble-promotion]
      |   gl_sky.c:1056:63: warning: implicit conversion from ‘flgl_sky.c:1056:63: warning: implicit conversion from ‘float’ to ‘double’ to match other operand of binary expression [-Wdouble-promotion]
      |        gl_sky.c:1056:38: warning: implicit conversion from ‘flgl_sky.c:1056:38: warning: implicit conversion from ‘float’ to ‘double’ to match other operand of binary expression [-Wdouble-promotion]
 1056 |                                 j*qj < skymins[1][axis]/2+0.5 - qj || j*qj > skymaxs[1][axigl_sky.c:1056:96: warning: implicit conversion from ‘flgl_sky.c:1056:96: warning: implicit conversion from ‘float’ to ‘double’ to match other operand of binary expression [-Wdouble-promotion]
      |                                         gl_sky.c:1056:76: warning: implicit conversion from ‘flgl_sky.c:1056:76: warning: implicit conversion from ‘float’ to ‘double’ to match other operand of binary expression [-Wdouble-promotion]
gl_sky.c:1086:6: warning: no previous prototype for ‘Skgl_sky.c:1086:6: warning: no previous prototype for ‘Sky_DrawSkyLayers’ [-Wmissing-prototypes]
gl_sky.c:1090:30: warning: implicit conversion from ‘flgl_sky.c:1090:30: warning: implicit conversion from ‘float’ to ‘double’ to match other operand of binary expression [-Wdouble-promotion]
 1090 |         if (r_skyagl_sky.c:1097:30: warning: implicit conversion from ‘flgl_sky.c:1097:30: warning: implicit conversion from ‘float’ to ‘double’ to match other operand of binary expression [-Wdouble-promotion]
gl_sky.c:1142:13: warning: comparing floating-point with gl_sky.c:1142:13: warning: comparing floating-point with ‘==’ or ‘!=’ is unsafe [-Wfloat-equal]
 1142 |         if (!r_fastsky.value && !(Foggl_screen.c:81:1: warning: missing initializer for field gl_screen.c:81:1: warning: missing initializer for field ‘value’ of ‘cvar_t’ {aka ‘struct cvar_s’} [-Wmissing-field-initializers]
gl_screen.c:82:1: warning: missing initializer for field ‘value’ of ‘cvar_t’ {aka ‘struct cvar_s’} [-Wmissing-field-initializers]
gl_screen.c:83:1: warning: missing initializer for field ‘value’ of ‘cvar_t’ {aka ‘struct cvar_s’} [-Wmissing-field-initializers]
gl_screen.c:84:1: warning: missing initializer for field ‘value’ of ‘cvar_t’ {aka ‘struct cvar_s’} [-Wmissing-field-initializers]
gl_screen.c:85:1: warning: missing initializer for field ‘value’ of ‘cvar_t’ {aka ‘struct cvar_s’} [-Wmissing-field-initializers]
gl_screen.c:86:1: warning: missing initializer for field ‘value’ of ‘cvar_t’ {aka ‘struct cvar_s’} [-Wmissing-field-initializers]
gl_screen.c:87:1: warning: missing initializer for field ‘value’ of ‘cvar_t’ {aka ‘struct cvar_s’} [-Wmissing-field-initializers]
gl_screen.c:88:1: warning: missing initializer for field ‘value’ of ‘cvar_t’ {aka ‘struct cvar_s’} [-Wmissing-field-initializers]
gl_screen.c:90:1: warning: missing initializer for field ‘value’ of ‘cvar_t’ {aka ‘struct cvar_s’} [-Wmissing-field-initializers]
gl_screen.c:92:1: warning: missing initializer for field ‘value’ of ‘cvar_t’ {aka ‘struct cvar_s’} [-Wmissing-field-initializers]
gl_screen.c:93:1: warning: missing initializer for field ‘value’ of ‘cvar_t’ {aka ‘struct cvar_s’} [-Wmissing-field-initializers]
gl_screen.c:94:1: warning: missing initializer for field ‘value’ of ‘cvar_t’ {aka ‘struct cvar_s’} [-Wmissing-field-initializers]
gl_screen.c:95:1: warning: missing initializer for field ‘value’ of ‘cvar_t’ {aka ‘struct cvar_s’} [-Wmissing-field-initializers]
gl_screen.c:96:1: warning: missing initializer for field ‘value’ of ‘cvar_t’ {aka ‘struct cvar_s’} [-Wmissing-field-initializers]
gl_screen.c:97:1: warning: missing initializer for field ‘value’ of ‘cvar_t’ {aka ‘struct cvar_s’} [-Wmissing-field-initializers]
gl_screen.c:98:1: warning: missing initializer for field ‘value’ of ‘cvar_t’ {aka ‘struct cvar_s’} [-Wmissing-field-initializers]
gl_screen.c:99:1: warning: missing initializer for field ‘value’ of ‘cvar_t’ {aka ‘struct cvar_s’} [-Wmissing-field-initializers]
gl_screen.c:100:1: warning: missing initializer for field ‘value’ of ‘cvar_t’ {aka ‘struct cvar_s’} [-Wmissing-field-initializers]
gl_screen.c:102:1: warning: missing initializer for field ‘value’ of ‘cvar_t’ {aka ‘struct cvar_s’} [-Wmissing-field-initializers]
gl_screen.c:164:6: warning: no previous prototype for ‘SCR_DrawCenterString’ [-Wmissing-prototypes]
gl_screen.c:176:61: warning: implicit conversion from ‘float’ to ‘double’ to match other operand of binary expression [-Wdouble-promotion]
gl_screen.c:176:50: warning: implicit conversion from ‘float’ to ‘double’ to match other operand of binary expression [-Wdouble-promotion]
gl_screen.c:187:13: warning: comparing floating-point with ‘==’ or ‘!=’ is unsafe [-Wfloat-equal]
gl_screen.c:215:6: warning: no previous prototype for ‘SCR_CheckDrawCenterString’ [-Wmissing-prototypes]
gl_screen.c:220:28: warning: implicit conversion from ‘float’ to ‘double’ to match other operand of binary expression [-Wdouble-promotion]
gl_screen.c:241:7: warning: no previeen.c: At top level:
gl_screen.c:241:7: warning: no previous prototype for ‘AdaptFovx’ [-Wmissing-prototypes]
gl_screen.c:246:43: warning: implicit conversion from ‘float’ to ‘double’ when passing argument to function [-Wdouble-promotion]
gl_screen.c:248:13: warning: comparing floating-point with ‘==’ or ‘!=’ is unsafe [-Wfloat-equal]
gl_screen.c:250:34: warning: comparing floating-point with ‘==’ or ‘!=’ is unsafe [-Wfloat-equal]
gl_screen.c:250:34: warning: implicit conversion from ‘float’ to ‘double’ to match other operand of binary expression [-Wdouble-promotion]
gl_screen.c:252:23: warning: implicit conversion from ‘float’ to ‘double’ to match other operand of binary expression [-Wdouble-promotion]
gl_screen.c:252:45: warning: implicit conversion from ‘float’ to ‘double’ to match other operand of binary expression [-Wdouble-promotion]
gl_screen.c:253:21: warning: implicit conversion from ‘float’ to ‘double’ to match other operand of binary expression [-Wdouble-promotion]
gl_screen.c:262:7: warning: no previous prototype for ‘CalcFovy’ [-Wmissing-prototypes]
gl_screen.c:267:43: warning: implicit conversion from ‘float’ to ‘double’ when passing argument to function [-Wdouble-promotion]
  267 |                 Sys_Error ("Bad fov: %f", fov_x);gl_screen.c:269:37: warning: implicit conversion from ‘gl_screen.c:269:37: warning: implicit conversion from ‘float’ to ‘double’ to match other operand of binary expression [-Wdouble-promotion]
  269 |         x = width / tan(fov_x / 36gl_screen.c:269:19: warning: implicit conversion from ‘gl_screen.c:269:19: warning: implicit conversion from ‘float’ to ‘double’ to match other operand of binary expression [-Wdouble-promotion]
  269 |         x = widtgl_screen.c:271:21: warning: implicit conversion from ‘gl_screen.c:271:21: warning: implicit conversion from ‘float’ to ‘double’ to match other operand of binary expression [-Wdouble-promotion]
gl_screen.c:341:6: warning: no previous prototype for ‘gl_screen.c:341:6: warning: no previous prototype for ‘SCR_SizeUp_f’ [-Wmissing-prototypes]
  gl_screen.c:354:6: warning: no previous prototype for ‘gl_screen.c:354:6: warning: no previous prototype for ‘SCR_SizeDown_f’ [-Wmissing-prototypes]
gl_screen.c:359:42: warning: unused parameter ‘var’ [gl_screen.c:359:42: warning: unused parameter ‘var’ [-Wunused-parameter]
gl_screen.c:369:6: warning: no previous prototype for ‘gl_screen.c:369:6: warning: no previous prototype for ‘SCR_Conwidth_f’ [-Wmissing-prototypes]
gl_screen.c:369:30: warning: unused parameter ‘var’ [gl_screen.c:369:30: warning: unused parameter ‘var’ [-Wunused-parameter]
gl_screen.c:447:6: warning: no previous prototype for ‘gl_screen.c:447:6: warning: no previous prototype for ‘SCR_DrawFPS’ [-Wmissing-prototypes]
gl_screen.c:472:13: warning: comparing floating-point witgl_screen.c:472:13: warning: comparing floating-point with ‘==’ or ‘!=’ is unsafe [-Wfloat-equal]
  472 |       gl_screen.c:479:21: warning: comparing floating-point witgl_screen.c:479:21: warning: comparing floating-point with ‘==’ or ‘!=’ is unsafe [-Wfloat-equal]
gl_screen.c:491:6: warning: no previous prototype for ‘gl_screen.c:491:6: warning: no previous prototype for ‘SCR_DrawClock’ [-Wmissing-prototypes]
gl_screen.c:495:29: warning: comparing floating-point witgl_screen.c:495:29: warning: comparing floating-point with ‘==’ or ‘!=’ is unsafe [-Wfloat-equal]
gl_screen.c:519:6: warning: no previous prototype for ‘gl_screen.c:519:6: warning: no previous prototype for ‘SCR_DrawDevStats’ [-Wmissing-prototypes]
gl_screen.c:525:13: warning: comparing floating-point witgl_screen.c:525:13: warning: comparing floating-point with ‘==’ or ‘!=’ is unsafe [-Wfloat-equal]
gl_screen.c:565:6: warning: no previous prototype for ‘gl_screen.c:565:6: warning: no previous prototype for ‘SCR_DrawTurtle’ [-Wmissing-prototypes]
gl_screen.c:569:13: warning: comparing floating-point witgl_screen.c:569:13: warning: comparing floating-point with ‘==’ or ‘!=’ is unsafe [-Wfloat-equal]
gl_screen.c:592:6: warning: no previous prototype for ‘gl_screen.c:592:6: warning: no previous prototype for ‘SCR_DrawNet’ [-Wmissing-prototypes]
gl_screen.c:594:22: warning: implicit conversion from ‘gl_screen.c:594:22: warning: implicit conversion from ‘float’ to ‘double’ to match other operand of binary expression [-Wdouble-promotion]
gl_screen.c:609:6: warning: no previous prototype for ‘gl_screen.c:609:6: warning: no previous prototype for ‘SCR_DrawPause’ [-Wmissing-prototypes]
gl_screen.c:616:13: warning: comparing floating-point witgl_screen.c:616:13: warning: comparing floating-point with ‘==’ or ‘!=’ is unsafe [-Wfloat-equal]
gl_screen.c:632:6: warning: no previous prototype for ‘gl_screen.c:632:6: warning: no previous prototype for ‘SCR_DrawLoading’ [-Wmissing-prototypes]
  632 | gl_screen.c:652:6: warning: no previous prototype for ‘gl_screen.c:652:6: warning: no previous prototype for ‘SCR_DrawCrosshair’ [-Wmissing-prototypes]
gl_screen.c:654:13: warning: comparing floating-point witgl_screen.c:654:13: warning: comparing floating-point with ‘==’ or ‘!=’ is unsafe [-Wfloat-equal]
gl_screen.c:671:6: warning: no previous prototype for ‘gl_screen.c:671:6: warning: no previous prototype for ‘SCR_SetUpToDrawConsole’ [-Wmissing-prototypes]
gl_screen.c:702:44: warning: implicit conversion from ‘gl_screen.c:702:44: warning: implicit conversion from ‘float’ to ‘double’ to match other operand of binary expression [-Wdouble-promotion]
  702 |                 scr_con_current -= conspeed*(glheight/600.0)*host_frametime/timescale; //johnfitz -- timescgl_screen.c:702:76: warning: implicit conversion from ‘gl_screen.c:702:76: warning: implicit conversion from ‘float’ to ‘double’ to match other operand of binary expression [-Wdouble-promotion]
      |                     gl_screen.c:702:33: warning: implicit conversion from ‘gl_screen.c:702:33: warning: implicit conversion from ‘float’ to ‘double’ to match other operand of binary expression [-Wdouble-promotion]
  702 |                 scr_con_current -= conspeed*(glheight/600.0)*host_frametime/timescale; //johnfitzgl_screen.c:709:44: warning: implicit conversion from ‘gl_screen.c:709:44: warning: implicit conversion from ‘float’ to ‘double’ to match other operand of binary expression [-Wdouble-promotion]
  709 |                 scr_con_current += conspeed*(glheight/600.0)*host_frametime/timescale; //johnfitz -- timescgl_screen.c:709:76: warning: implicit conversion from ‘gl_screen.c:709:76: warning: implicit conversion from ‘float’ to ‘double’ to match other operand of binary expression [-Wdouble-promotion]
      |                     gl_screen.c:709:33: warning: implicit conversion from ‘gl_screen.c:709:33: warning: implicit conversion from ‘float’ to ‘double’ to match other operand of binary expression [-Wdouble-promotion]
  709 |                 scr_con_current += conspeed*(glheight/600.0)*host_frametime/timescale; //johnfitzgl_screen.c:717:27: warning: comparing floating-point witgl_screen.c:717:27: warning: comparing floating-point with ‘==’ or ‘!=’ is unsafe [-Wfloat-equal]
gl_screen.c:726:6: warning: no previous prototype for ‘gl_screen.c:726:6: warning: no previous prototype for ‘SCR_DrawConsole’ [-Wmissing-prototypes]
gl_screen.c:728:13: warning: comparing floating-point witgl_screen.c:728:13: warning: comparing floating-point with ‘==’ or ‘!=’ is unsafe [-Wfloat-equal]
gl_screen.c:923:6: warning: nogl_screen.c: At top level:
gl_screen.c:923:6: warning: no previous prototype for ‘SCR_DrawNotifyString’ [-Wmissing-prototypes]
      |      ^~~~~~~~~~~~~gl_screen.c:982:35: warning: implicit conversion from ‘gl_screen.c:982:35: warning: implicit conversion from ‘float’ to ‘double’ to match other operand of binary expression [-Wdouble-promotion]
  982 |         time1 = Sys_DoubleTime () + timeout; //johnfitgl_screen.c:991:21: warning: comparing floating-point witgl_screen.c:991:21: warning: comparing floating-point with ‘==’ or ‘!=’ is unsafe [-Wfloat-equal]
gl_screen.c:1027:54: warning: comparing floating-point wigl_screen.c:1027:54: warning: comparing floating-point with ‘==’ or ‘!=’ is unsafe [-Wfloat-equal]
      gl_screen.c:1027:113: warning: comparing floating-point wgl_screen.c:1027:113: warning: comparing floating-point with ‘==’ or ‘!=’ is unsafe [-Wfloat-equal]
gl_screen.c:1073:48: warning: comparing floating-point wigl_screen.c:1073:48: warning: comparing floating-point with ‘==’ or ‘!=’ is unsafe [-Wfloat-equal]
 1077 |                 if (realtime - scr_dir_world.c:75:10: warning: no previous prototype for ‘R_r_world.c:75:10: warning: no previous prototype for ‘R_BackFaceCull’ [-Wmissing-prototypes]
r_world.c:115:13: warning: comparing floating-point with r_world.c:115:13: warning: comparing floating-point with ‘==’ or ‘!=’ is unsafe [-Wfloat-equal]
  115 |         if (r_novis.value || r_viewleaf->contents == CONTENTS_SOLID || r_viewlear_world.c:138:29: warning: comparing floating-point with r_world.c:138:29: warning: comparing floating-point with ‘==’ or ‘!=’ is unsafe [-Wfloat-equal]
r_world.c:206:6: warning: no previous prototype for ‘R_r_world.c:206:6: warning: no previous prototype for ‘R_DrawTextureChains_ShowTris’ [-Wmissing-prototypes]
  206 | void R_DrawTextureChains_ShowTris (qmodel_t *model, texr_world.c:242:6: warning: no previous prototype for ‘R_r_world.c:242:6: warning: no previous prototype for ‘R_DrawTextureChains_Drawflat’ [-Wmissing-prototypes]
  242 | void R_DrawTextureChains_Drawflat (qmodel_t *model, texr_world.c:286:6: warning: no previous prototype for ‘R_r_world.c:286:6: warning: no previous prototype for ‘R_DrawTextureChains_Glow’ [-Wmissing-prototypes]
  286 | void R_DrawTextureChains_Glow (qmodel_t *model, entity_t *ent,r_world.c:426:6: warning: no previous prototype for ‘R_r_world.c:426:6: warning: no previous prototype for ‘R_DrawTextureChains_Multitexture’ [-Wmissing-prototypes]
  426 | void R_DrawTextureChains_Multitexture (qmodel_t *model, entity_t *ent, texchair_world.c:508:6: warning: no previous prototype for ‘R_r_world.c:508:6: warning: no previous prototype for ‘R_DrawTextureChains_NoTexture’ [-Wmissing-prototypes]
r_world.c:544:6: warning: no previous prototype for ‘R_DrawTextureChains_TextureOnly’ [-Wmissing-prototypes]
r_world.c:589:7: warning: no previous prototype for ‘GL_WaterAlphaForEntitySurface’ [-Wmissing-prototypes]
r_world.c:669:45: warning: comparing floating-point with ‘==’ or ‘!=’ is unsafe [-Wfloat-equal]
r_world.c:671:41: warning: comparing floating-point with ‘==’ or ‘!=’ is unsafe [-Wfloat-equal]
r_world.c:672:41: warning: comparing floating-point with ‘==’ or ‘!=’ is unsafe [-Wfloat-equal]
r_world.c:809:6: warning: no previous prototype for ‘R_r_world.c:809:6: warning: no previous prototype for ‘R_DrawTextureChains_White’ [-Wmissing-prototypes]
r_world.c:839:6: warning: no previous prototype for ‘R_DrawLightmapChains’ [-Wmissing-prototypes]
  839 | void R_Drar_world.c:968:6: warning: no previous prototype for ‘R_r_world.c:968:6: warning: no previous prototype for ‘R_DrawTextureChains_GLSL’ [-Wmissing-prototypes]
r_world.c:972:39: warning: comparing floating-point with r_world.c:972:39: warning: comparing floating-point with ‘==’ or ‘!=’ is unsafe [-Wfloat-equal]
r_world.c:973:39: warning: comparing floating-point with ‘==’ or ‘!=’ is unsafe [-Wfloat-equal]
r_world.c:1023:21: warning: comparing floating-point with ‘==’ or ‘!=’ is unsafe [-Wfloat-equal]
r_world.c:1086:6: warning: no previous prototype for ‘R_DrawLightmapChains_GLSL’ [-Wmissing-prototypes]
r_world.c:1088:39: warning: comparing floating-point with ‘==’ or ‘!=’ is unsafe [-Wfloat-equal]
r_world.c:1089:39: warning: comparing floating-point with ‘==’ or ‘!=’ is unsafe [-Wfloat-equal]
r_world.c:1086:59: warning: unused parameter ‘ent’ [-Wunused-parameter]
r_world.c:1205:21: warning: comparing floating-point with ‘==’ or ‘!=’ is unsafe [-Wfloat-equal]
 1205 |                r_world.c:1211:21: warning: comparing floating-point withr_world.c:1211:21: warning: comparing floating-point with ‘==’ or ‘!=’ is unsafe [-Wfloat-equal]
r_world.c:1233:13: warning: comparing floating-point with ‘==’ or ‘!=’ is unsafe [-Wfloat-equal]
r_world.c:1329:13: warning: comparing floating-point with ‘==’ or ‘!=’ is unsafe [-Wfloat-equal]
gl_warp.c:106:41: warning: implicit conversion from ‘vegl_warp.c:106:41: warning: implicit conversion from ‘vec_t’ {aka ‘float’} to ‘double’ to match other operand of binary expression [-Wdouble-promotion]
  106 |                 m = (mins[i] + maxs[i]) gl_warp.c:107:80: warning: implicit conversion from ‘flgl_warp.c:107:80: warning: implicit conversion from ‘float’ to ‘double’ to match other operand of binary expression [-Wdouble-promotion]
      |                         gl_warp.c:107:45: warning: implicit conversion from ‘flgl_warp.c:107:45: warning: implicit conversion from ‘float’ to ‘double’ to match other operand of binary expression [-Wdouble-promotion]
  107 |                 m = gl_subdivide_size.value * floor (m/gl_subdivide_size.value + 0.5gl_warp.c:137:37: warning: comparing floating-point with gl_warp.c:137:37: warning: comparing floating-point with ‘==’ or ‘!=’ is unsafe [-Wfloat-equal]
  137 |                         if (dist[j] == 0 || dist[jgl_warp.c:137:55: warning: comparing floating-point with gl_warp.c:137:55: warning: comparing floating-point with ‘==’ or ‘!=’ is unsafe [-Wfloat-equal]
gl_warp.c:56:50: warning: implicit conversion from ‘flogl_warp.c:56:50: warning: implicit conversion from ‘float’ to ‘double’ to match other operand of binary expression [-Wdouble-promotion]
  213 |                         st[i*2+0] = WARPCALC2(v[3], v[4]gl_warp.c:56:88: warning: implicit conversion from ‘flogl_warp.c:56:88: warning: implicit conversion from ‘float’ to ‘double’ to match other operand of binary expression [-Wdouble-promotion]
  213 |                         st[i*2+0] = WARPCALC2(v[3], v[4]gl_warp.c:56:50: warning: implicit conversion from ‘flogl_warp.c:56:50: warning: implicit conversion from ‘float’ to ‘double’ to match other operand of binary expression [-Wdouble-promotion]
  214 |                         st[i*2+1] = WARPCALC2(v[4], v[3]gl_warp.c:56:88: warning: implicit conversion from ‘flogl_warp.c:56:88: warning: implicit conversion from ‘float’ to ‘double’ to match other operand of binary expression [-Wdouble-promotion]
  214 |                         st[i*2+1] = WARPCALC2(v[4], v[3]gl_warp.c:55:52: warning: implicit conversion from ‘flogl_warp.c:55:52: warning: implicit conversion from ‘float’ to ‘double’ to match other operand of binary expression [-Wdouble-promotion]
  221 |                         st[i*2+0] = WARPCALC(v[3], v[4gl_warp.c:55:85: warning: implicit conversion from ‘flogl_warp.c:55:85: warning: implicit conversion from ‘float’ to ‘double’ to match other operand of binary expression [-Wdouble-promotion]
  221 |                         st[i*2+0] = WARPCALC(v[3], v[4gl_warp.c:55:52: warning: implicit conversion from ‘flogl_warp.c:55:52: warning: implicit conversion from ‘float’ to ‘double’ to match other operand of binary expression [-Wdouble-promotion]
  222 |                         st[i*2+1] = WARPCALC(v[4], v[3gl_warp.c:55:85: warning: implicit conversion from ‘flogl_warp.c:55:85: warning: implicit conversion from ‘float’ to ‘double’ to match other operand of binary expression [-Wdouble-promotion]
gl_warp.c:303:38: warning: implicit conversion from ‘flgl_warp.c:303:38: warning: implicit conversion from ‘float’ to ‘double’ to match other operand of binary expression [-Wdouble-promotion]
  303 |                         for (x=0.0; x<128gl_warp.c:307:46: warning: implicit conversion from ‘flgl_warp.c:307:46: warning: implicit conversion from ‘float’ to ‘double’ to match other operand of binary expression [-Wdouble-promotion]
  307 |                                 for (y=0.0; y<128.01 && n < 130; y+=warptess) // .01 for rounding errorgl_warp.c:55:52: warning: implicit conversion from ‘flogl_warp.c:55:52: warning: implicit conversion from ‘float’ to ‘double’ to match other operand of binary expression [-Wdouble-promotion]
      |        gl_warp.c:55:85: warning: implicit conversion from ‘flogl_warp.c:55:85: warning: implicit conversion from ‘float’ to ‘double’ to match other operand of binary expression [-Wdouble-promotion]
      |        gl_warp.c:55:52: warning: implicit conversion from ‘flogl_warp.c:55:52: warning: implicit conversion from ‘float’ to ‘double’ to match other operand of binary expression [-Wdouble-promotion]
      |        gl_warp.c:55:85: warning: implicit conversion from ‘flogl_warp.c:55:85: warning: implicit conversion from ‘float’ to ‘double’ to match other operand of binary expression [-Wdouble-promotion]
      |        gl_warp.c:55:52: warning: implicit conversion from ‘flogl_warp.c:55:52: warning: implicit conversion from ‘float’ to ‘double’ to match other operand of binary expression [-Wdouble-promotion]
      |        gl_warp.c:55:85: warning: implicit conversion from ‘flogl_warp.c:55:85: warning: implicit conversion from ‘float’ to ‘double’ to match other operand of binary expression [-Wdouble-promotion]
      |        gl_warp.c:55:52: warning: implicit conversion from ‘flogl_warp.c:55:52: warning: implicit conversion from ‘float’ to ‘double’ to match other operand of binary expression [-Wdouble-promotion]
      |        gl_warp.c:55:85: warning: implicit conversion from ‘flogl_warp.c:55:85: warning: implicit conversion from ‘float’ to ‘double’ to match other operand of binary expression [-Wdouble-promotion]
      |        gl_warp.c:327:30: warning: implicit conversion from ‘flgl_warp.c:327:30: warning: implicit conversion from ‘float’ to ‘double’ to match other operand of binary expression [-Wdouble-promotion]
  327 |                 for (x=0.gl_warp.c:331:38: warning: implicit conversion from ‘flgl_warp.c:331:38: warning: implicit conversion from ‘float’ to ‘double’ to match other operand of binary expression [-Wdouble-promotion]
  331 |                         for (y=0.0; y<128.01; y+=warptess) // .01 for roundigl_warp.c:55:52: warning: implicit conversion from ‘flogl_warp.c:55:52: warning: implicit conversion from ‘float’ to ‘double’ to match other operand of binary expression [-Wdouble-promotion]
      gl_warp.c:55:85: warning: implicit conversion from ‘flogl_warp.c:55:85: warning: implicit conversion from ‘float’ to ‘double’ to match other operand of binary expression [-Wdouble-promotion]
      gl_warp.c:55:52: warning: implicit conversion from ‘flogl_warp.c:55:52: warning: implicit conversion from ‘float’ to ‘double’ to match other operand of binary expression [-Wdouble-promotion]
      |              gl_warp.c:55:85: warning: implicit conversion from ‘flogl_warp.c:55:85: warning: implicit conversion from ‘float’ to ‘double’ to match other operand of binary expression [-Wdouble-promotion]
      |              gl_warp.c:55:52: warning: implicit conversion from ‘flogl_warp.c:55:52: warning: implicit conversion from ‘float’ to ‘double’ to match other operand of binary expression [-Wdouble-promotion]
      gl_warp.c:55:85: warning: implicit conversion from ‘flogl_warp.c:55:85: warning: implicit conversion from ‘float’ to ‘double’ to match other operand of binary expression [-Wdouble-promotion]
      gl_warp.c:55:52: warning: implicit conversion from ‘flogl_warp.c:55:52: warning: implicit conversion from ‘float’ to ‘double’ to match other operand of binary expression [-Wdouble-promotion]
      |               gl_warp.c:55:85: warning: implicit conversion from ‘flogl_warp.c:55:85: warning: implicit conversion from ‘float’ to ‘double’ to match other operand of binary expression [-Wdouble-promotion]
      |               gl_vidsdl.c:165:1: warning: missing initializer for fieldgl_vidsdl.c:165:1: warning: missing initializer for field ‘value’ of ‘cvar_t’ {aka ‘struct cvar_s’} [-Wmissing-field-initializers]
   85 |         floagl_vidsdl.c:166:1: warning: missing initializer for fieldgl_vidsdl.c:166:1: warning: missing initializer for field ‘value’ of ‘cvar_t’ {aka ‘struct cvar_s’} [-Wmissing-field-initializers]
gl_vidsdl.c:167:1: warning: missing initializer for field ‘value’ of ‘cvar_t’ {aka ‘struct cvar_s’} [-Wmissing-field-initializers]
gl_vidsdl.c:168:1: warning: missing initializer for field ‘value’ of ‘cvar_t’ {aka ‘struct cvar_s’} [-Wmissing-field-initializers]
gl_vidsdl.c:169:1: warning: missing initializer for field ‘value’ of ‘cvar_t’ {aka ‘struct cvar_s’} [-Wmissing-field-initializers]
gl_vidsdl.c:170:1: warning: missing initializer for field ‘value’ of ‘cvar_t’ {aka ‘struct cvar_s’} [-Wmissing-field-initializers]
gl_vidsdl.c:171:1: warning: missing initializer for field ‘value’ of ‘cvar_t’ {aka ‘struct cvar_s’} [-Wmissing-field-initializers]
gl_vidsdl.c:172:1: warning: missing initializer for field ‘value’ of ‘cvar_t’ {aka ‘struct cvar_s’} [-Wmissing-field-initializers]
gl_vidsdl.c:173:1: warning: missing initializer for field ‘value’ of ‘cvar_t’ {aka ‘struct cvar_s’} [-Wmissing-field-initializers]
gl_vidsdl.c:176:1: warning: missing initializer for field ‘value’ of ‘cvar_t’ {aka ‘struct cvar_s’} [-Wmissing-field-initializers]
gl_vidsdl.c:177:1: warning: missing initializer for field ‘value’ of ‘cvar_t’ {aka ‘struct cvar_s’} [-Wmissing-field-initializers]
gl_vidsdl.c:214:45: warning: implicit conversion from ‘float’ to ‘double’ to match other operand of binary expression [-Wdouble-promotion]
gl_vidsdl.c:214:37: warning: implicit conversion from ‘float’ to ‘double’ to match other operand of binary expression [-Wdouble-promotion]
gl_vidsdl.c:286:34: warning: unused parameter ‘var’ [-Wunused-parameter]
gl_vidsdl.c:532:58: warning: comparison of integer expressions of different signedness: ‘Uint32’ {aka ‘unsigned int’} and ‘int’ [-Wsign-compare]
gl_vidsdl.c:550:24: warning: comparing floating-point with ‘==’ or ‘!=’ is unsafe [-Wfloat-equal]
gl_vidsdl.c:634:21: warning: comparing floating-point with ‘==’ or ‘!=’ is unsafe [-Wfloat-equal]
gl_vidsdl.c:675:67: warning: comparing floating-point with ‘==’ or ‘!=’ is unsafe [-Wfloat-equal]
gl_vidsdl.c:680:65: warning: comparing floating-point with ‘==’ or ‘!=’ is unsafe [-Wfloat-equal]
gl_vidsdl.c:697:55: warning: comparing floating-point with ‘==’ or ‘!=’ is unsafe [-Wfloat-equal]
gl_vidsdl.c:782:36: warning: unused parameter ‘var’ [-Wunused-parameter]
gl_vidsdl.c:804:43: warning: comparing floating-point with ‘==’ or ‘!=’ is unsafe [-Wfloat-equal]
gl_vidsdl.c:1270:19: warning: comparing floating-point with ‘==’ or ‘!=’ is unsafe [-Wfloat-equal]
gl_vidsdl.c:1270:61: warning: comparing floating-point with ‘==’ or ‘!=’ is unsafe [-Wfloat-equal]
gl_vidsdl.c:1301:27: warning: comparing floating-point with ‘==’ or ‘!=’ is unsafe [-Wfloat-equal]
gl_vidsdl.c:1301:41: warning: comparing floating-point with ‘==’ or ‘!=’ is unsafe [-Wfloat-equal]
gl_vidsdl.c:1308:112: warning: implicit conversion from ‘float’ to ‘double’ when passing argument to function [-Wdouble-promotion]
gl_vidsdl.c:2060:53: warning: comparing floating-point with ‘==’ or ‘!=’ is unsafe [-Wfloat-equal]
gl_vidsdl.c:2202:39: warning: comparing floating-point with ‘==’ or ‘!=’ is unsafe [-Wfloat-equal]
gl_vidsdl.c:2203:44: warning: comparing floating-point with ‘==’ or ‘!=’ is unsafe [-Wfloat-equal]
gl_vidsdl.c:2253:39: warning: comparing floating-point with ‘==’ or ‘!=’ is unsafe [-Wfloat-equal]
gl_vidsdl.c:2254:40: warning: comparing floating-point with ‘==’ or ‘!=’ is unsafe [-Wfloat-equal]
gl_vidsdl.c:2255:37: warning: comparing floating-point with ‘==’ or ‘!=’ is unsafe [-Wfloat-equal]
gl_vidsdl.c:2305:53: warning: comparing floating-point with ‘==’ or ‘!=’ is unsafe [-Wfloat-equal]
gl_vidsdl.c:2306:58: warning: comparing floating-point with ‘==’ or ‘!=’ is unsafe [-Wfloat-equal]
gl_vidsdl.c:2345:46: warning: comparing floating-point with ‘==’ or ‘!=’ is unsafe [-Wfloat-equal]
gl_vidsdl.c:2379:39: warning: comparing floating-point with ‘==’ or ‘!=’ is unsafe [-Wfloat-equal]
gl_draw.c:30:1: warning: missing initializer for field ‘value’ of ‘cvar_t’ {aka ‘struct cvar_s’} [-Wmissing-field-initializers]
gl_draw.c:150:5: warning: no previous prototype for ‘Scrap_AllocBlock’ [-Wmissing-prototypes]
gl_draw.c:196:6: warning: no previous prototype for ‘Scrap_Upload’ [-Wmissing-prototypes]
gl_draw.c:322:9: warning: no previous prototype for ‘Draw_MakePic’ [-Wmissing-prototypes]
gl_draw.c:353:6: warning: no previous prototype for ‘Draw_LoadPics’ [-Wmissing-prototypes]
gl_draw.c:431:6: warning: no previous prototype for ‘Draw_CharacterQuad’ [-Wmissing-prototypes]
image.c:114:5: warning: no previous prototype for ‘fgetLittleShort’ [-Wmissing-prototypes]
image.c:124:5: warning: no previous prototype for ‘fgetLittleLong’ [-Wmissing-prototypes]
image.c:260:60: warning: comparison of integer expressions of different signedness: ‘int’ and ‘long unsigned int’ [-Wsign-compare]
gl_mesh.c:263:32: warning: implicit conversion from ‘flgl_mesh.c:263:32: warning: implicit conversion from ‘float’ to ‘double’ to match other operand of binary expression [-Wdouble-promotion]
  263 |                         s = (s + 0.5) / pheagl_mesh.c:264:32: warning: implicit conversion from ‘flgl_mesh.c:264:32: warning: implicit conversion from ‘float’ to ‘double’ to match other operand of binary expression [-Wdouble-promotion]
  264 |                         t = (t + 0.5) / pheadgl_texmgr.c:58:1: warning: missing initializer for field gl_texmgr.c:58:1: warning: missing initializer for field ‘value’ of ‘cvar_t’ {aka ‘struct cvar_s’} [-Wmissing-field-initializers]
   85 |         floagl_texmgr.c:59:1: warning: missing initializer for field gl_texmgr.c:59:1: warning: missing initializer for field ‘value’ of ‘cvar_t’ {aka ‘struct cvar_s’} [-Wmissing-field-initializers]
   85 |         floagl_texmgr.c:60:1: warning: missing initializer for field gl_texmgr.c:60:1: warning: missing initializer for field ‘value’ of ‘cvar_t’ {aka ‘struct cvar_s’} [-Wmissing-field-initializers]
   85 |         floagl_texmgr.c:67:1: warning: missing initializer for field gl_texmgr.c:67:1: warning: missing initializer for field ‘value’ of ‘cvar_t’ {aka ‘struct cvar_s’} [-Wmissing-field-initializers]
   85 |         floagl_texmgr.c:78:1: warning: missing initializer for field gl_texmgr.c:78:1: warning: missing initializer for field ‘value’ of ‘cvar_t’ {aka ‘struct cvar_s’} [-Wmissing-field-initializers]
gl_texmgr.c:168:43: warning: unused parameter ‘var’ [gl_texmgr.c:168:43: warning: unused parameter ‘var’ [-Wunused-parameter]
gl_texmgr.c:224:32: warning: unused parameter ‘var’ [gl_texmgr.c:224:32: warning: unused parameter ‘var’ [-Wunused-parameter]
gl_texmgr.c:251:42: warning: unused parameter ‘var’ [gl_texmgr.c:251:42: warning: unused parameter ‘var’ [-Wunused-parameter]
gl_texmgr.c:298:92: warning: implicit conversion from ‘gl_texmgr.c:298:92: warning: implicit conversion from ‘float’ to ‘double’ when passing argument to function [-Wdouble-promotion]
gl_texmgr.c:540:6: warning: no previous prototype for ‘gl_texmgr.c:540:6: warning: no previous prototype for ‘TexMgr_LoadPalette’ [-Wmissing-prototypes]
gl_texmgr.c:646:29: warning: comparing floating-point witgl_texmgr.c:646:29: warning: comparing floating-point with ‘==’ or ‘!=’ is unsafe [-Wfloat-equal]
gl_texmgr.c:1481:56: warning: comparing floating-point wigl_texmgr.c:1481:56: warning: comparing floating-point with ‘==’ or ‘!=’ is unsafe [-Wfloat-equal]
gl_texmgr.c:1543:38: warning: comparing floating-point wigl_texmgr.c:1543:38: warning: comparing floating-point with ‘==’ or ‘!=’ is unsafe [-Wfloat-equal]
r_sprite.c:31:17: warning: no previous prototype for ‘R_GetSpriteFrame’ [-Wmissing-prototypes]
r_sprite.c:72:32: warning: implicit conversion from ‘float’ to ‘double’ to match other operand of binary expression [-Wdouble-promotion]
mathlib.h:67:23: warning: comparing floating-point with ‘==’ or ‘!=’ is unsafe [-Wfloat-equal]
mathlib.h:67:23: warning: implicit conversion from ‘float’ to ‘double’ to match other operand of binary expression [-Wdouble-promotion]
mathlib.h:67:23: warning: comparing floating-point with ‘==’ or ‘!=’ is unsafe [-Wfloat-equal]
mathlib.h:67:23: warning: implicit conversion from ‘float’ to ‘double’ to match other operand of binary expression [-Wdouble-promotion]
r_sprite.c:141:53: warning: implicit conversion from ‘vec_t’ {aka ‘float’} to ‘double’ to match other operand of binary expression [-Wdouble-promotion]
r_alias.c:232:6: warning: no previous prototype for ‘GLr_alias.c:232:6: warning: no previous prototype for ‘GL_DrawAliasFrame_GLSL’ [-Wmissing-prototypes]
  232 | void GL_DrawAliasFrame_GLSL (aliashdr_t *paliashdr, lerpdata_t lerpdata, gltexture_t *r_alias.c:631:6: warning: no previous prototype for ‘GLr_alias.c:631:6: warning: no previous prototype for ‘GL_DrawAliasFrame’ [-Wmissing-prototypes]
  631 | void GL_DrawAliasFrame (aliashdr_t *paliasr_alias.c:644:6: warning: no previous prototype for ‘R_r_alias.c:644:6: warning: no previous prototype for ‘R_SetupAliasFrame’ [-Wmissing-prototypes]
r_alias.c:661:42: warning: implicit conversion from ‘flr_alias.c:661:42: warning: implicit conversion from ‘float’ to ‘double’ to match other operand of binary expression [-Wdouble-promotion]
  661 |                 posenum += (int)(cl.time / e->lerptime) % numpr_alias.c:691:13: warning: comparing floating-point with r_alias.c:691:13: warning: comparing floating-point with ‘==’ or ‘!=’ is unsafe [-Wfloat-equal]
  691 |         if (r_lerpmodels.value && !(e->model->flags & MOD_NOLERP && r_r_alias.c:691:88: warning: comparing floating-point with r_alias.c:691:88: warning: comparing floating-point with ‘==’ or ‘!=’ is unsafe [-Wfloat-equal]
r_alias.c:694:72: warning: implicit conversion from ‘float’ to ‘double’ to match other operand of binary expression [-Wdouble-promotion]
      | r_alias.c:696:72: warning: implicit conversion from ‘flr_alias.c:696:72: warning: implicit conversion from ‘float’ to ‘double’ to match other operand of binary expression [-Wdouble-promotion]
      | r_alias.c:697:37: warning: comparing floating-point with r_alias.c:697:37: warning: comparing floating-point with ‘==’ or ‘!=’ is unsafe [-Wfloat-equal]
r_alias.c:715:6: warning: no previous prototype for ‘R_r_alias.c:715:6: warning: no previous prototype for ‘R_SetupEntityTransform’ [-Wmissing-prototypes]
r_alias.c:741:13: warning: comparing floating-point with r_alias.c:741:13: warning: comparing floating-point with ‘==’ or ‘!=’ is unsafe [-Wfloat-equal]
  741 |         if (r_lerpmove.value && e != &cl.viewent && e->lr_alias.c:744:62: warning: implicit conversion from ‘flr_alias.c:744:62: warning: implicit conversion from ‘float’ to ‘double’ to match other operand of binary expression [-Wdouble-promotion]
      | r_alias.c:746:62: warning: implicit conversion from ‘flr_alias.c:746:62: warning: implicit conversion from ‘float’ to ‘double’ to match other operand of binary expression [-Wdouble-promotion]
r_alias.c:777:6: warning: no previous prototype for ‘R_r_alias.c:777:6: warning: no previous prototype for ‘R_SetupAliasLighting’ [-Wmissing-prototypes]
r_alias.c:799:39: warning: implicit conversion from ‘flr_alias.c:799:39: warning: implicit conversion from ‘float’ to ‘double’ to match other operand of binary expression [-Wdouble-promotion]
  799 |                 if (cl_dlights[i].die >= cr_alias.c:841:13: warning: comparing floating-point with r_alias.c:841:13: warning: comparing floating-point with ‘==’ or ‘!=’ is unsafe [-Wfloat-equal]
  841 |         if (gl_fullbrights.value && !gl_over_alias.c:841:37: warning: comparing floating-point with r_alias.c:841:37: warning: comparing floating-point with ‘==’ or ‘!=’ is unsafe [-Wfloat-equal]
  841 |         if (gl_fullbrights.value && !gl_overbright_modr_alias.c:849:46: warning: implicit conversion from ‘ver_alias.c:849:46: warning: implicit conversion from ‘vec_t’ {aka ‘float’} to ‘double’ to match other operand of binary expression [-Wdouble-promotion]
r_alias.c:894:54: warning: comparing floating-point with r_alias.c:894:54: warning: comparing floating-point with ‘==’ or ‘!=’ is unsafe [-Wfloat-equal]
      |r_alias.c:895:54: warning: implicit conversion from ‘flr_alias.c:895:54: warning: implicit conversion from ‘float’ to ‘double’ to match other operand of binary expression [-Wdouble-promotion]
      r_alias.c:895:61: warning: implicit conversion from ‘flr_alias.c:895:61: warning: implicit conversion from ‘float’ to ‘double’ to match other operand of binary expression [-Wdouble-promotion]
      |      r_alias.c:895:46: warning: implicit conversion from ‘flr_alias.c:895:46: warning: implicit conversion from ‘float’ to ‘double’ to match other operand of binary expression [-Wdouble-promotion]
  895 |                 fovscale = tan(scr_fov.value * (0.5f * M_PI / 180.f))r_alias.c:905:13: warning: comparing floating-point with r_alias.c:905:13: warning: comparing floating-point with ‘==’ or ‘!=’ is unsafe [-Wfloat-equal]
  905 |         if (gl_smoothmodels.value && !rr_alias.c:907:13: warning: comparing floating-point with r_alias.c:907:13: warning: comparing floating-point with ‘==’ or ‘!=’ is unsafe [-Wfloat-equal]
  907 |         if (glr_alias.c:909:23: warning: comparing floating-point with r_alias.c:909:23: warning: comparing floating-point with ‘==’ or ‘!=’ is unsafe [-Wfloat-equal]
  909 |         overbright = !!gl_r_alias.c:919:22: warning: comparing floating-point with r_alias.c:919:22: warning: comparing floating-point with ‘==’ or ‘!=’ is unsafe [-Wfloat-equal]
  919 |   r_alias.c:950:44: warning: comparing floating-point with r_alias.c:950:44: warning: comparing floating-point with ‘==’ or ‘!=’ is unsafe [-Wfloat-equal]
  950 |         if (e->colormap != vid.colormap && !gl_nocolors.valr_alias.c:955:13: warning: comparing floating-point with r_alias.c:955:13: warning: comparing floating-point with ‘==’ or ‘!=’ is unsafe [-Wfloat-equal]
r_alias.c:1183:22: warning: comparing floating-point withr_alias.c:1183:22: warning: comparing floating-point with ‘==’ or ‘!=’ is unsafe [-Wfloat-equal]
 1183 |         ifr_alias.c:1209:34: warning: implicit conversion from ‘fr_alias.c:1209:34: warning: implicit conversion from ‘float’ to ‘double’ to match other operand of binary expression [-Wdouble-promotion]
r_alias.c:1237:54: warning: comparing floating-point withr_alias.c:1237:54: warning: comparing floating-point with ‘==’ or ‘!=’ is unsafe [-Wfloat-equal]
r_alias.c:1238:54: warning: implicit conversion from ‘float’ to ‘double’ to match other operand of binary expression [-Wdouble-promotion]
      r_alias.c:1238:61: warning: implicit conversion from ‘fr_alias.c:1238:61: warning: implicit conversion from ‘float’ to ‘double’ to match other operand of binary expression [-Wdouble-promotion]
      |      r_alias.c:1238:46: warning: implicit conversion from ‘fr_alias.c:1238:46: warning: implicit conversion from ‘float’ to ‘double’ to match other operand of binary expression [-Wdouble-promotion]
r_brush.c:289:13: warning: comparing floating-point with ‘==’ or ‘!=’ is unsafe [-Wfloat-equal]
r_brush.c:289:26: warning: comparing floating-point with ‘==’ or ‘!=’ is unsafe [-Wfloat-equal]
r_brush.c:289:42: warning: comparing floating-point with ‘==’ or ‘!=’ is unsafe [-Wfloat-equal]
  289 |         if (e->angles[0] || e->angles[1] || e->anglesr_brush.c:305:48: warning: comparing floating-point with r_brush.c:305:48: warning: comparing floating-point with ‘==’ or ‘!=’ is unsafe [-Wfloat-equal]
r_brush.c:309:48: warning: implicit conversion from ‘flr_brush.c:309:48: warning: implicit conversion from ‘float’ to ‘double’ to match other operand of binary expression [-Wdouble-promotion]
r_brush.c:310:34: warning: comparing floating-point with r_brush.c:310:34: warning: comparing floating-point with ‘==’ or ‘!=’ is unsafe [-Wfloat-equal]
r_brush.c:320:13: warning: comparing floating-point with ‘==’ or ‘!=’ is unsafe [-Wfloat-equal]
r_brush.c:322:30: warning: implicit conversion from ‘vec_t’ {aka ‘float’} to ‘double’ to match other operand of binary expression [-Wdouble-promotion]
r_brush.c:323:30: warning: implicit conversion from ‘vec_t’ {aka ‘float’} to ‘double’ to match other operand of binary expression [-Wdouble-promotion]
r_brush.c:324:30: warning: implicit conversion from ‘vec_t’ {aka ‘float’} to ‘double’ to match other operand of binary expression [-Wdouble-promotion]
r_brush.c:327:13: warning: comparing floating-point with ‘==’ or ‘!=’ is unsafe [-Wfloat-equal]
r_brush.c:329:30: warning: implicit conversion from ‘vec_t’ {aka ‘float’} to ‘double’ to match other operand of binary expression [-Wdouble-promotion]
r_brush.c:330:30: warning: implicit conversion from ‘vec_t’ {aka ‘float’} to ‘double’ to match other operand of binary expression [-Wdouble-promotion]
r_brush.c:331:30: warning: implicit conversion from ‘vec_t’ {aka ‘float’} to ‘double’ to match other operand of binary expression [-Wdouble-promotion]
r_brush.c:340:62: warning: implicit conversion from ‘float’ to ‘double’ to match other operand of binary expression [-Wdouble-promotion]
r_brush.c:341:67: warning: implicit conversion from ‘float’ to ‘double’ to match other operand of binary expression [-Wdouble-promotion]
r_brush.c:376:13: warning: comparing floating-point with ‘==’ or ‘!=’ is unsafe [-Wfloat-equal]
r_brush.c:376:26: warning: comparing floating-point with ‘==’ or ‘!=’ is unsafe [-Wfloat-equal]
r_brush.c:376:42: warning: comparing floating-point with ‘==’ or ‘!=’ is unsafe [-Wfloat-equal]
r_brush.c:402:62: warning: implicit conversion from ‘float’ to ‘double’ to match other operand of binary expression [-Wdouble-promotion]
r_brush.c:403:67: warning: implicit conversion from ‘float’ to ‘double’ to match other operand of binary expression [-Wdouble-promotion]
r_brush.c:453:21: warning: comparing floating-point with ‘==’ or ‘!=’ is unsafe [-Wfloat-equal]
r_brush.c:486:5: warning: no previous prototype for ‘AllocBlock’ [-Wmissing-prototypes]
r_brush.c:497:53: warning: comparison of integer expressions of different signedness: ‘int’ and ‘unsigned int’ [-Wsign-compare]
r_brush.c:557:6: warning: no previous prototype for ‘GL_CreateSurfaceLightmap’ [-Wmissing-prototypes]
r_brush.c:582:6: warning: no previous prototype for ‘Bur_brush.c:582:6: warning: no previous prototype for ‘BuildSurfaceDisplayList’ [-Wmissing-prototypes]
r_brush.c:992:6: warning: no previous prototype for ‘R_AddDynamicLights’ [-Wmissing-prototypes]
r_brush.c:1003:46: warning: unused variable ‘brightness’ [-Wunused-variable]
r_brush.c:1003:39: warning: variable ‘cblue’ set but not used [-Wunused-but-set-variable]
r_brush.c:1003:31: warning: variable ‘cgreen’ set but not used [-Wunused-but-set-variable]
r_brush.c:1003:25: warning: variable ‘cred’ set but not used [-Wunused-but-set-variable]
r_brush.c:1185:33: warning: comparing floating-point with ‘==’ or ‘!=’ is unsafe [-Wfloat-equal]
r_brush.c:1186:33: warning: comparing floating-point with ‘==’ or ‘!=’ is unsafe [-Wfloat-equal]
r_brush.c:1442:33: warning: comparing floating-point with ‘==’ or ‘!=’ is unsafe [-Wfloat-equal]
r_brush.c:1483:33: warning: comparing floating-point with ‘==’ or ‘!=’ is unsafe [-Wfloat-equal]
gl_model.c:425:13: warning: comparing floating-point withgl_model.c:425:13: warning: comparing floating-point with ‘==’ or ‘!=’ is unsafe [-Wfloat-equal]
gl_model.c:1201:13: warning: comparing floating-point witgl_model.c:1201:13: warning: comparing floating-point with ‘==’ or ‘!=’ is unsafe [-Wfloat-equal]
gl_model.c:2504:43: warning: comparing floating-point with ‘==’ or ‘!=’ is unsafe [-Wfloat-equal]
gl_model.c:3074:54: warning: implicit conversion from ‘gl_model.c:3074:54: warning: implicit conversion from ‘float’ to ‘double’ to match other operand of binary expression [-Wdouble-promotion]
gl_model.c:3248:36: warning: implicit conversion from ‘float’ to ‘double’ to match other operand of binary expression [-Wdouble-promotion]
in_sdl.c:38:1: warning: missing initializer for field ‘in_sdl.c:38:1: warning: missing initializer for field ‘value’ of ‘cvar_t’ {aka ‘struct cvar_s’} [-Wmissing-field-initializers]
   85 |         floain_sdl.c:53:1: warning: missing initializer for field ‘in_sdl.c:53:1: warning: missing initializer for field ‘value’ of ‘cvar_t’ {aka ‘struct cvar_s’} [-Wmissing-field-initializers]
   85 |         floain_sdl.c:54:1: warning: missing initializer for field ‘in_sdl.c:54:1: warning: missing initializer for field ‘value’ of ‘cvar_t’ {aka ‘struct cvar_s’} [-Wmissing-field-initializers]
   85 |         floain_sdl.c:55:1: warning: missing initializer for field ‘in_sdl.c:55:1: warning: missing initializer for field ‘value’ of ‘cvar_t’ {aka ‘struct cvar_s’} [-Wmissing-field-initializers]
   85 |         floain_sdl.c:56:1: warning: missing initializer for field ‘in_sdl.c:56:1: warning: missing initializer for field ‘value’ of ‘cvar_t’ {aka ‘struct cvar_s’} [-Wmissing-field-initializers]
   85 |         floain_sdl.c:57:1: warning: missing initializer for field ‘in_sdl.c:57:1: warning: missing initializer for field ‘value’ of ‘cvar_t’ {aka ‘struct cvar_s’} [-Wmissing-field-initializers]
   85 |         floain_sdl.c:58:1: warning: missing initializer for field ‘in_sdl.c:58:1: warning: missing initializer for field ‘value’ of ‘cvar_t’ {aka ‘struct cvar_s’} [-Wmissing-field-initializers]
   85 |         floain_sdl.c:59:1: warning: missing initializer for field ‘in_sdl.c:59:1: warning: missing initializer for field ‘value’ of ‘cvar_t’ {aka ‘struct cvar_s’} [-Wmissing-field-initializers]
   85 |         floain_sdl.c:60:1: warning: missing initializer for field ‘in_sdl.c:60:1: warning: missing initializer for field ‘value’ of ‘cvar_t’ {aka ‘struct cvar_s’} [-Wmissing-field-initializers]
   85 |         floain_sdl.c:61:1: warning: missing initializer for field ‘in_sdl.c:61:1: warning: missing initializer for field ‘value’ of ‘cvar_t’ {aka ‘struct cvar_s’} [-Wmissing-field-initializers]
   85 |         floain_sdl.c:62:1: warning: missing initializer for field ‘in_sdl.c:62:1: warning: missing initializer for field ‘value’ of ‘cvar_t’ {aka ‘struct cvar_s’} [-Wmissing-field-initializers]
   85 |         floain_sdl.c:63:1: warning: missing initializer for field ‘in_sdl.c:63:1: warning: missing initializer for field ‘value’ of ‘cvar_t’ {aka ‘struct cvar_s’} [-Wmissing-field-initializers]
   85 |         floain_sdl.c:64:1: warning: missing initializer for field ‘in_sdl.c:64:1: warning: missing initializer for field ‘value’ of ‘cvar_t’ {aka ‘struct cvar_s’} [-Wmissing-field-initializers]
in_sdl.c:103:53: warning: unused parameter ‘userdata’in_sdl.c:103:53: warning: unused parameter ‘userdata’ [-Wunused-parameter]
in_sdl.c:289:6: warning: no previous prototype for ‘IN_in_sdl.c:289:6: warning: no previous prototype for ‘IN_StartupJoystick’ [-Wmissing-prototypes]
  289 | void Iin_sdl.c:349:6: warning: no previous prototype for ‘IN_in_sdl.c:349:6: warning: no previous prototype for ‘IN_ShutdownJoystick’ [-Wmissing-prototypes]
in_sdl.c: In functiIn file included from quakein_sdl.c:503:86: warning: implicit conversion from ‘floin_sdl.c:503:86: warning: implicit conversion from ‘float’ to ‘double’ to match other operand of binary expression [-Wdouble-promotion]
      |                          in_sdl.c:503:97: warning: implicit conversion from ‘floin_sdl.c:503:97: warning: implicit conversion from ‘float’ to ‘double’ to match other operand of binary expression [-Wdouble-promotion]
      |                          in_sdl.c:503:79: warning: implicit conversion from ‘floin_sdl.c:503:79: warning: implicit conversion from ‘float’ to ‘double’ to match other operand of binary expression [-Wdouble-promotion]
in_sdl.c:641:6: warning: no previous prototype for ‘IN_in_sdl.c:641:6: warning: no previous prototype for ‘IN_JoyMove’ [-Wmissing-prototypes]
in_sdl.c:649:13: warning: comparing floating-point with ‘==’ or ‘!=’ is unsafe [-Wfloat-equal]
in_sdl.c:663:13: warning: comparing floating-point with ‘==’ or ‘!=’ is unsafe [-Wfloat-equal]
in_sdl.c:676:56: warning: comparing floating-point with ‘==’ or ‘!=’ is unsafe [-Wfloat-equal]
in_sdl.c:676:56: warning: implicit conversion from ‘float’ to ‘double’ to match other operand of binary expression [-Wdouble-promotion]
in_sdl.c:689:71: warning: implicit conversion from ‘float’ to ‘double’ to match other operand of binary expression [-Wdouble-promotion]
in_sdl.c:689:28: warning: implicit conversion from ‘vec_t’ {aka ‘float’} to ‘double’ to match other operand of binary expression [-Wdouble-promotion]
in_sdl.c:690:95: warning: comparing floating-point with ‘==’ or ‘!=’ is unsafe [-Wfloat-equal]
in_sdl.c:690:75: warning: implicit conversion from ‘float’ to ‘double’ to match other operand of binary expression [-Wdouble-promotion]
in_sdl.c:690:30: warning: implicit conversion from ‘vec_t’ {aka ‘float’} to ‘double’ to match other operand of binary expression [-Wdouble-promotion]
in_sdl.c:692:25: warning: comparing floating-point with ‘==’ or ‘!=’ is unsafe [-Wfloat-equal]
in_sdl.c:692:45: warning: comparing floating-point with ‘==’ or ‘!=’ is unsafe [-Wfloat-equal]
in_sdl.c:703:6: warning: no previous prototype for ‘IN_MouseMove’ [-Wmissing-prototypes]
in_sdl.c:717:40: warning: comparing floating-point with ‘==’ or ‘!=’ is unsafe [-Wfloat-equal]
in_sdl.c:724:21: warning: comparing floating-point with ‘==’ or ‘!=’ is unsafe [-Wfloat-equal]
in_sdl.c:724:25: warning: comparing floating-point with ‘==’ or ‘!=’ is unsafe [-Wfloat-equal]
in_sdl.c:770:29: warning: comparing floating-point with ‘==’ or ‘!=’ is unsafe [-Wfloat-equal]
in_sdl.c:776:29: warning: comparing floating-point with ‘==’ or ‘!=’ is unsafe [-Wfloat-equal]
in_sdl.c:1049:29: warning: comparing floating-point with ‘==’ or ‘!=’ is unsafe [-Wfloat-equal]
in_sdl.c:1067:29: warning: comparing floating-point with ‘==’ or ‘!=’ is unsafe [-Wfloat-equal]
snd_dma.c:74:1: warning: missing initializer for field ‘value’ of ‘cvar_t’ {aka ‘struct cvar_s’} [-Wmissing-field-initializers]
snd_dma.c:76:1: warning: missing initializer for field ‘value’ of ‘cvar_t’ {aka ‘struct cvar_s’} [-Wmissing-field-initializers]
snd_dma.c:77:1: warning: missing initializer for field ‘value’ of ‘cvar_t’ {aka ‘struct cvar_s’} [-Wmissing-field-initializers]
snd_dma.c:79:1: warning: missing initializer for field ‘value’ of ‘cvar_t’ {aka ‘struct cvar_s’} [-Wmissing-field-initializers]
snd_dma.c:80:1: warning: missing initializer for field ‘value’ of ‘cvar_t’ {aka ‘struct cvar_s’} [-Wmissing-field-initializers]
snd_dma.c:89:66: warning: missing initializer for field ‘value’ of ‘cvar_t’ {aka ‘struct cvar_s’} [-Wmissing-field-initializers]
snd_dma.c:91:1: warning: missing initializer for field ‘value’ of ‘cvar_t’ {aka ‘struct cvar_s’} [-Wmissing-field-initializers]
snd_dma.c:92:1: warning: missing initializer for field ‘value’ of ‘cvar_t’ {aka ‘struct cvar_s’} [-Wmissing-field-initializers]
snd_dma.c:93:1: warning: missing initializer for field ‘value’ of ‘cvar_t’ {aka ‘struct cvar_s’} [-Wmissing-field-initializers]
snd_dma.c:94:1: warning: missing initializer for field ‘value’ of ‘cvar_t’ {aka ‘struct cvar_s’} [-Wmissing-field-initializers]
snd_dma.c:95:1: warning: missing initializer for field ‘value’ of ‘cvar_t’ {aka ‘struct cvar_s’} [-Wmissing-field-initializers]
snd_dma.c:96:1: warning: missing initializer for field ‘value’ of ‘cvar_t’ {aka ‘struct cvar_s’} [-Wmissing-field-initializers]
snd_dma.c:117:45: warning: unused parameter ‘var’ [-Wunused-parameter]
snd_dma.c:122:53: warning: unused parameter ‘var’ [-Wunused-parameter]
snd_dma.c:342:28: warning: comparing floating-point with ‘==’ or ‘!=’ is unsafe [-Wfloat-equal]
snd_dma.c:348:13: warning: comparing floating-point with ‘==’ or ‘!=’ is unsafe [-Wfloat-equal]
snd_dma.c:437:30: warning: implicit conversion from ‘vec_t’ {aka ‘float’} to ‘double’ to match other operand of binary expression [-Wdouble-promotion]
snd_dma.c:438:30: warning: implicit conversion from ‘vec_t’ {aka ‘float’} to ‘double’ to match other operand of binary expression [-Wdouble-promotion]
snd_dma.c:442:22: warning: implicit conversion from ‘vec_t’ {aka ‘float’} to ‘double’ to match other operand of binary expression [-Wdouble-promotion]
snd_dma.c:442:30: warning: implicit conversion from ‘vec_t’ {aka ‘float’} to ‘double’ to match other operand of binary expression [-Wdouble-promotion]
snd_dma.c:447:22: warning: implicit conversion from ‘vec_t’ {aka ‘float’} to ‘double’ to match other operand of binary expression [-Wdouble-promotion]
snd_dma.c:447:30: warning: implicit conversion from ‘vec_t’ {aka ‘float’} to ‘double’ to match other operand of binary expression [-Wdouble-promotion]
snd_dma.c:471:13: warning: comparing floating-point with ‘==’ or ‘!=’ is unsafe [-Wfloat-equal]
snd_dma.c:482:46: warning: implicit conversion from ‘float’ to ‘double’ to match other operand of binary expression [-Wdouble-promotion]
snd_dma.c:631:44: warning: implicit conversion from ‘float’ to ‘double’ to match other operand of binary expression [-Wdouble-promotion]
snd_dma.c:659:19: warning: comparing floating-point with ‘==’ or ‘!=’ is unsafe [-Wfloat-equal]
snd_dma.c:678:67: warning: implicit conversion from ‘float’ to ‘double’ to match other operand of binary expression [-Wdouble-promotion]
snd_dma.c:684:67: warning: implicit conversion from ‘float’ to ‘double’ to match other operand of binary expression [-Wdouble-promotion]
snd_dma.c:857:13: warning: comparing floating-point with ‘==’ or ‘!=’ is unsafe [-Wfloat-equal]
snd_dma.c:911:13: warning: comparing floating-point with ‘==’ or ‘!=’ is unsafe [-Wfloat-equal]
snd_dma.c:1055:13: warning: comparing floating-point with ‘==’ or ‘!=’ is unsafe [-Wfloat-equal]
snd_mix.c:83:25: warning: dereferencing type-punned pointer might break strict-aliasing rules [-Wstrict-aliasing]
snd_mix.c:119:21: warning: dereferencing type-punned pointer might break strict-aliasing rules [-Wstrict-aliasing]
snd_mix.c:191:46: warning: implicit conversion from ‘float’ to ‘double’ to match other operand of binary expression [-Wdouble-promotion]
snd_mix.c:195:52: warning: implicit conversion from ‘float’ to ‘double’ to match other operand of binary expression [-Wdouble-promotion]
snd_mix.c:227:25: warning: comparing floating-point with ‘==’ or ‘!=’ is unsafe [-Wfloat-equal]
snd_mix.c:300:25: warning: implicit conversion from ‘float’ to ‘double’ to match other operand of binary expression [-Wdouble-promotion]
snd_mix.c:340:27: warning: implicit conversion from ‘float’ to ‘double’ to match other operand of binary expression [-Wdouble-promotion]
snd_mix.c:436:36: warning: comparing floating-point with ‘==’ or ‘!=’ is unsafe [-Wfloat-equal]
snd_mix.c:439:48: warning: dereferencing type-punned pointer might break strict-aliasing rules [-Wstrict-aliasing]
snd_mix.c:440:49: warning: dereferencing type-punned pointer might break strict-aliasing rules [-Wstrict-aliasing]
snd_mem.c:52:13: warning: comparing floating-point with ‘==’ or ‘!=’ is unsafe [-Wfloat-equal]
bgmusic.c:309:28: warning: comparing floating-point with bgmusic.c:309:28: warning: comparing floating-point with ‘==’ or ‘!=’ is unsafe [-Wfloat-equal]
bgmusic.c:467:24: warning: comparing floating-point with bgmusic.c:467:24: warning: comparing floating-point with ‘==’ or ‘!=’ is unsafe [-Wfloat-equal]
snd_wave.c:218:5: warning: no previous prototype for ‘Ssnd_wave.c:218:5: warning: no previous prototype for ‘S_WAV_CodecReadStream’ [-Wmissing-prototypes]
snd_vorbis.c:48:30: warning: unused parameter ‘f’ [-Wsnd_vorbis.c:48:30: warning: unused parameter ‘f’ [-Wunused-parameter]
snd_sdl.c:40:40: warning: unused parameter ‘unused’ [snd_sdl.c:40:40: warning: unused parameter ‘unused’ [-Wunused-parameter]
cd_null.c: In functionIn file included fromcd_null.c:23:23: warning: unused parameter ‘track’ [-cd_null.c:23:23: warning: unused parameter ‘track’ [-Wunused-parameter]
   23 | int CDAudio_Play(byte traccd_null.c:23:39: warning: unused parameter ‘looping’ [-Wunused-parameter]
net_udp.c:256:31: warning: unused parameter ‘socketid’ [-Wunused-parameter]
net_udp.c:256:59: warning: unused parameter ‘addr’ [-Wunused-parameter]
net_dgrm.c:93:21: warning: comparing floating-point with net_dgrm.c:93:21: warning: comparing floating-point with ‘==’ or ‘!=’ is unsafe [-Wfloat-equal]
   93 |                 if (pr_global_struct->net_dgrm.c: In function ‘Datagram_CanSendUnreliableMessnet_dgrmnet_dgrm.c:254:56: warning: unused parameter ‘sock’ [net_dgrm.c:254:56: warning: unused parameter ‘sock’ [-Wunused-parameter]
net_dgrm.c:523:1: warning: missing initializer for field net_dgrm.c:523:1: warning: missing initializer for field ‘arg’ of ‘PollProcedure’ {aka ‘struct _PollProcedure’} [-Wmissing-field-initializers]
net_dgrm.c:525:30: warning: unused parameter ‘unused’net_dgrm.c:525:30: warning: unused parameter ‘unused’ [-Wunused-parameter]
net_dgrm.c:657:1: warning: missing initializer for field net_dgrm.c:657:1: warning: missing initializer for field ‘arg’ of ‘PollProcedure’ {aka ‘struct _PollProcedure’} [-Wmissing-field-initializers]
net_dgrm.c:659:31: warning: unused parameter ‘unused’net_dgrm.c:659:31: warning: unused parameter ‘unused’ [-Wunused-parameter]
net_loop.c:46:28: warning: unused parameter ‘state’ [-Wunused-parameter]
net_loop.c:51:36: warning: unused parameter ‘xmit’ [-Wunused-parameter]
net_loop.c:232:52: warning: unused parameter ‘sock’ [-Wunused-parameter]
net_main.c:52:1: warning: missing initializer for field ‘arg’ of ‘PollProcedure’ {aka ‘struct _PollProcedure’} [-Wmissing-field-initializers]
net_main.c:62:1: warning: missing initializer for field ‘value’ of ‘cvar_t’ {aka ‘struct cvar_s’} [-Wmissing-field-initializers]
net_main.c:63:1: warning: missing initializer for field ‘value’ of ‘cvar_t’ {aka ‘struct cvar_s’} [-Wmissing-field-initializers]
net_main.c:362:31: warning: unused parameter ‘unused’net_main.c:362:31: warning: unused parameter ‘unused’ [-Wunused-parameter]
net_main.c:378:31: warning: unused parameter ‘unused’net_main.c:378:31: warning: unused parameter ‘unused’ [-Wunused-parameter]
net_main.c:575:54: warning: implicit conversion from ‘fnet_main.c:575:54: warning: implicit conversion from ‘float’ to ‘double’ to match other operand of binary expression [-Wdouble-promotion]
                 from cl_common.h:160:59: warning: dereferencing type-punned pointer might break strict-aliasing rules [-Wstrict-aliasing]
common.h:160:59: warning: dereferencing type-punned pointer might break strict-aliasing rules [-Wstrict-aliasing]
cl_demo.c:186:37: warning: dereferencing type-punned pointer might break strict-aliasing rules [-Wstrict-aliasing]
common.h:157:63: warning: dereferencing type-punned pointer might break strict-aliasing rules [-Wstrict-aliasing]
cl_demo.c:462:25: warning: implicit conversion from ‘flcl_demo.c:462:25: warning: implicit conversion from ‘float’ to ‘double’ to match other operand of binary expression [-Wdouble-promotion]
cl_demo.c:463:13: warning: comparing floating-point with ‘==’ or ‘!=’ is unsafe [-Wfloat-equal]
cl_demo.c:465:68: warning: implicit conversion from ‘float’ to ‘double’ when passing argument to function [-Wdouble-promotion]
cl_demo.c:465:80: warning: implicit conversion from ‘float’ to ‘double’ when passing argument to function [-Wdouble-promotion]
      |                             chase.c:26:1: warning: missing initializer for field ‘vchase.c:26:1: warning: missing initializer for field ‘value’ of ‘cvar_t’ {aka ‘struct cvar_s’} [-Wmissing-field-initializers]
   85 |         floachase.c:27:1: warning: missing initializer for field ‘vchase.c:27:1: warning: missing initializer for field ‘value’ of ‘cvar_t’ {aka ‘struct cvar_s’} [-Wmissing-field-initializers]
   85 |         floachase.c:28:1: warning: missing initializer for field ‘vchase.c:28:1: warning: missing initializer for field ‘value’ of ‘cvar_t’ {aka ‘struct cvar_s’} [-Wmissing-field-initializers]
   85 |         floachase.c:29:1: warning: missing initializer for field ‘vchase.c:29:1: warning: missing initializer for field ‘value’ of ‘cvar_t’ {aka ‘struct cvar_s’} [-Wmissing-field-initializers]
cl_input.c:63:6: warning: no previous prototype for ‘KeyDown’ [-Wmissing-prototypes]
cl_input.c:92:6: warning: no previous prototype for ‘Kecl_input.c:92:6: warning: no previous prototype for ‘KeyUp’ [-Wmissing-prototypes]
cl_input.c:122:6: warning: no previous prototype for ‘IN_KLookDown’ [-Wmissing-prototypes]
cl_input.c:123:6: warning: no previous prototype for ‘IN_KLookUp’ [-Wmissing-prototypes]
cl_input.c:124:6: warning: no previous prototype for ‘IN_MLookDown’ [-Wmissing-prototypes]
cl_input.c:125:6: warning: no previous prototype for ‘IN_MLookUp’ [-Wmissing-prototypes]
cl_input.c:127:34: warning: comparing floating-point with ‘==’ or ‘!=’ is unsafe [-Wfloat-equal]
cl_input.c:130:6: warning: no previous prototype for ‘IN_UpDown’ [-Wmissing-prototypes]
cl_input.c:131:6: warning: no previous prototype for ‘IN_UpUp’ [-Wmissing-prototypes]
cl_input.c:132:6: warning: no previous prototype for ‘IN_DownDown’ [-Wmissing-prototypes]
cl_input.c:133:6: warning: no previous prototype for ‘IN_DownUp’ [-Wmissing-prototypes]
cl_input.c:134:6: warning: no previous prototype for ‘IN_LeftDown’ [-Wmissing-prototypes]
cl_input.c:135:6: warning: no previous prototype for ‘IN_LeftUp’ [-Wmissing-prototypes]
cl_input.c:136:6: warning: no previous prototype for ‘IN_RightDown’ [-Wmissing-prototypes]
cl_input.c:137:6: warning: no previous prototype for ‘IN_RightUp’ [-Wmissing-prototypes]
cl_input.c:138:6: warning: no previous prototype for ‘IN_ForwardDown’ [-Wmissing-prototypes]
cl_input.c:139:6: warning: no previous prototype for ‘IN_ForwardUp’ [-Wmissing-prototypes]
cl_input.c:140:6: warning: no previous prototype for ‘IN_BackDown’ [-Wmissing-prototypes]
cl_input.c:141:6: warning: no previous prototype for ‘IN_BackUp’ [-Wmissing-prototypes]
cl_input.c:142:6: warning: no previous prototype for ‘IN_LookupDown’ [-Wmissing-prototypes]
cl_input.c:143:6: warning: no previous prototype for ‘IN_LookupUp’ [-Wmissing-prototypes]
cl_input.c:144:6: warning: no previous prototype for ‘IN_LookdownDown’ [-Wmissing-prototypes]
cl_input.c:145:6: warning: no previous prototype for ‘IN_LookdownUp’ [-Wmissing-prototypes]
cl_input.c:146:6: warning: no previous prototype for ‘IN_MoveleftDown’ [-Wmissing-prototypes]
cl_input.c:147:6: warning: no previous prototype for ‘IN_MoveleftUp’ [-Wmissing-prototypes]
cl_input.c:148:6: warning: no previous prototype for ‘IN_MoverightDown’ [-Wmissing-prototypes]
cl_input.c:149:6: warning: no previous prototype for ‘IN_MoverightUp’ [-Wmissing-prototypes]
cl_input.c:151:6: warning: no previous prototype for ‘IN_SpeedDown’ [-Wmissing-prototypes]
cl_input.c:152:6: warning: no previous prototype for ‘IN_SpeedUp’ [-Wmissing-prototypes]
cl_input.c:153:6: warning: no previous prototype for ‘IN_StrafeDown’ [-Wmissing-prototypes]
cl_input.c:154:6: warning: no previous prototype for ‘IN_StrafeUp’ [-Wmissing-prototypes]
cl_input.c:156:6: warning: no previous prototype for ‘IN_AttackDown’ [-Wmissing-prototypes]
cl_input.c:157:6: warning: no previous prototype for ‘IN_AttackUp’ [-Wmissing-prototypes]
cl_input.c:159:6: warning: no previous prototype for ‘IN_UseDown’ [-Wmissing-prototypes]
cl_input.c:160:6: warning: no previous prototype for ‘IN_UseUp’ [-Wmissing-prototypes]
cl_input.c:161:6: warning: no previous prototype for ‘IN_JumpDown’ [-Wmissing-prototypes]
cl_input.c:162:6: warning: no previous prototype for ‘IN_JumpUp’ [-Wmissing-prototypes]
cl_input.c:164:6: warning: no previous prototype for ‘IN_Impulse’ [-Wmissing-prototypes]
cl_input.c:176:7: warning: no previous prototype for ‘CL_KeyState’ [-Wmissing-prototypes]
cl_input.c:195:20: warning: this condition has identical branches [-Wduplicated-branches]
cl_input.c:223:1: warning: missing initializer for field ‘value’ of ‘cvar_t’ {aka ‘struct cvar_s’} [-Wmissing-field-initializers]
cl_input.c:224:1: warning: missing initializer for field ‘value’ of ‘cvar_t’ {aka ‘struct cvar_s’} [-Wmissing-field-initializers]
cl_input.c:225:1: warning: missing initializer for field ‘value’ of ‘cvar_t’ {aka ‘struct cvar_s’} [-Wmissing-field-initializers]
cl_input.c:226:1: warning: missing initializer for field ‘value’ of ‘cvar_t’ {aka ‘struct cvar_s’} [-Wmissing-field-initializers]
cl_input.c:228:1: warning: missing initializer for field ‘value’ of ‘cvar_t’ {aka ‘struct cvar_s’} [-Wmissing-field-initializers]
cl_input.c:230:1: warning: missing initializer for field ‘value’ of ‘cvar_t’ {aka ‘struct cvar_s’} [-Wmissing-field-initializers]
cl_input.c:231:1: warning: missing initializer for field ‘value’ of ‘cvar_t’ {aka ‘struct cvar_s’} [-Wmissing-field-initializers]
cl_input.c:233:1: warning: missing initializer for field ‘value’ of ‘cvar_t’ {aka ‘struct cvar_s’} [-Wmissing-field-initializers]
cl_input.c:235:1: warning: missing initializer for field ‘value’ of ‘cvar_t’ {aka ‘struct cvar_s’} [-Wmissing-field-initializers]
cl_input.c:244:6: warning: no previous prototype for ‘CL_AdjustAngles’ [-Wmissing-prototypes]
cl_input.c:249:56: warning: comparing floating-point with ‘==’ or ‘!=’ is unsafe [-Wfloat-equal]
cl_input.c:249:56: warning: implicit conversion from ‘float’ to ‘double’ to match other operand of binary expression [-Wdouble-promotion]
cl_input.c:250:40: warning: implicit conversion from ‘float’ to ‘double’ to match other operand of binary expression [-Wdouble-promotion]
  250 |                 speed = host_frametime * cl_anglespeedkeycl_input.c:273:13: warning: comparing floating-point with ‘==’ or ‘!=’ is unsafe [-Wfloat-equal]
cl_input.c:273:16: warning: comparing floating-point with ‘==’ or ‘!=’ is unsafe [-Wfloat-equal]
cl_input.c:326:56: warning: comparing floating-point with ‘==’ or ‘!=’ is unsafe [-Wfloat-equal]
cl_input.c:326:56: warning: implicit conversion from ‘float’ to ‘double’ to match other operand of binary expression [-Wdouble-promotion]
cl_parse.c:114:18: warning: no previous prototype for ‘cl_parse.c:114:18: warning: no previous prototype for ‘CL_EntityNum’ [-Wmissing-prototypes]
  114 | entity_t        *CL_Ecl_parse.c:143:6: warning: no previous prototype for ‘Ccl_parse.c:143:6: warning: no previous prototype for ‘CL_ParseStartSoundPacket’ [-Wmissing-prototypes]
  143 | void CL_ParseStarcl_parse.c:203:6: warning: no previous prototype for ‘Ccl_parse.c:203:6: warning: no previous prototype for ‘CL_ParseLocalSound’ [-Wmissing-prototypes]
  203 | void cl_parse.c:224:6: warning: no previous prototype for ‘Ccl_parse.c:224:6: warning: no previous prototype for ‘CL_KeepaliveMessage’ [-Wmissing-prototypes]
  224 | void CL_cl_parse.c:283:6: warning: no previous prototype for ‘Ccl_parse.c:283:6: warning: no previous prototype for ‘CL_ParseServerInfo’ [-Wmissing-prototypes]
  283 | void Ccl_parse.c:451:6: warning: no previous prototype for ‘Ccl_parse.c:451:6: warning: no previous prototype for ‘CL_ParseUpdate’ [-Wmissing-prototypes]
cl_parse.c:490:26: warning: comparing floating-point withcl_parse.c:490:26: warning: comparing floating-point with ‘==’ or ‘!=’ is unsafe [-Wfloat-equal]
  490 |         if (ent->msgcl_parse.c:601:56: warning: implicit conversion from ‘fcl_parse.c:601:56: warning: implicit conversion from ‘float’ to ‘double’ to match other operand of binary expression [-Wdouble-promotion]
      | cl_parse.c:622:31: warning: comparing floating-point withcl_parse.c:622:31: warning: comparing floating-point with ‘==’ or ‘!=’ is unsafe [-Wfloat-equal]
protocol.h:135:38: warning: comparing floating-point with ‘==’ or ‘!=’ is unsafe [-Wfloat-equal]
mathlib.h:53:40: warning: implicit conversion from ‘float’ to ‘double’ to match other operand of binary expression [-Wdouble-promotion]
    mathlib.h:53:59: warning: implicit conversion from ‘flomathlib.h:53:59: warning: implicit conversion from ‘float’ to ‘double’ to match other operand of binary expression [-Wdouble-promotion]
cl_parse.c:670:6: warning: no previous prototype for ‘Ccl_parse.c:670:6: warning: no previous prototype for ‘CL_ParseBaseline’ [-Wmissing-prototypes]
  670 | void CL_ParseBaseline (entity_t *ent, int version) //cl_parse.c:701:6: warning: no previous prototype for ‘Ccl_parse.c:701:6: warning: no previous prototype for ‘CL_ParseClientdata’ [-Wmissing-prototypes]
cl_parse.c:740:33: warning: comparing floating-point withcl_parse.c:740:33: warning: comparing floating-point with ‘==’ or ‘!=’ is unsafe [-Wfloat-equal]
  740 |         if (v_punchangles[0][0] != cl.punchangle[0] || v_punchangles[0][1] != cl.punchangle[1] || v_punchangles[0][2] != cl.pcl_parse.c:740:76: warning: comparing floating-point withcl_parse.c:740:76: warning: comparing floating-point with ‘==’ or ‘!=’ is unsafe [-Wfloat-equal]
      |                      cl_parse.c:740:119: warning: comparing floating-point witcl_parse.c:740:119: warning: comparing floating-point with ‘==’ or ‘!=’ is unsafe [-Wfloat-equal]
cl_parse.c:907:6: warning: no previous prototype for ‘Ccl_parse.c:907:6: warning: no previous prototype for ‘CL_ParseStatic’ [-Wmissing-prototypes]
  907 | void CL_ParseStatic (int version) //jcl_parse.c:941:6: warning: no previous prototype for ‘Ccl_parse.c:941:6: warning: no previous prototype for ‘CL_ParseStaticSound’ [-Wmissing-prototypes]
cl_parse.c:1026:30: warning: comparing floating-point witcl_parse.c:1026:30: warning: comparing floating-point with ‘==’ or ‘!=’ is unsafe [-Wfloat-equal]
 1026 |         if (cl_shocl_parse.c:1028:35: warning: comparing floating-point witcl_parse.c:1028:35: warning: comparing floating-point with ‘==’ or ‘!=’ is unsafe [-Wfloat-equal]
 1028 |         else if (cl_shownet.cl_parse.c:1009:39: warning: comparing floating-point witcl_parse.c:1009:39: warning: comparing floating-point with ‘==’ or ‘!=’ is unsafe [-Wfloat-equal]
 1048 |                         SHOWNET("Ecl_parse.c:1009:39: warning: comparing floating-point witcl_parse.c:1009:39: warning: comparing floating-point with ‘==’ or ‘!=’ is unsafe [-Wfloat-equal]
 1055 |                         SHOWNETcl_parse.c:1009:39: warning: comparing floating-point witcl_parse.c:1009:39: warning: comparing floating-point with ‘==’ or ‘!=’ is unsafe [-Wfloat-equal]
cl_main.c:48:1: warning: missing initializer for field ‘value’ of ‘cvar_t’ {aka ‘struct cvar_s’} [-Wmissing-field-initializers]
cl_main.c:49:1: warning: missing initializer for field ‘value’ of ‘cvar_t’ {aka ‘struct cvar_s’} [-Wmissing-field-initializers]
cl_main.c:51:1: warning: missing initializer for field ‘value’ of ‘cvar_t’ {aka ‘struct cvar_s’} [-Wmissing-field-initializers]
cl_main.c:258:6: warning: no previous prototype for ‘CL_PrintEntities_f’ [-Wmissing-prototypes]
cl_main.c:275:58: warning: implicit conversion from ‘vec_t’ {aka ‘float’} to ‘double’ when passing argument to function [-Wdouble-promotion]
cl_main.c:275:74: warning: implicit conversion from ‘vec_t’ {aka ‘float’} to ‘double’ when passing argument to function [-Wdouble-promotion]
cl_main.c:275:90: warning: implicit conversion from ‘vec_t’ {aka ‘float’} to ‘double’ when passing argument to function [-Wdouble-promotion]
cl_main.c:275:106: warning: implicit conversion from ‘vec_t’ {aka ‘float’} to ‘double’ when passing argument to function [-Wdouble-promotion]
cl_main.c:275:122: warning: implicit conversion from ‘vec_t’ {aka ‘float’} to ‘double’ when passing argument to function [-Wdouble-promotion]
cl_main.c:275:138: warning: implicit conversion from ‘vec_t’ {aka ‘float’} to ‘double’ when passing argument to function [-Wdouble-promotion]
cl_main.c:310:29: warning: implicit conversion from ‘float’ to ‘double’ to match other operand of binary expression [-Wdouble-promotion]
cl_main.c:344:29: warning: implicit conversion from ‘float’ to ‘double’ to match other operand of binary expression [-Wdouble-promotion]
cl_main.c:344:42: warning: comparing floating-point with ‘==’ or ‘!=’ is unsafe [-Wfloat-equal]
cl_main.c:362:9: warning: no previous prototype for ‘CL_LerpPoint’ [-Wmissing-prototypes]
cl_main.c:368:13: warning: comparing floating-point with ‘==’ or ‘!=’ is unsafe [-Wfloat-equal]
cl_main.c:374:15: warning: implicit conversion from ‘float’ to ‘double’ to match other operand of binary expression [-Wdouble-promotion]
cl_main.c:380:40: warning: implicit conversion from ‘float’ to ‘double’ to match other operand of binary expression [-Wdouble-promotion]
cl_main.c:384:26: warning: implicit conversion from ‘float’ to ‘double’ to match other operand of binary expression [-Wdouble-promotion]
cl_main.c:390:26: warning: implicit conversion from ‘float’ to ‘double’ to match other operand of binary expression [-Wdouble-promotion]
cl_main.c:396:13: warning: comparing floating-point with ‘==’ or ‘!=’ is unsafe [-Wfloat-equal]
cl_main.c:408:6: warning: no previous prototype for ‘CL_RelinkEntities’ [-Wmissing-prototypes]
cl_main.c:460:34: warning: comparing floating-point with ‘==’ or ‘!=’ is unsafe [-Wfloat-equal]
cl_main.c:489:29: warning: comparing floating-point with ‘==’ or ‘!=’ is unsafe [-Wfloat-equal]
cl_main.c:529:48: warning: comparing floating-point with ‘==’ or ‘!=’ is unsafe [-Wfloat-equal]
 cl_main.c:597:43: warning: comparing floating-point with cl_main.c:597:43: warning: comparing floating-point with ‘==’ or ‘!=’ is unsafe [-Wfloat-equal]
cl_main.c:642:13: warning: comparing floating-point with cl_main.c:642:13: warning: comparing floating-point with ‘==’ or ‘!=’ is unsafe [-Wfloat-equal]
  642 |     cl_main.c:664:44: warning: implicit conversion from ‘flcl_main.c:664:44: warning: implicit conversion from ‘float’ to ‘double’ to match other operand of binary expression [-Wdouble-promotion]
  664 |                 if (b->model && b->endtime >= cl.timcl_main.c:673:28: warning: implicit conversion from ‘flcl_main.c:673:28: warning: implicit conversion from ‘float’ to ‘double’ to match other operand of binary expression [-Wdouble-promotion]
  673 |                 if (l->die >= cl.cl_main.c:673:39: warning: comparing floating-point with cl_main.c:673:39: warning: comparing floating-point with ‘==’ or ‘!=’ is unsafe [-Wfloat-equal]
cl_main.c:741:6: warning: no previous prototype for ‘CLcl_main.c:741:6: warning: no previous prototype for ‘CL_Tracepos_f’ [-Wmissing-prototypes]
cl_main.c:751:29: warning: comparing floating-point with cl_main.c:751:29: warning: comparing floating-point with ‘==’ or ‘!=’ is unsafe [-Wfloat-equal]
cl_main.c:764:6: warning: no previous prototype for ‘CLcl_main.c:764:6: warning: no previous prototype for ‘CL_Viewpos_f’ [-Wmissing-prototypes]
  cc -DNDEBUG -c -Wall -Wno-trigraphs -MMD  -O2 -fweb -frencc -DNDEBUG -c -Wall -Wno-trigraphs -MMD  -O2 -fweb -frename-registers -DUSE_SDL2 -DUSE_CODEC_WAVE -DUSE_CODEC_VORBIS  -Wall -Wextra -Wshadow -Wstrict-prototypes -Wmissing-prototypes -Wpointer-arith -Wcast-align -Wwrite-strings -Wundef -Wfloat-equal -Wnull-dereference -Wdouble-promotion -Wlogical-op -Wduplicated-cond -Wduplicated-branches -Wstrict-aliasing=2 -Wformat=2 -Wmissing-include-dirs -Wmissing-field-initializecc -DNDEBUG -c -Wall -Wno-trigraphs -MMD  -O2 -fweb -frencc -DNDEBUG -c -Wall -Wno-trigraphs -MMD  -O2 -fweb -frename-registers -DUSE_SDL2 -DUSE_CODEC_WAVE -DUSE_CODEC_VORBIS  -Wall -Wextra -Wshadow -Wstrict-prototypes -Wmissing-prototypes -Wpointer-arith -Wcast-align -Wwrite-strings -Wundef -Wfloat-equal -Wnull-dereference -Wdouble-promotion -Wlogical-op -Wduplicated-cond -Wduplicated-branches -Wstrict-aliasing=2 -Wformat=2 -Wmissing-include-dirs -Wmissing-field-initializecl_tent.c:59:6: warning: no previous prototype for ‘CL_cl_tent.c:59:6: warning: no previous prototype for ‘CL_ParseBeam’ [-Wmissing-prototypes]
cl_tent.c:91:45: warning: implicit conversion from ‘flocl_tent.c:91:45: warning: implicit conversion from ‘float’ to ‘double’ to match other operand of binary expression [-Wdouble-promotion]
   91 |                 if (!b->model || b->endtime < cl.timcl_tent.c:103:13: warning: comparing floating-point with ‘==’ or ‘!=’ is unsafe [-Wfloat-equal]
cl_tent.c:268:11: warning: no previous prototype for ‘CL_NewTempEntity’ [-Wmissing-prototypes]
cl_tent.c:309:45: warning: implicit conversion from ‘float’ to ‘double’ to match other operand of binary expression [-Wdouble-promotion]
cl_tent.c:321:29: warning: comparing floating-point with ‘==’ or ‘!=’ is unsafe [-Wfloat-equal]
cl_tent.c:321:45: warning: comparing floating-point with ‘==’ or ‘!=’ is unsafe [-Wfloat-equal]
keys.c:241:6: warning: no previous prototype for ‘Key_Ckeys.c:241:6: warning: no previous prototype for ‘Key_Console’ [-Wmissing-prototypes]
  2keys.c:453:6: warning: no previous prototype for ‘Char_keys.c:453:6: warning: no previous prototype for ‘Char_Console’ [-Wmissing-prototypes]
  453keys.c:513:6: warning: no previous prototype for ‘Key_Mkeys.c:513:6: warning: no previous prototype for ‘Key_Message’ [-Wmissing-prototypes]
  5keys.c:540:6: warning: no previous prototype for ‘Char_keys.c:540:6: warning: no previous prototype for ‘Char_Message’ [-Wmissing-prototypes]
  540keys.c:561:5: warning: no previous prototype for ‘Key_Skeys.c:561:5: warning: no previous prototype for ‘Key_StringToKeynum’ [-Wmissing-prototypes]
  561 | int Key_StringTkeys.c:638:6: warning: no previous prototype for ‘Key_Ukeys.c:638:6: warning: no previous prototype for ‘Key_Unbind_f’ [-Wmissing-prototypes]
  keys.c:658:6: warning: no previous prototype for ‘Key_Ukeys.c:658:6: warning: no previous prototype for ‘Key_Unbindall_f’ [-Wmissing-prototypes]
  658 | keys.c:674:6: warning: no previous prototype for ‘Key_Bkeys.c:674:6: warning: no previous prototype for ‘Key_Bindlist_f’ [-Wmissing-prototypes]
  674 keys.c:695:6: warning: no previous prototype for ‘Key_Bkeys.c:695:6: warning: no previous prototype for ‘Key_Bind_f’ [-Wmissing-prototypeskeys.c: In function ‘Key_WriteBindings’:
keys.c:747:13: warning: comparing floating-point with ‘keys.c:747:13: warning: comparing floating-point with ‘==’ or ‘!=’ is unsafe [-Wfloat-equal]
console.c:545:13: warning: comparing floating-point with console.c:545:13: warning: comparing floating-point with ‘==’ or ‘!=’ is unsafe [-Wfloat-equal]
console.c:586:13: warning: comparing floating-point with console.c:586:13: warning: comparing floating-point with ‘==’ or ‘!=’ is unsafe [-Wfloat-equal]
console.c:693:72: warning: comparing floating-point with console.c:693:72: warning: comparing floating-point with ‘==’ or ‘!=’ is unsafe [-Wfloat-equal]
      |                  console.c:698:13: warning: comparing floating-point with console.c:698:13: warning: comparing floating-point with ‘==’ or ‘!=’ is unsafe [-Wfloat-equal]
console.c:758:6: warning: no previous prototype for ‘Adconsole.c:758:6: warning: no previous prototype for ‘AddToTabList’ [-Wmissing-prototypes]
  758 | void AddToTabList (constconsole.c:841:13: warning: no previous prototype for ‘Fconsole.c:841:13: warning: no previous prototype for ‘FindCompletion’ [-Wmissing-prototypes]
  841 | const char *FindCompletion (const char *partial, filelist_item_t *filelist,console.c:897:6: warning: no previous prototype for ‘BuildTabList’ [-Wmissing-prototypes]
console.c:1104:26: warning: comparing floating-point with ‘==’ or ‘!=’ is unsafe [-Wfloat-equal]
console.c:1106:33: warning: implicit conversion from ‘float’ to ‘double’ to match other operand of binary expression [-Wdouble-promotion]
console.c:1148:62: warning: implicit conversion from ‘float’ to ‘double’ to match other operand of binary expression [-Wdouble-promotion]
console.c:1164:6: warning: no previous prototype for ‘Con_DrawInput’ [-Wmissing-prototypes]
console.c:1182:45: warning: implicit conversion from ‘float’ to ‘double’ to match other operand of binary expression [-Wdouble-promotion]
menu.c:140:6: warning: no previous prototype for ‘M_DrawTransPicTranslate’ [-Wmissing-prototypes]
menu.c:145:6: warning: no previous prototype for ‘M_DrawTextBox’ [-Wmissing-prototypes]
menu.c:284:34: warning: comparing floating-point with ‘==’ or ‘!=’ is unsafe [-Wfloat-equal]
menu.c:426:6: warning: no previous prototype for ‘M_ScanSaves’ [-Wmissing-prototypes]
menu.c:835:6: warning: no previous prototype for ‘M_Setup_Char’ [-Wmissing-prototypes]
menu.c:861:10: warning: no previous prototype for ‘M_Setup_TextEntry’ [-Wmissing-prototypes]
menu.c:1024:6: warning: no previous prototype for ‘M_AdjustSliders’ [-Wmissing-prototypes]
menu.c:1035:40: warning: implicit conversion from ‘float’ to ‘double’ to match other operand of binary expression [-Wdouble-promotion]
menu.c:1049:37: warning: implicit conversion from ‘float’ to ‘double’ to match other operand of binary expression [-Wdouble-promotion]
menu.c:1050:23: warning: implicit conversion from ‘float’ to ‘double’ to match other operand of binary expression [-Wdouble-promotion]
menu.c:1055:40: warning: implicit conversion from ‘float’ to ‘double’ to match other operand of binary expression [-Wdouble-promotion]
menu.c:1061:39: warning: implicit conversion from ‘float’ to ‘double’ to match other operand of binary expression [-Wdouble-promotion]
menu.c:1067:41: warning: implicit conversion from ‘float’ to ‘double’ to match other operand of binary expression [-Wdouble-promotion]
menu.c:1073:37: warning: implicit conversion from ‘float’ to ‘double’ to match other operand of binary expression [-Wdouble-promotion]
menu.c:1079:62: warning: comparing floating-point with ‘==’ or ‘!=’ is unsafe [-Wfloat-equal]
menu.c:1082:37: warning: implicit conversion from ‘float’ to ‘double’ to match other operand of binary expression [-Wdouble-promotion]
menu.c:1089:21: warning: comparing floating-point with ‘==’ or ‘!=’ is unsafe [-Wfloat-equal]
menu.c:1130:58: warning: comparing floating-point with ‘==’ or ‘!=’ is unsafe [-Wfloat-equal]
menu.c:1134:58: warning: comparing floating-point with ‘==’ or ‘!=’ is unsafe [-Wfloat-equal]
menu.c:1140:6: warning: no previous prototype for ‘M_DrawSlider’ [-Wmissing-prototypes]
menu.c:1154:39: warning: implicit conversion from ‘floamenu.c:1154:39: warning: implicit conversion from ‘float’ to ‘double’ when passing argument to function [-Wdouble-promotion]
menu.c:1154:9: warning: format not a string literal, argument types not checked [-Wformat-nonliteral]
menu.c:1196:18: warning: implicit conversion from ‘float’ to ‘double’ to match other operand of binary expression [-Wdouble-promotion]
menu.c:1201:32: warning: implicit conversion from ‘float’ to ‘double’ to match other operand of binary expression [-Wdouble-promotion]
menu.c:1211:18: warning: implicit conversion from ‘float’ to ‘double’ to match other operand of binary expression [-Wdouble-promotion]
menu.c:1230:13: warning: comparing floating-point with ‘==’ or ‘!=’ is unsafe [-Wfloat-equal]
menu.c:1232:40: warning: implicit conversion from ‘float’ to ‘double’ to match other operand of binary expression [-Wdouble-promotion]
menu.c:1373:6: warning: no previous prototype for ‘M_FindKeysForCommand’ [-Wmissing-prototypes]
menu.c:1399:6: warning: no previous prototype for ‘M_UnbindCommand’ [-Wmissing-prototypes]
menu.c:1645:6: warning: no previous prototype for ‘M_Quit_Char’ [-Wmissing-prototypes]
menu.c:1678:10: warning: no previous prototype for ‘M_Quit_TextEntry’ [-Wmissing-prototypes]
menu.c:1897:6: warning: no previous prototype for ‘M_Lamenu.c:1897:6: warning: no previous prototype for ‘M_LanConfig_Char’ [-Wmissing-prototypes]
menu.c:1925:10: warning: no previous prototype for ‘M_LanConfig_TextEntry’ [-Wmissing-prototypes]
menu.c:2116:13: warning: comparing floating-point with ‘==’ or ‘!=’ is unsafe [-Wfloat-equal]
menu.c:2152:25: warning: comparing floating-point with ‘==’ or ‘!=’ is unsafe [-Wfloat-equal]
menu.c:2154:30: warning: comparing floating-point with ‘==’ or ‘!=’ is unsafe [-Wfloat-equal]
menu.c:2156:30: warning: comparing floating-point with ‘==’ or ‘!=’ is unsafe [-Wfloat-equal]
menu.c:2162:29: warning: comparing floating-point with ‘==’ or ‘!=’ is unsafe [-Wfloat-equal]
menu.c:2168:29: warning: comparing floating-point with ‘==’ or ‘!=’ is unsafe [-Wfloat-equal]
menu.c:2225:6: warning: no previous prototype for ‘M_NetStart_Change’ [-Wmissing-prototypes]
menu.c:2245:46: warning: comparing floating-point with ‘==’ or ‘!=’ is unsafe [-Wfloat-equal]
menu.c:2286:26: warning: comparing floating-point with ‘==’ or ‘!=’ is unsafe [-Wfloat-equal]
menu.c:2441:24: warning: unused parameter ‘key’ [-Wunused-parameter]
menu.c:2537:6: warning: no previous prototype for ‘M_Menu_Credits_f’ [-Wmissing-prototypes]
menu.c:2570:21: warning: comparing floating-point with ‘==’ or ‘!=’ is unsafe [-Wfloat-equal]
sbar.c:77:6: warning: no previous prototype for ‘Sbar_ShowScores’ [-Wmissing-prototypes]
sbar.c:92:6: warning: no previous prototype for ‘Sbar_DontShowScores’ [-Wmissing-prototypes]
sbar.c:272:6: warning: no previous prototype for ‘Sbar_DrawPic’ [-Wmissing-prototypes]
sbar.c:282:6: warning: no previous prototype for ‘Sbar_DrawPicAlpha’ [-Wmissing-prototypes]
sbar.c:298:6: warning: no previous prototype for ‘Sbar_DrawCharacter’ [-Wmissing-prototypes]
sbar.c:308:6: warning: no previous prototype for ‘Sbar_DrawString’ [-Wmissing-prototypes]
sbar.c:320:6: warning: no previous prototype for ‘Sbar_DrawScrollString’ [-Wmissing-prototypes]
sbar.c:328:50: warning: implicit conversion from ‘float’ to ‘double’ to match other operand of binary expression [-Wdouble-promotion]
sbar.c:328:42: warning: implicit conversion from ‘float’ to ‘double’ to match other operand of binary expression [-Wdouble-promotion]
sbar.c:349:5: warning: no previous prototype for ‘Sbar_itoa’ [-Wmissing-prototypes]
sbar.c:385:6: warning: no previous prototype for ‘Sbar_DrawNum’ [-Wmissing-prototypes]
sbar.c:424:6: warning: no previous prototype for ‘Sbar_SortFrags’ [-Wmissing-prototypes]
sbar.c:453:9: warning: no previous prototype for ‘Sbar_ColorForMap’ [-Wmissing-prototypes]
sbar.c:455:32: warning: this condition has identical branches [-Wduplicated-branches]
sbar.c:463:6: warning: no previous prototype for ‘Sbar_SoloScoreboard’ [-Wmissing-prototypes]
sbar.c:479:77: warning: implicit conversion from ‘float’ to ‘double’ to match other operand of binary expression [-Wdouble-promotion]
sbar.c:509:6: warning: no previous prototype for ‘Sbar_DrawScoreboard’ [-Wmissing-prototypes]
sbar.c:523:6: warning: no previous prototype for ‘Sbar_DrawInventory’ [-Wmissing-prototypes]
sbar.c:548:50: warning: implicit conversion from ‘float’ to ‘double’ to match other operand of binary expression [-Wdouble-promotion]
sbar.c:576:58: warning: implicit conversion from ‘float’ to ‘double’ to match other operand of binary expression [-Wdouble-promotion]
sbar.c:664:29: warning: comparing floating-point with ‘==’ or ‘!=’ is unsafe [-Wfloat-equal]
sbar.c:664:42: warning: implicit conversion from ‘float’ to ‘double’ to match other operand of binary expression [-Wdouble-promotion]
sbar.c:676:29: warning: comparing floating-point with ‘==’ or ‘!=’ is unsafe [-Wfloat-equal]
sbar.c:676:42: warning: implicit conversion from ‘float’ to ‘double’ to match other operand of binary expression [-Wdouble-promotion]
sbar.c:689:37: warning: comparing floating-point with ‘==’ or ‘!=’ is unsafe [-Wfloat-equal]
sbar.c:689:50: warning: implicit conversion from ‘float’ to ‘double’ to match other operand of binary expression [-Wdouble-promotion]
sbar.c:697:37: warning: comparing floating-point with ‘==’ or ‘!=’ is unsafe [-Wfloat-equal]
sbar.c:697:50: warning: implicit conversion from ‘float’ to ‘double’ to match other operand of binary expression [-Wdouble-promotion]
sbar.c:711:37: warning: comparing floating-point with ‘==’ or ‘!=’ is unsafe [-Wfloat-equal]
sbar.c:711:50: warning: implicit conversion from ‘float’ to ‘double’ to match other operand of binary expression [-Wdouble-promotion]
sbar.c:719:37: warning: comparing floating-point with ‘==’ or ‘!=’ is unsafe [-Wfloat-equal]
sbar.c:719:50: warning: implicit conversion from ‘float’ to ‘double’ to match other operand of binary expression [-Wdouble-promotion]
sbar.c:732:37: warning: comparing floating-point with ‘==’ or ‘!=’ is unsafe [-Wfloat-equal]
sbar.c:732:50: warning: implicit conversion from ‘float’ to ‘double’ to match other operand of binary expression [-Wdouble-promotion]
sbar.c:738:37: warning: comparing floating-point with ‘==’ or ‘!=’ is unsafe [-Wfloat-equal]
sbar.c:738:50: warning: implicit conversion from ‘float’ to ‘double’ to match other operand of binary expression [-Wdouble-promotion]
sbar.c:752:6: warning: no previous prototype for ‘Sbar_DrawFrags’ [-Wmissing-prototypes]
sbar.c:802:6: warning: no previous prototype for ‘Sbar_DrawFace’ [-Wmissing-prototypes]
sbar.c:884:21: warning: implicit conversion from ‘float’ to ‘double’ to match other operand of binary expression [-Wdouble-promotion]
sbar.c:903:29: warning: comparing floating-point with ‘==’ or ‘!=’ is unsafe [-Wfloat-equal]
sbar.c:909:43: warning: comparing floating-point with ‘==’ or ‘!=’ is unsafe [-Wfloat-equal]
sbar.c:910:52: warning: comparing floating-point with ‘==’ or ‘!=’ is unsafe [-Wfloat-equal]
sbar.c:1047:6: warning: no previous prototype for ‘Sbar_IntermissionNumber’ [-Wmissing-prototypes]
sbar.c:1078:9: warning: no previous prototype for ‘Sbar_IntermissionPicForChar’ [-Wmissing-prototypes]
sbar.c:1096:5: warning: no previous prototype for ‘Sbar_IntermissionTextWidth’ [-Wmissing-prototypes]
sbar.c:1112:6: warning: no previous prototype for ‘Sbar_IntermissionText’ [-Wmissing-prototypes]
view.c:35:1: warning: missing initializer for field ‘vaview.c:35:1: warning: missing initializer for field ‘value’ of ‘cvar_t’ {aka ‘struct cvar_s’} [-Wmissing-field-initializers]
   85 |         floaview.c:36:1: warning: missing initializer for field ‘vaview.c:36:1: warning: missing initializer for field ‘value’ of ‘cvar_t’ {aka ‘struct cvar_s’} [-Wmissing-field-initializers]
   85 |         floaview.c:37:1: warning: missing initializer for field ‘vaview.c:37:1: warning: missing initializer for field ‘value’ of ‘cvar_t’ {aka ‘struct cvar_s’} [-Wmissing-field-initializers]
   85 |         floaview.c:39:1: warning: missing initializer for field ‘vaview.c:39:1: warning: missing initializer for field ‘value’ of ‘cvar_t’ {aka ‘struct cvar_s’} [-Wmissing-field-initializers]
   85 |         floaview.c:40:1: warning: missing initializer for field ‘vaview.c:40:1: warning: missing initializer for field ‘value’ of ‘cvar_t’ {aka ‘struct cvar_s’} [-Wmissing-field-initializers]
   85 |         floaview.c:42:1: warning: missing initializer for field ‘vaview.c:42:1: warning: missing initializer for field ‘value’ of ‘cvar_t’ {aka ‘struct cvar_s’} [-Wmissing-field-initializers]
   85 |         floaview.c:43:1: warning: missing initializer for field ‘vaview.c:43:1: warning: missing initializer for field ‘value’ of ‘cvar_t’ {aka ‘struct cvar_s’} [-Wmissing-field-initializers]
   85 |         floaview.c:44:1: warning: missing initializer for field ‘vaview.c:44:1: warning: missing initializer for field ‘value’ of ‘cvar_t’ {aka ‘struct cvar_s’} [-Wmissing-field-initializers]
   85 |         floaview.c:46:1: warning: missing initializer for field ‘vaview.c:46:1: warning: missing initializer for field ‘value’ of ‘cvar_t’ {aka ‘struct cvar_s’} [-Wmissing-field-initializers]
   85 |         floaview.c:47:1: warning: missing initializer for field ‘vaview.c:47:1: warning: missing initializer for field ‘value’ of ‘cvar_t’ {aka ‘struct cvar_s’} [-Wmissing-field-initializers]
   85 |         floaview.c:48:1: warning: missing initializer for field ‘vaview.c:48:1: warning: missing initializer for field ‘value’ of ‘cvar_t’ {aka ‘struct cvar_s’} [-Wmissing-field-initializers]
   85 |         floaview.c:49:1: warning: missing initializer for field ‘value’ of ‘cvar_t’ {aka ‘struct cvar_s’} [-Wmissing-field-initializers]
   85 |         floaview.c:51:1: warning: missing initializer for field ‘vaview.c:51:1: warning: missing initializer for field ‘value’ of ‘cvar_t’ {aka ‘struct cvar_s’} [-Wmissing-field-initializers]
   85 |         floaview.c:52:1: warning: missing initializer for field ‘vaview.c:52:1: warning: missing initializer for field ‘value’ of ‘cvar_t’ {aka ‘struct cvar_s’} [-Wmissing-field-initializers]
   85 |         floaview.c:53:1: warning: missing initializer for field ‘vaview.c:53:1: warning: missing initializer for field ‘value’ of ‘cvar_t’ {aka ‘struct cvar_s’} [-Wmissing-field-initializers]
   85 |         floaview.c:54:1: warning: missing initializer for field ‘vaview.c:54:1: warning: missing initializer for field ‘value’ of ‘cvar_t’ {aka ‘struct cvar_s’} [-Wmissing-field-initializers]
   85 |         floaview.c:55:1: warning: missing initializer for field ‘vaview.c:55:1: warning: missing initializer for field ‘value’ of ‘cvar_t’ {aka ‘struct cvar_s’} [-Wmissing-field-initializers]
   85 |         floaview.c:56:1: warning: missing initializer for field ‘vaview.c:56:1: warning: missing initializer for field ‘value’ of ‘cvar_t’ {aka ‘struct cvar_s’} [-Wmissing-field-initializers]
   85 |         floaview.c:58:1: warning: missing initializer for field ‘vaview.c:58:1: warning: missing initializer for field ‘value’ of ‘cvar_t’ {aka ‘struct cvar_s’} [-Wmissing-field-initializers]
   85 |         floaview.c:60:1: warning: missing initializer for field ‘vaview.c:60:1: warning: missing initializer for field ‘value’ of ‘cvar_t’ {aka ‘struct cvar_s’} [-Wmissing-field-initializers]
   85 |         floaview.c:62:1: warning: missing initializer for field ‘vaview.c:62:1: warning: missing initializer for field ‘value’ of ‘cvar_t’ {aka ‘struct cvar_s’} [-Wmissing-field-initializers]
   85 |         floaview.c:63:1: warning: missing initializer for field ‘vaview.c:63:1: warning: missing initializer for field ‘value’ of ‘cvar_t’ {aka ‘struct cvar_s’} [-Wmissing-field-initializers]
   85 |         floaview.c:64:1: warning: missing initializer for field ‘vaview.c:64:1: warning: missing initializer for field ‘value’ of ‘cvar_t’ {aka ‘struct cvar_s’} [-Wmissing-field-initializers]
   85 |         floaview.c:65:1: warning: missing initializer for field ‘vaview.c:65:1: warning: missing initializer for field ‘value’ of ‘cvar_t’ {aka ‘struct cvar_s’} [-Wmissing-field-initializers]
   85 |         floaview.c:66:1: warning: missing initializer for field ‘vaview.c:66:1: warning: missing initializer for field ‘value’ of ‘cvar_t’ {aka ‘struct cvar_s’} [-Wmissing-field-initializers]
   85 |         floaview.c:68:1: warning: missing initializer for field ‘vaview.c:68:1: warning: missing initializer for field ‘value’ of ‘cvar_t’ {aka ‘struct cvar_s’} [-Wmissing-field-initializers]
   85 |         floaview.c:110:7: warning: no previous prototype for ‘V_Calview.c:110:7: warning: no previous prototype for ‘V_CalcBob’ [-Wmissing-prototypesview.c: In function ‘V_CalcBob’:
view.c:115:13: warning: comparing floating-point with ‘view.c:115:13: warning: comparing floating-point with ‘==’ or ‘!=’ is unsafe [-Wfloat-equal]
  115 |         if (!cl_bobcycle.value) /* view.c:118:40: warning: implicit conversion from ‘floatview.c:118:40: warning: implicit conversion from ‘float’ to ‘double’ to match other operand of binary expression [-Wdouble-promotion]
  118 |         cycle = cl.time - (int)(cl.time/cl_bobcycle.value)*cl_bobcycleview.c:118:25: warning: implicit conversion from ‘floatview.c:118:25: warning: implicit conversion from ‘float’ to ‘double’ to match other operand of binary expression [-Wdouble-promotion]
  118 |         cycle = cl.time - (int)(cl.time/cl_bobcycle.valview.c:121:30: warning: implicit conversion from ‘floatview.c:121:30: warning: implicit conversion from ‘float’ to ‘double’ to match other operand of binary expression [-Wdouble-promotion]
  121 |                 cycle = M_PI * cycle view.c:121:38: warning: implicit conversion from ‘floatview.c:121:38: warning: implicit conversion from ‘float’ to ‘double’ to match other operand of binary expression [-Wdouble-promotion]
  121 |                 cycle = M_PI * cycle / cl_bobview.c:123:36: warning: implicit conversion from ‘floatview.c:123:36: warning: implicit conversion from ‘float’ to ‘double’ to match other operand of binary expression [-Wdouble-promotion]
  123 |                 cycle = M_PI + M_PI*(cycle-cl_bobup.value)/(1.0 - cl_boview.c:123:65: warning: implicit conversion from ‘floatview.c:123:65: warning: implicit conversion from ‘float’ to ‘double’ to match other operand of binary expression [-Wdouble-promotion]
      |          view.c:128:83: warning: implicit conversion from ‘floatview.c:128:83: warning: implicit conversion from ‘float’ to ‘double’ to match other operand of binary expression [-Wdouble-promotion]
      |                            view.c:130:18: warning: implicit conversion from ‘floatview.c:130:18: warning: implicit conversion from ‘float’ to ‘double’ to match other operand of binary expression [-Wdouble-promotion]
  130 |         bob = view.c:130:28: warning: implicit conversion from ‘floatview.c:130:28: warning: implicit conversion from ‘float’ to ‘double’ to match other operand of binary expression [-Wdouble-promotion]
view.c:142:1: warning: missing initializer for field ‘value’ of ‘cvar_t’ {aka ‘struct cvar_s’} [-Wmissing-field-initializers]
   85 |         floaview.c:143:1: warning: missing initializer for field ‘vview.c:143:1: warning: missing initializer for field ‘value’ of ‘cvar_t’ {aka ‘struct cvar_s’} [-Wmissing-field-initializers]
view.c:149:25: warning: comparing floating-point with ‘view.c:149:25: warning: comparing floating-point with ‘==’ or ‘!=’ is unsafe [-Wfloat-equal]
  149 |         if (clview.c:154:27: warning: comparing floating-point with ‘view.c:154:27: warning: comparing floating-point with ‘==’ or ‘!=’ is unsafe [-Wfloat-equal]
view.c:182:6: warning: no previous prototype for ‘V_Driview.c:182:6: warning: no previous prototype for ‘V_DriftPitch’ [-Wmissing-prototypes]
view.c:197:47: warning: implicit conversion from ‘floatview.c:197:47: warning: implicit conversion from ‘float’ to ‘double’ to match other operand of binary expression [-Wdouble-promotion]
  197 |                 if ( fabs(cl.cmd.forwardmove) < cl_forwardspeed.value)view.c:200:38: warning: implicit conversion from ‘floatview.c:200:38: warning: implicit conversion from ‘float’ to ‘double’ to match other operand of binary expression [-Wdouble-promotion]
  200 |                         cl.driftmove += host_frview.c:204:29: warning: comparing floating-point with ‘view.c:204:29: warning: comparing floating-point with ‘==’ or ‘!=’ is unsafe [-Wfloat-equal]
  204 |                         if (lookspriview.c:212:13: warning: comparing floating-point with ‘view.c:212:13: warning: comparing floating-point with ‘==’ or ‘!=’ is unsafe [-Wfloat-view.c:218:31: warning: implicit conversion from ‘floatview.c:218:31: warning: implicit conversion from ‘float’ to ‘double’ to match other operand of binary expression [-Wdouble-promotion]
  218 |         move = host_frametimview.c:219:39: warning: implicit conversion from ‘floatview.c:219:39: warning: implicit conversion from ‘float’ to ‘double’ to match other operand of binary expression [-Wdouble-promotion]
  219 |         cl.pitchvel += host_frametime * v_centerspeeview.c:219:21: warning: implicit conversion from ‘floatview.c:219:21: warning: implicit conversion from ‘float’ to ‘double’ to match other operand of binary expression [-Wdouble-promotion]
view.c:338:6: warning: no previous prototype for ‘V_cshview.c:338:6: warning: no previous prototype for ‘V_cshift_f’ [-Wmissing-prototypesview.c:354:6: warning: no previous prototype for ‘V_Bonview.c:354:6: warning: no previous prototype for ‘V_BonusFlash_f’ [-Wmissing-prototypes]
  354 view.c:394:6: warning: no previous prototype for ‘V_Calview.c:394:6: warning: no previous prototype for ‘V_CalcPowerupCshift’ [-Wmissing-prototypes]
view.c:451:21: warning: comparing floating-point with ‘view.c:451:21: warning: comparing floating-point with ‘==’ or ‘!=’ is unsafe [-Wfloat-equal]
  451 |                 ifview.c:459:72: warning: implicit conversion from ‘floatview.c:459:72: warning: implicit conversion from ‘float’ to ‘double’ to match other operand of binary expression [-Wdouble-promotion]
      |                 view.c:461:54: warning: implicit conversion from ‘floatview.c:461:54: warning: implicit conversion from ‘float’ to ‘double’ to match other operand of binary expression [-Wdouble-promotion]
      view.c:461:20: warning: implicit conversion from ‘floatview.c:461:20: warning: implicit conversion from ‘float’ to ‘double’ to match other operand of binary expression [-Wdouble-promotion]
  461 |                 a2 *= (cshiftpercentview.c:463:21: warning: comparing floating-point with ‘view.c:463:21: warning: comparing floating-point with ‘==’ or ‘!=’ is unsafe [-Wfloat-equal]
  463 view.c:472:23: warning: implicit conversion from ‘floatview.c:472:23: warning: implicit conversion from ‘float’ to ‘double’ to match other operand of binary expression [-Wdouble-promotion]
  472 |      view.c:473:23: warning: implicit conversion from ‘floatview.c:473:23: warning: implicit conversion from ‘float’ to ‘double’ to match other operand of binary expression [-Wdouble-promotion]
  473 |      view.c:474:23: warning: implicit conversion from ‘floatview.c:474:23: warning: implicit conversion from ‘float’ to ‘double’ to match other operand of binary expression [-Wdouble-promotion]
view.c:530:6: warning: no previous prototype for ‘V_Polview.c:530:6: warning: no previous prototype for ‘V_PolyBlend’ [-Wmissing-prototypes]
view.c:532:13: warning: comparing floating-point with ‘view.c:532:13: warning: comparing floating-point with ‘==’ or ‘!=’ is unsafe [-Wfloat-equal]
  532 |         if (!view.c:532:36: warning: comparing floating-point with ‘view.c:532:36: warning: comparing floating-point with ‘==’ or ‘!=’ is unsafe [-Wfloat-equal]
view.c:572:7: warning: no previous prototype for ‘angleview.c:572:7: warning: no previous prototype for ‘angledelta’ [-Wmissing-prototypes]
  5view.c:585:6: warning: no previous prototype for ‘CalcGview.c:585:6: warning: no previous prototype for ‘CalcGunAngle’ [-Wmissing-prototypes]
view.c:594:58: warning: implicit conversion from ‘floatview.c:594:58: warning: implicit conversion from ‘float’ to ‘double’ to match other operand of binary expression [-Wdouble-promotion]
      |   view.c:599:65: warning: implicit conversion from ‘floatview.c:599:65: warning: implicit conversion from ‘float’ to ‘double’ to match other operand of binary expression [-Wdouble-promotion]
      |          view.c:633:67: warning: implicit conversion from ‘floatview.c:633:67: warning: implicit conversion from ‘float’ to ‘double’ to match other operand of binary expression [-Wdouble-promotion]
      |            view.c:633:54: warning: implicit conversion from ‘floatview.c:633:54: warning: implicit conversion from ‘float’ to ‘double’ to match other operand of binary expression [-Wdouble-promotion]
      view.c:633:89: warning: implicit conversion from ‘floatview.c:633:89: warning: implicit conversion from ‘float’ to ‘double’ to match other operand of binary expression [-Wdouble-promotion]
      |                                  view.c:633:33: warning: implicit conversion from ‘vec_tview.c:633:33: warning: implicit conversion from ‘vec_t’ {aka ‘float’} to ‘double’ to match other operand of binary expression [-Wdouble-promotion]
  633 |         cl.viewent.angles[ROLL] -= v_idlescale.value * sin(cl.time*v_iroll_cycle.value) * v_irollview.c:634:68: warning: implicit conversion from ‘floatview.c:634:68: warning: implicit conversion from ‘float’ to ‘double’ to match other operand of binary expression [-Wdouble-promotion]
      |             view.c:634:55: warning: implicit conversion from ‘floatview.c:634:55: warning: implicit conversion from ‘float’ to ‘double’ to match other operand of binary expression [-Wdouble-promotion]
      |view.c:634:91: warning: implicit conversion from ‘floatview.c:634:91: warning: implicit conversion from ‘float’ to ‘double’ to match other operand of binary expression [-Wdouble-promotion]
      |                                    view.c:634:34: warning: implicit conversion from ‘vec_tview.c:634:34: warning: implicit conversion from ‘vec_t’ {aka ‘float’} to ‘double’ to match other operand of binary expression [-Wdouble-promotion]
  634 |         cl.viewent.angles[PITCH] -= v_idlescale.value * sin(cl.time*v_ipitch_cycle.value) * v_ipitch_view.c:635:66: warning: implicit conversion from ‘floatview.c:635:66: warning: implicit conversion from ‘float’ to ‘double’ to match other operand of binary expression [-Wdouble-promotion]
      |           view.c:635:53: warning: implicit conversion from ‘floatview.c:635:53: warning: implicit conversion from ‘float’ to ‘double’ to match other operand of binary expression [-Wdouble-promotion]
     view.c:635:87: warning: implicit conversion from ‘floatview.c:635:87: warning: implicit conversion from ‘float’ to ‘double’ to match other operand of binary expression [-Wdouble-promotion]
      |                                view.c:635:32: warning: implicit conversion from ‘vec_tview.c:635:32: warning: implicit conversion from ‘vec_t’ {aka ‘float’} to ‘double’ to match other operand of binary expression [-Wdouble-promotion]
view.c:643:6: warning: no previous prototype for ‘V_Bouview.c:643:6: warning: no previous prototype for ‘V_BoundOffsets’ [-Wmissing-prototypes]
  643 view.c:673:6: warning: no previous prototype for ‘V_Addview.c:673:6: warning: no previous prototype for ‘V_AddIdle’ [-Wmissing-prototypview.c: In function ‘V_AddIdle’:
view.c:675:69: warning: implicit conversion from ‘floatview.c:675:69: warning: implicit conversion from ‘float’ to ‘double’ to match other operand of binary expression [-Wdouble-promotion]
      |              view.c:675:56: warning: implicit conversion from ‘floatview.c:675:56: warning: implicit conversion from ‘float’ to ‘double’ to match other operand of binary expression [-Wdouble-promotion]
      | view.c:675:91: warning: implicit conversion from ‘floatview.c:675:91: warning: implicit conversion from ‘float’ to ‘double’ to match other operand of binary expression [-Wdouble-promotion]
      |                                    view.c:675:35: warning: implicit conversion from ‘vec_tview.c:675:35: warning: implicit conversion from ‘vec_t’ {aka ‘float’} to ‘double’ to match other operand of binary expression [-Wdouble-promotion]
  675 |         r_refdef.viewangles[ROLL] += v_idlescale.value * sin(cl.time*v_iroll_cycle.value) * v_iroll_lview.c:676:70: warning: implicit conversion from ‘floatview.c:676:70: warning: implicit conversion from ‘float’ to ‘double’ to match other operand of binary expression [-Wdouble-promotion]
      |               view.c:676:57: warning: implicit conversion from ‘floatview.c:676:57: warning: implicit conversion from ‘float’ to ‘double’ to match other operand of binary expression [-Wdouble-promotion]
      |  view.c:676:93: warning: implicit conversion from ‘floatview.c:676:93: warning: implicit conversion from ‘float’ to ‘double’ to match other operand of binary expression [-Wdouble-promotion]
      |                                      view.c:676:36: warning: implicit conversion from ‘vec_tview.c:676:36: warning: implicit conversion from ‘vec_t’ {aka ‘float’} to ‘double’ to match other operand of binary expression [-Wdouble-promotion]
  676 |         r_refdef.viewangles[PITCH] += v_idlescale.value * sin(cl.time*v_ipitch_cycle.value) * v_ipitch_leview.c:677:68: warning: implicit conversion from ‘floatview.c:677:68: warning: implicit conversion from ‘float’ to ‘double’ to match other operand of binary expression [-Wdouble-promotion]
      |             view.c:677:55: warning: implicit conversion from ‘floatview.c:677:55: warning: implicit conversion from ‘float’ to ‘double’ to match other operand of binary expression [-Wdouble-promotion]
      |view.c:677:89: warning: implicit conversion from ‘floatview.c:677:89: warning: implicit conversion from ‘float’ to ‘double’ to match other operand of binary expression [-Wdouble-promotion]
      |                                  view.c:677:34: warning: implicit conversion from ‘vec_tview.c:677:34: warning: implicit conversion from ‘vec_t’ {aka ‘float’} to ‘double’ to match other operand of binary expression [-Wdouble-promotion]
view.c:688:6: warning: no previous prototype for ‘V_Calview.c:688:6: warning: no previous prototype for ‘V_CalcViewRoll’ [-Wmissing-prototypes]
view.c:699:28: warning: implicit conversion from ‘floatview.c:699:28: warning: implicit conversion from ‘float’ to ‘double’ to match other operand of binary expression [-Wdouble-promotion]
view.c:715:6: warning: no previous prototype for ‘V_Calview.c:715:6: warning: no previous prototype for ‘V_CalcIntermissionRefdef’ [-Wmissing-prototypes]
  715 | void V_CalcIntermiview.c:741:6: warning: no previous prototype for ‘V_Calview.c:741:6: warning: no previous prototype for ‘V_CalcRefdef’ [-Wmissing-prototypes]
view.c:774:29: warning: implicit conversion from ‘vec_tview.c:774:29: warning: implicit conversion from ‘vec_t’ {aka ‘float’} to ‘double’ to match other operand of binary expression [-Wdouble-promotion]
  774 |         r_refdef.viewview.c:775:29: warning: implicit conversion from ‘vec_tview.c:775:29: warning: implicit conversion from ‘vec_t’ {aka ‘float’} to ‘double’ to match other operand of binary expression [-Wdouble-promotion]
  775 |         r_refdef.viewview.c:776:29: warning: implicit conversion from ‘vec_tview.c:776:29: warning: implicit conversion from ‘vec_t’ {aka ‘float’} to ‘double’ to match other operand of binary expression [-Wdouble-promotion]
  776 |         r_refdef.viewview.c:804:50: warning: implicit conversion from ‘floatview.c:804:50: warning: implicit conversion from ‘float’ to ‘double’ to match other operand of binary expression [-Wdouble-promotion]
  view.c:804:33: warning: implicit conversion from ‘vec_tview.c:804:33: warning: implicit conversion from ‘vec_t’ {aka ‘float’} to ‘double’ to match other operand of binary expression [-Wdouble-promotion]
  804 |                 view->origin[i] += forwarview.c:809:13: warning: comparing floating-point with ‘view.c:809:13: warning: comparing floating-point with ‘==’ or ‘!=’ is unsafe [-Wfloat-equal]
  809 |         if (r_viewview.c:811:40: warning: comparing floating-point with ‘view.c:811:40: warning: comparing floating-point with ‘==’ or ‘!=’ is unsafe [-Wfloat-equal]
  811 |                 if (scr_viewsize.value =view.c:813:45: warning: comparing floating-point with ‘view.c:813:45: warning: comparing floating-point with ‘==’ or ‘!=’ is unsafe [-Wfloat-equal]
  813 |                 else if (scr_viewsize.value == 100view.c:815:45: warning: comparing floating-point with ‘view.c:815:45: warning: comparing floating-point with ‘==’ or ‘!=’ is unsafe [-Wfloat-equal]
  815 |                 else if (scr_viewsize.value == 90view.c:817:45: warning: comparing floating-point with ‘view.c:817:45: warning: comparing floating-point with ‘==’ or ‘!=’ is unsafe [-Wfloat-equal]
  817 |                 else if (scr_viewsize.value == 80view.c:818:41: warning: implicit conversion from ‘vec_tview.c:818:41: warning: implicit conversion from ‘vec_t’ {aka ‘float’} to ‘double’ to match other operand of binary expression [-Wdouble-promotion]
  818 |                         view->origin[2] +=view.c:835:29: warning: comparing floating-point with ‘view.c:835:29: warning: comparing floating-point with ‘==’ or ‘!=’ is unsafe [-Wfloat-equal]
  835 |         if (v_gunkick.value == 1) //orview.c:837:29: warning: comparing floating-point with ‘view.c:837:29: warning: comparing floating-point with ‘==’ or ‘!=’ is unsafe [-Wfloat-equal]
  837 |         if (v_gunkick.value ==view.c:840:38: warning: comparing floating-point with ‘view.c:840:38: warning: comparing floating-point with ‘==’ or ‘!=’ is unsafe [-Wfloat-equal]
  840 |                         if (punch[i] != v_punchangleview.c:843:83: warning: implicit conversion from ‘vec_tview.c:843:83: warning: implicit conversion from ‘vec_t’ {aka ‘float’} to ‘double’ to match other operand of binary expression [-Wdouble-promotion]
      |                            view.c:877:13: warning: comparing floating-point with ‘view.c:877:13: warning: comparing floating-point with ‘==’ or ‘!=’ is unsafe [-Wfloat-equal]
  877 |         cc -DNDEBUG -c -Wall -Wno-trigraphs -MMD  -O2 -fweb -frencc -DNDEBUG -c -Wall -Wno-trigraphs -MMD  -O2 -fweb -frename-registers -DUSE_SDL2 -DUSE_CODEC_WAVE -DUSE_CODEC_VORBIS  -Wall -Wextra -Wshadow -Wstrict-prototypes -Wmissing-prototypes -Wpointer-arith -Wcast-align -Wwrite-strings -Wundef -Wfloat-equal -Wnull-dereference -Wdouble-promotion -Wlogical-op -Wduplicated-cond -Wduplicated-branches -Wstrict-aliasing=2 -Wformat=2 -Wmissing-include-dirs -Wmissing-field-initializerscc -DNDEBUG -c -Wall -Wno-trigraphs -MMD  -O2 -fweb -frencc -DNDEBUG -c -Wall -Wno-trigraphs -MMD  -O2 -fweb -frename-registers -DUSE_SDL2 -DUSE_CODEC_WAVE -DUSE_CODEC_VORBIS  -Wall -Wextra -Wshadow -Wstrict-prototypes -Wmissing-prototypes -Wpointer-arith -Wcast-align -Wwrite-strings -Wundef -Wfloat-equal -Wnull-dereference -Wdouble-promotion -Wlogical-op -Wduplicated-cond -Wduplicated-branches -Wstrict-aliasing=2 -Wformat=2 -Wmissing-include-dirs -Wmissing-field-initialicmd.c:55:6: warning: no previous prototype for ‘Cmd_Waicmd.c:55:6: warning: no previous prototype for ‘Cmd_Wait_f’ [-Wmissing-prototypes]
cmd.c:222:6: warning: no previous prototype for ‘Cmd_StuffCmds_f’ [-Wmissing-prototypes]
cmd.c:261:6: warning: no previous prototype for ‘Cmd_Exec_f’ [-Wmissing-prototypes]
cmd.c:298:6: warning: no previous prototype for ‘Cmd_Echo_f’ [-Wmissing-prototypes]
cmd.c:314:6: warning: no previous prototype for ‘Cmd_Alias_f’ [-Wmissing-prototypes]
cmd.c:389:6: warning: no previous prototype for ‘Cmd_Unalias_f’ [-Wmissing-prototypes]
cmd.c:426:6: warning: no previous prototype for ‘Cmd_Unaliasall_f’ [-Wmissing-prototypes]
cmd.c:474:6: warning: no previous prototype for ‘Cmd_List_f’ [-Wmissing-prototypes]
cmd.c:533:6: warning: no previous prototype for ‘Cmd_Apropos_f’ [-Wmissing-prototypes]
    inlined from ‘Cmd_ExeIn function ‘Cmd_Execcmd.c:274:20: warning: ‘strcmp’ of a string of lengthcmd.c:274:20: warning: ‘strcmp’ of a string of length 11 and an array of size 1 evaluates to nonzero [-Wstring-compare]
     cc -DNDEBUG -c -Wall -Wno-trigraphs -MMD  -O2 -fweb -frencc -DNDEBUG -c -Wall -Wno-trigraphs -MMD  -O2 -fweb -frename-registers -DUSE_SDL2 -DUSE_CODEC_WAVE -DUSE_CODEC_VORBIS  -Wall -Wextra -Wshadow -Wstrict-prototypes -Wmissing-prototypes -Wpointer-arith -Wcast-align -Wwrite-strings -Wundef -Wfloat-equal -Wnull-dereference -Wdouble-promotion -Wlogical-op -Wduplicated-cond -Wduplicated-branches -Wstrict-aliasing=2 -Wformat=2 -Wmissing-include-dirs -Wmissing-field-initializers -O2cc -DNDEBUG -c -Wall -Wno-trigraphs -MMD  -O2 -fweb -frencc -DNDEBUG -c -Wall -Wno-trigraphs -MMD  -O2 -fweb -frename-registers -DUSE_SDL2 -DUSE_CODEC_WAVE -DUSE_CODEC_VORBIS  -Wall -Wextra -Wshadow -Wstrict-prototypes -Wmissing-prototypes -Wpointer-arith -Wcast-align -Wwrite-strings -Wundef -Wfloat-equal -Wnull-dereference -Wdouble-promotion -Wlogical-op -Wduplicated-cond -Wduplicated-branches -Wstrict-aliasing=2 -Wformat=2 -Wmissing-include-dirs -Wmissing-field-initializecommon.c:36:1: warning: missing initializer for field ‘common.c:36:1: warning: missing initializer for field ‘value’ of ‘struct cvar_s’ [-Wmissing-field-initializers]
   85 |         floacommon.c:37:1: warning: missing initializer for field ‘common.c:37:1: warning: missing initializer for field ‘value’ of ‘cvar_t’ {aka ‘struct cvar_s’} [-Wmissing-field-initializers]
common.c:621:7: warning: no previous prototype for ‘ShortSwap’ [-Wmissing-prototypes]
common.c:631:7: warning: no previous prototype for ‘ShortNoSwap’ [-Wmissing-prototypes]
common.c:636:5: warning: no previous prototype for ‘LongSwap’ [-Wmissing-prototypes]
common.c:648:5: warning: no previous prototype for ‘LongNoSwap’ [-Wmissing-prototypes]
common.c:653:7: warning: no previous prototype for ‘FloatSwap’ [-Wmissing-prototypes]
common.c:670:7: warning: no previous prototype for ‘FloatNoSwap’ [-Wmissing-prototypes]
common.c:762:6: warning: no previous prototype for ‘MSG_WriteCoord16’ [-Wmissing-prototypes]
mathlib.h:53:40: warning: implicit conversion from ‘float’ to ‘double’ to match other operand of binary expression [-Wdouble-promotion]
mathlib.h:53:59: warning: implicit conversion from ‘float’ to ‘double’ to match other operand of binary expression [-Wdouble-promotion]
common.c:768:6: warning: no previous prototype for ‘MSG_WriteCoord24’ [-Wmissing-prototypes]
common.c:775:6: warning: no previous prototype for ‘MSG_WriteCoord32f’ [-Wmissing-prototypes]
mathlib.h:53:40: warning: implicit conversion from ‘float’ to ‘double’ to match other operand of binary expression [-Wdouble-promotion]
mathlib.h:53:59: warning: implicit conversion from ‘float’ to ‘double’ to match other operand of binary expression [-Wdouble-promotion]
common.c:796:46: warning: implicit conversion from ‘float’ to ‘double’ to match other operand of binary expression [-Wdouble-promotion]
common.c:796:46: warning: implicit conversion from ‘float’ to ‘double’ to match other operand of binary expression [-Wdouble-promotion]
common.c:796:46: warning: implicit conversion from ‘float’ to ‘double’ to match other operand of binary expression [-Wdouble-promotion]
common.c:797:42: warning: implicit conversion from ‘float’ to ‘double’ to match other operand of binary expression [-Wdouble-promotion]
common.c:797:42: warning: implicit conversion from ‘float’ to ‘double’ to match other operand of binary expression [-Wdouble-promotion]
common.c:797:42: warning: implicit conversion from ‘float’ to ‘double’ to match other operand of binary expression [-Wdouble-promotion]
common.c:805:43: warning: implicit conversion from ‘float’ to ‘double’ to match other operand of binary expression [-Wdouble-promotion]
common.c:805:43: warning: implicit conversion from ‘float’ to ‘double’ to match other operand of binary expression [-Wdouble-promotion]
common.c:805:43: warning: implicit conversion from ‘float’ to ‘double’ to match other operand of binary expression [-Wdouble-promotion]
common.c:934:7: warning: no previous prototype for ‘MSG_ReadCoord16’ [-Wmissing-prototypes]
common.c:940:7: warning: no previous prototype for ‘MSG_ReadCoord24’ [-Wmissing-prototypes]
common.c:946:7: warning: no previous prototype for ‘MSG_ReadCoord32f’ [-Wmissing-prototypes]
common.c:1273:33: warning: comparison of integer expressions of different signedness: ‘int’ and ‘long unsigned int’ [-Wsign-compare]
common.c:1283:25: warning: comparison of integer expressions of different signedness: ‘int’ and ‘long unsigned int’ [-Wsign-compare]
common.c:1294:25: warning: comparison of integer expressions of different signedness: ‘int’ and ‘long unsigned int’ [-Wsign-compare]
common.c:1658:6: warning: no previous prototype for ‘COM_filelength’ [-Wmissing-prototypes]
common.c:1731:29: warning: comparing floating-point with ‘==’ or ‘!=’ is unsafe [-Wfloat-equal]
common.c:1857:7: warning: no previous prototype for ‘COM_LoadFile’ [-Wmissing-prototypes]
common.c:2180:21: warning: comparing floating-point with ‘==’ or ‘!=’ is unsafe [-Wfloat-equal]
common.c:2625:6: warning: no previous prototype for ‘LOC_LoadFile’ [-Wmissing-prototypes]
common.c:2847:33: warning: comparison of integer expressions of different signedness: ‘unsigned int’ and ‘int’ [-Wsign-compare]
common.c:2910:25: warning: comparison of integer expressions of different signedness: ‘unsigned int’ and ‘int’ [-Wsign-compare]
cvar.c:42:6: warning: no previous prototype for ‘Cvar_List_f’ [-Wmissing-prototypes]
cvar.c:87:6: warning: no previous prototype for ‘Cvar_Inc_f’ [-Wmissing-prototypes]
cvar.c:109:6: warning: no previous prototype for ‘Cvar_Toggle_f’ [-Wmissing-prototypes]
cvar.c:118:21: warning: comparing floating-point with ‘==’ or ‘!=’ is unsafe [-Wfloat-equal]
cvar.c:131:6: warning: no previous prototype for ‘Cvar_Cycle_f’ [-Wmissing-prototypes]
cvar.c:149:41: warning: comparing floating-point with ‘==’ or ‘!=’ is unsafe [-Wfloat-equal]
cvar.c:156:49: warning: comparing floating-point with ‘==’ or ‘!=’ is unsafe [-Wfloat-equal]
cvar.c:174:6: warning: no previous prototype for ‘Cvar_Reset_f’ [-Wmissing-prototypes]
cvar.c:193:6: warning: no previous prototype for ‘Cvar_ResetAll_f’ [-Wmissing-prototypes]
cvar.c:206:6: warning: no previous prototype for ‘Cvar_ResetCfg_f’ [-Wmissing-prototypes]
cvar.c:435:19: warning: comparing floating-point with ‘==’ or ‘!=’ is unsafe [-Wfloat-equal]
cvar.c:439:53: warning: implicit conversion from ‘float’ to ‘double’ when passing argument to function [-Wdouble-promotion]
cvar.c:478:19: warning: comparing floating-point with ‘==’ or ‘!=’ is unsafe [-Wfloat-equal]
cvar.c:482:53: warning: implicit conversion from ‘float’ to ‘double’ when passing argument to function [-Wdouble-promotion]
cfgfile.c:38:6: warning: no previous prototype for ‘CFG_ReadCvars’ [-Wmissing-prototypes]
cfgfile.c:121:6: warning: no previous prototype for ‘CFG_ReadCvarOverrides’ [-Wmissing-prototypes]
cfgfile.c:143:6: warning: no previous prototype for ‘CFG_CloseConfig’ [-Wmissing-prototypes]
cfgfile.c:153:5: warning: no previous prototype for ‘CFG_OpenConfig’ [-Wmissing-prototypes]
host.c:60:1: warning: missing initializer for field ‘vahost.c:60:1: warning: missing initializer for field ‘value’ of ‘cvar_t’ {aka ‘struct cvar_s’} [-Wmissing-field-initializers]
host.c:61:1: warning: missing initializer for field ‘value’ of ‘cvar_t’ {aka ‘struct cvar_s’} [-Wmissing-field-initializers]
host.c:62:1: warning: missing initializer for field ‘value’ of ‘cvar_t’ {aka ‘struct cvar_s’} [-Wmissing-field-initializers]
host.c:63:1: warning: missing initializer for field ‘value’ of ‘cvar_t’ {aka ‘struct cvar_s’} [-Wmissing-field-initializers]
host.c:64:1: warning: missing initializer for field ‘value’ of ‘cvar_t’ {aka ‘struct cvar_s’} [-Wmissing-field-initializers]
host.c:66:1: warning: missing initializer for field ‘value’ of ‘cvar_t’ {aka ‘struct cvar_s’} [-Wmissing-field-initializers]
host.c:67:1: warning: missing initializer for field ‘value’ of ‘cvar_t’ {aka ‘struct cvar_s’} [-Wmissing-field-initializers]
host.c:69:1: warning: missing initializer for field ‘value’ of ‘cvar_t’ {aka ‘struct cvar_s’} [-Wmissing-field-initializers]
host.c:70:1: warning: missing initializer for field ‘value’ of ‘cvar_t’ {aka ‘struct cvar_s’} [-Wmissing-field-initializers]
host.c:71:1: warning: missing initializer for field ‘value’ of ‘cvar_t’ {aka ‘struct cvar_s’} [-Wmissing-field-initializers]
host.c:72:1: warning: missing initializer for field ‘value’ of ‘cvar_t’ {aka ‘struct cvar_s’} [-Wmissing-field-initializers]
host.c:73:1: warning: missing initializer for field ‘value’ of ‘cvar_t’ {aka ‘struct cvar_s’} [-Wmissing-field-initializers]
host.c:74:1: warning: missing initializer for field ‘value’ of ‘cvar_t’ {aka ‘struct cvar_s’} [-Wmissing-field-initializers]
host.c:75:1: warning: missing initializer for field ‘value’ of ‘cvar_t’ {aka ‘struct cvar_s’} [-Wmissing-field-initializers]
host.c:76:1: warning: missing initializer for field ‘value’ of ‘cvar_t’ {aka ‘struct cvar_s’} [-Wmissing-field-initializers]
host.c:78:1: warning: missing initializer for field ‘value’ of ‘cvar_t’ {aka ‘struct cvar_s’} [-Wmissing-field-initializers]
host.c:80:1: warning: missing initializer for field ‘value’ of ‘cvar_t’ {aka ‘struct cvar_s’} [-Wmissing-field-initializers]
host.c:82:1: warning: missing initializer for field ‘value’ of ‘cvar_t’ {aka ‘struct cvar_s’} [-Wmissing-field-initializers]
host.c:84:1: warning: missing initializer for field ‘value’ of ‘cvar_t’ {aka ‘struct cvar_s’} [-Wmissing-field-initializers]
host.c:86:1: warning: missing initializer for field ‘value’ of ‘cvar_t’ {aka ‘struct cvar_s’} [-Wmissing-field-initializers]
host.c:87:1: warning: missing initializer for field ‘value’ of ‘cvar_t’ {aka ‘struct cvar_s’} [-Wmissing-field-initializers]
host.c:88:1: warning: missing initializer for field ‘value’ of ‘cvar_t’ {aka ‘struct cvar_s’} [-Wmissing-field-initializers]
host.c:98:35: warning: unused parameter ‘var’ [-Wunused-parameter]
host.c:189:9: warning: no previous prototype for void    Host_FindMaxClients (void)
host.c:235:6: warning: no previous prototype for ‘Host_Version_f’ [-Wmissing-prototypes]
host.c:254:6: warning: no previous prototype for ‘Host_InitLocal’ [-Wmissing-prototypes]
  254 host.c:576:10: warning: no previous prototype for ‘Hosthost.c:576:10: warning: no previous prototype for ‘Host_FilterTime’ [-Wmissing-prototypes]
host.c:580:18: warning: implicit conversion from ‘float’ to ‘double’ to match other operand of binary expression [-Wdouble-promotion]
host.c:584:58: warning: implicit conversion from ‘float’ to ‘double’ to match other operand of binary expression [-Wdouble-promotion]
host.c:593:32: warning: implicit conversion from ‘float’ to ‘double’ to match other operand of binary expression [-Wdouble-promotion]
host.c:610:6: warning: no previous prototype for ‘Host_GetConsoleCommands’ [-Wmissing-prototypes]
host.c:680:6: warning: no previous prototype for ‘_Host_Frame’ [-Wmissing-prototypes]
host.c:742:13: warning: comparing floating-point with ‘==’ or ‘!=’ is unsafe [-Wfloat-equal]
host.c:749:13: warning: comparing floating-point with ‘==’ or ‘!=’ is unsafe [-Wfloat-equal]
host.c:764:13: warning: comparing floating-point with ‘==’ or ‘!=’ is unsafe [-Wfloat-equal]
host.c:785:13: warning: comparing floating-point with ‘==’ or ‘!=’ is unsafe [-Wfloat-equal]
host.c:829:107: warning: implicit conversion from ‘float’ to ‘double’ when passing argument to function [-Wdouble-promotion]
host_cmd.c:526:13: warning: comparing floating-point withhost_cmd.c:526:13: warning: comparing floating-point with ‘==’ or ‘!=’ is unsafe [-Wfloat-equal]
  526 |         if (pr_global_host_cmd.c:540:21: warning: comparing floating-point withhost_cmd.c:540:21: warning: comparing floating-point with ‘==’ or ‘!=’ is unsafe [-Wfloat-equal]
host_cmd.c:571:13: warning: comparing floating-point withhost_cmd.c:571:13: warning: comparing floating-point with ‘==’ or ‘!=’ is unsafe [-Wfloat-equal]
  571 |         if (pr_global_host_cmd.c:585:21: warning: comparing floating-point withhost_cmd.c:585:21: warning: comparing floating-point with ‘==’ or ‘!=’ is unsafe [-Wfloat-equal]
host_cmd.c:618:13: warning: comparing floating-point withhost_cmd.c:618:13: warning: comparing floating-point with ‘==’ or ‘!=’ is unsafe [-Wfloat-equal]
  618 |         if (pr_global_host_cmd.c:625:43: warning: comparing floating-point withhost_cmd.c:625:43: warning: comparing floating-point with ‘==’ or ‘!=’ is unsafe [-Wfloat-equal]
  625 |                 if (sv_player->v.movetype != MOVETYPE_NOCLhost_cmd.c:639:21: warning: comparing floating-point withhost_cmd.c:639:21: warning: comparing floating-point with ‘==’ or ‘!=’ is unsafe [-Wfloat-equal]
host_cmd.c:674:13: warning: comparing floating-point withhost_cmd.c:674:13: warning: comparing floating-point with ‘==’ or ‘!=’ is unsafe [-Wfloat-equal]
  674 |         if (pr_global_host_cmd.c:693:35: warning: comparing floating-point withhost_cmd.c:693:35: warning: comparing floating-point with ‘==’ or ‘!=’ is unsafe [-Wfloat-equal]
host_cmd.c:735:13: warning: comparing floating-point withhost_cmd.c:735:13: warning: comparing floating-point with ‘==’ or ‘!=’ is unsafe [-Wfloat-equal]
  735 |         if (pr_global_host_cmd.c:742:43: warning: comparing floating-point withhost_cmd.c:742:43: warning: comparing floating-point with ‘==’ or ‘!=’ is unsafe [-Wfloat-equal]
  742 |                 if (sv_player->v.movetype != MOVETYPE_Fhost_cmd.c:754:21: warning: comparing floating-point withhost_cmd.c:754:21: warning: comparing floating-point with ‘==’ or ‘!=’ is unsafe [-Wfloat-equal]
host_cmd.c:1144:61: warning: implicit conversion from ‘host_cmd.c:1144:61: warning: implicit conversion from ‘float’ to ‘double’ when passing argument to function [-Wdouble-promotion]
host_cmd.c:1203:13: warning: comparing floating-point withost_cmd.c:1203:13: warning: comparing floating-point with ‘==’ or ‘!=’ is unsafe [-Wfloat-equal]
 1203 |     host_cmd.c:1245:38: warning: implicit conversion from ‘host_cmd.c:1245:38: warning: implicit conversion from ‘float’ to ‘double’ to match other operand of binary expression [-Wdouble-promotion]
host_cmd.c:1446:21: warning: comparing floating-point withost_cmd.c:1446:21: warning: comparing floating-point with ‘==’ or ‘!=’ is unsafe [-Wfloat-equal]
host_cmd.c:1446:73: warning: comparing floating-point with ‘==’ or ‘!=’ is unsafe [-Wfloat-equal]
host_cmd.c:1626:13: warning: comparing floating-point withost_cmd.c:1626:13: warning: comparing floating-point with ‘==’ or ‘!=’ is unsafe [-Wfloat-equal]
host_cmd.c:1832:18: warning: comparing floating-point with ‘==’ or ‘!=’ is unsafe [-Wfloat-equal]
host_cmd.c:1920:13: warning: comparing floating-point with ‘==’ or ‘!=’ is unsafe [-Wfloat-equal]
host_cmd.c:2288:34: warning: comparing floating-point with ‘==’ or ‘!=’ is unsafe [-Wfloat-equal]
pr_cmds.c:92:21: warning: comparing floating-point with ‘==’ or ‘!=’ is unsafe [-Wfloat-equal]
pr_cmds.c:428:38: warning: implicit conversion from ‘float’ to ‘double’ to match other operand of binary expression [-Wdouble-promotion]
pr_cmds.c:428:70: warning: implicit conversion from ‘float’ to ‘double’ to match other operand of binary expression [-Wdouble-promotion]
pr_cmds.c:428:101: warning: implicit conversion from ‘float’ to ‘double’ to match other operand of binary expression [-Wdouble-promotion]
pr_cmds.c:431:22: warning: comparing floating-point with ‘==’ or ‘!=’ is unsafe [-Wfloat-equal]
pr_cmds.c:436:41: warning: implicit conversion from ‘float’ to ‘double’ to match other operand of binary expression [-Wdouble-promotion]
pr_cmds.c:437:41: warning: implicit conversion from ‘float’ to ‘double’ to match other operand of binary expression [-Wdouble-promotion]
pr_cmds.c:438:41: warning: implicit conversion from ‘float’ to ‘double’ to match other operand of binary expression [-Wdouble-promotion]
pr_cmds.c:458:38: warning: implicit conversion from ‘float’ to ‘double’ to match other operand of binary expression [-Wdouble-promotion]
pr_cmds.c:458:70: warning: implicit conversion from ‘float’ to ‘double’ to match other operand of binary expression [-Wdouble-promotion]
pr_cmds.c:458:101: warning: implicit conversion from ‘float’ to ‘double’ to match other operand of binary expression [-Wdouble-promotion]
pr_cmds.c:478:23: warning: comparing floating-point with ‘==’ or ‘!=’ is unsafe [-Wfloat-equal]
pr_cmds.c:478:41: warning: comparing floating-point with ‘==’ or ‘!=’ is unsafe [-Wfloat-equal]
pr_cmds.c:506:23: warning: comparing floating-point with ‘==’ or ‘!=’ is unsafe [-Wfloat-equal]
pr_cmds.c:506:41: warning: comparing floating-point with ‘==’ or ‘!=’ is unsafe [-Wfloat-equal]
pr_cmds.c:708:13: warning: comparing floating-point with ‘==’ or ‘!=’ is unsafe [-Wfloat-equal]
pr_cmds.c:712:25: warning: implicit conversion from ‘float’ to ‘double’ when passing argument to function [-Wdouble-promotion]
pr_cmds.c:712:32: warning: implicit conversion from ‘float’ to ‘double’ when passing argument to function [-Wdouble-promotion]
pr_cmds.c:712:39: warning: implicit conversion from ‘float’ to ‘double’ when passing argument to function [-Wdouble-promotion]
pr_cmds.c:712:46: warning: implicit conversion from ‘float’ to ‘double’ when passing argument to function [-Wdouble-promotion]
pr_cmds.c:712:53: warning: implicit conversion from ‘float’ to ‘double’ when passing argument to function [-Wdouble-promotion]
pr_cmds.c:712:60: warning: implicit conversion from ‘float’ to ‘double’ when passing argument to function [-Wdouble-promotion]
pr_cmds.c:975:34: warning: comparing floating-point with ‘==’ or ‘!=’ is unsafe [-Wfloat-equal]
pr_cmds.c:978:84: warning: implicit conversion from ‘vec_t’ {aka ‘float’} to ‘double’ to match other operand of binary expression [-Wdouble-promotion]
pr_cmds.c:978:48: warning: implicit conversion from ‘vec_t’ {aka ‘float’} to ‘double’ to match other operand of binary expression [-Wdouble-promotion]
pr_cmds.c:978:28: warning: implicit conversion from ‘float’ to ‘double’ to match other operand of binary expression [-Wdouble-promotion]
pr_cmds.c:982:84: warning: implicit conversion from ‘vec_t’ {aka ‘float’} to ‘double’ to match other operand of binary expression [-Wdouble-promotion]
pr_cmds.c:982:48: warning: implicit conversion from ‘vec_t’ {aka ‘float’} to ‘double’ to match other operand of binary expression [-Wdouble-promotion]
pr_cmds.c:982:28: warning: implicit conversion from ‘float’ to ‘double’ to match other operand of binary expression [-Wdouble-promotion]
pr_cmds.c:986:84: warning: implicit conversion from ‘vec_t’ {aka ‘float’} to ‘double’ to match other operand of binary expression [-Wdouble-promotion]
pr_cmds.c:986:48: warning: implicit conversion from ‘vec_t’ {aka ‘float’} to ‘double’ to match other operand of binary expression [-Wdouble-promotion]
pr_cmds.c:986:28: warning: implicit conversion from ‘float’ to ‘double’ to match other operand of binary expression [-Wdouble-promotion]
pr_cmds.c:1015:15: warning: comparing floating-point with ‘==’ or ‘!=’ is unsafe [-Wfloat-equal]
pr_cmds.c:1018:37: warning: implicit conversion from ‘float’ to ‘double’ when passing argument to function [-Wdouble-promotion]
pr_cmds.c:1034:63: warning: implicit conversion from ‘float’ to ‘double’ when passing argument to function [-Wdouble-promotion]
pr_cmds.c:1034:87: warning: implicit conversion from ‘float’ to ‘double’ when passing argument to function [-Wdouble-promotion]
pr_cmds.c:1034:111: warning: implicit conversion from ‘float’ to ‘double’ when passing argument to function [-Wdouble-promotion]
progs.h:120:70: warning: dereferencing type-punned pointer might break strict-aliasing rules [-Wstrict-aliasing]
pr_cmds.c:1234:28: warning: comparing floating-point with ‘==’ or ‘!=’ is unsafe [-Wfloat-equal]
pr_cmds.c:1293:47: warning: implicit conversion from ‘float’ to ‘double’ to match other operand of binary expression [-Wdouble-promotion]
pr_cmds.c:1295:47: warning: implicit conversion from ‘float’ to ‘double’ to match other operand of binary expression [-Wdouble-promotion]
pr_cmds.c:1375:1: warning: missing initializer for field ‘value’ of ‘cvar_t’ {aka ‘struct cvar_s’} [-Wmissing-field-initializers]
pr_cmds.c:1396:44: warning: comparing floating-point with ‘==’ or ‘!=’ is unsafe [-Wfloat-equal]
pr_cmds.c:1397:21: warning: comparing floating-point with ‘==’ or ‘!=’ is unsafe [-Wfloat-equal]
pr_cmds.c:1397:72: warning: comparing floating-point with ‘==’ or ‘!=’ is unsafe [-Wfloat-equal]
pr_cmds.c:1411:41: warning: comparing floating-point with ‘==’ or ‘!=’ is unsafe [-Wfloat-equal]
pr_cmds.c:1415:21: warning: comparing floating-point with ‘==’ or ‘!=’ is unsafe [-Wfloat-equal]
pr_cmds.c:1415:70: warning: comparing floating-point with ‘==’ or ‘!=’ is unsafe [-Wfloat-equal]
pr_cmds.c:1418:59: warning: implicit conversion from ‘vec_t’ {aka ‘float’} to ‘double’ to match other operand of binary expression [-Wdouble-promotion]
pr_cmds.c:1418:53: warning: implicit conversion from ‘vec_t’ {aka ‘float’} to ‘double’ to match other operand of binary expression [-Wdouble-promotion]
pr_cmds.c:1454:6: warning: no previous prototype for ‘PF_changeyaw’ [-Wmissing-prototypes]
pr_cmds.c:1464:21: warning: comparing floating-point with ‘==’ or ‘!=’ is unsafe [-Wfloat-equal]
protocol.h:141:38: warning: comparing floating-point with ‘==’ or ‘!=’ is unsafe [-Wfloat-equal]
mathlib.c:47:6: warning: no previous prototype for ‘Promathlib.c:47:6: warning: no previous prototype for ‘ProjectPointOnPlane’ [-Wmissing-prototypes]
   47 | void ProjectPointOnPlane( vec3_t dst, const vec3_t pmathlib.c:69:6: warning: no previous prototype for ‘Permathlib.c:69:6: warning: no previous prototype for ‘PerpendicularVector’ [-Wmissing-prototypes]
mathlib.c:81:37: warning: implicit conversion from ‘flomathlib.c:81:37: warning: implicit conversion from ‘float’ to ‘double’ to match other operand of binary expression [-Wdouble-promotion]
mathlib.c:108:37: warning: implicit conversion from ‘flmathlib.c:108:37: warning: implicit conversion from ‘float’ to ‘double’ to match other operand of binary expression [-Wdouble-promotion]
mathlib.c:182:29: warning: implicit conversion from ‘vemathlib.c:182:29: warning: implicit conversion from ‘vec_t’ {aka ‘float’} to ‘double’ to match other operand of binary expression [-Wdouble-promotion]
  182 |         angle = angles[YAW]mathlib.c:185:31: warning: implicit conversion from ‘vemathlib.c:185:31: warning: implicit conversion from ‘vec_t’ {aka ‘float’} to ‘double’ to match other operand of binary expression [-Wdouble-promotion]
  185 |         angle = angles[PITCH] *mathlib.c:188:30: warning: implicit conversion from ‘vemathlib.c:188:30: warning: implicit conversion from ‘vec_t’ {aka ‘float’} to ‘double’ to match other operand of binary expression [-Wdouble-promotion]
mathlib.c:208:27: warning: comparing floating-point with mathlib.c:208:27: warning: comparing floating-point with ‘==’ or ‘!=’ is unsafe [-Wfloat-equal]
   85 |         floapr_edict.c:76:1: warning: missing initializer for field ‘value’ of ‘cvar_t’ {aka ‘struct cvar_s’} [-Wmissing-field-initializers]
pr_edict.c:77:1: warning: missing initializer for field ‘value’ of ‘cvar_t’ {aka ‘struct cvar_s’} [-Wmissing-field-initializers]
pr_edict.c:78:1: warning: missing initializer for field ‘value’ of ‘cvar_t’ {aka ‘struct cvar_s’} [-Wmissing-field-initializers]
pr_edict.c:79:1: warning: missing initializer for field ‘value’ of ‘cvar_t’ {aka ‘struct cvar_s’} [-Wmissing-field-initializers]
pr_edict.c:80:1: warning: missing initializer for field ‘value’ of ‘cvar_t’ {aka ‘struct cvar_s’} [-Wmissing-field-initializers]
pr_edict.c:81:1: warning: missing initializer for field ‘value’ of ‘cvar_t’ {aka ‘struct cvar_s’} [-Wmissing-field-initializers]
pr_edict.c:82:1: warning: missing initializer for field ‘value’ of ‘cvar_t’ {aka ‘struct cvar_s’} [-Wmissing-field-initializers]
pr_edict.c:83:1: warning: missing initializer for field ‘value’ of ‘cvar_t’ {aka ‘struct cvar_s’} [-Wmissing-field-initializers]
pr_edict.c:84:1: warning: missing initializer for field ‘value’ of ‘cvar_t’ {aka ‘struct cvar_s’} [-Wmissing-field-initializers]
pr_edict.c:85:1: warning: missing initializer for field ‘value’ of ‘cvar_t’ {aka ‘struct cvar_s’} [-Wmissing-field-initializers]
pr_edict.c:94:6: warning: no previous prototype for ‘ED_ClearEdict’ [-Wmissing-prototypes]
pr_edict.c:121:61: warning: implicit conversion from ‘float’ to ‘double’ to match other operand of binary expression [-Wdouble-promotion]
pr_edict.c:343:61: warning: implicit conversion from ‘float’ to ‘double’ when passing argument to function [-Wdouble-promotion]
pr_edict.c:346:83: warning: implicit conversion from ‘float’ to ‘double’ when passing argument to function [-Wdouble-promotion]
pr_edict.c:346:99: warning: implicit conversion from ‘float’ to ‘double’ when passing argument to function [-Wdouble-promotion]
pr_edict.c:346:115: warning: implicit conversion from ‘float’ to ‘double’ when passing argument to function [-Wdouble-promotion]
pr_edict.c:397:58: warning: implicit conversion from ‘float’ to ‘double’ when passing argument to function [-Wdouble-promotion]
pr_edict.c:400:72: warning: implicit conversion from ‘float’ to ‘double’ when passing argument to function [-Wdouble-promotion]
pr_edict.c:400:88: warning: implicit conversion from ‘float’ to ‘double’ when passing argument to function [-Wdouble-promotion]
pr_edict.c:400:104: warning: implicit conversion from ‘float’ to ‘double’ when passing argument to function [-Wdouble-promotion]
pr_edict.c:418:13: warning: no previous prototype for ‘PR_GlobalString’ [-Wmissing-prototypes]
pr_edict.c:449:13: warning: no previous prototype for ‘PR_GlobalStringNoContents’ [-Wmissing-prototypes]
protocol.h:137:62: warning: implicit conversion from ‘float’ to ‘double’ when passing argument to function [-Wdouble-promotion]
pr_edict.c:657:21: warning: comparing floating-point with ‘==’ or ‘!=’ is unsafe [-Wfloat-equal]
pr_edict.c:661:37: warning: comparing floating-point with ‘==’ or ‘!=’ is unsafe [-Wfloat-equal]
protocol.h:135:38: warning: comparing floating-point with ‘==’ or ‘!=’ is unsafe [-Wfloat-equal]
mathlib.h:53:40: warning: implicit conversion from ‘float’ to ‘double’ to match other operand of binary expression [-Wdouble-promotion]
mathlib.h:53:59: warning: implicit conversion from ‘float’ to ‘double’ to match other operand of binary expression [-Wdouble-promotion]
pr_edict.c:1024:21: warning: comparing floating-point with ‘==’ or ‘!=’ is unsafe [-Wfloat-equal]
pr_edict.c:1090:81: warning: comparing floating-point with ‘==’ or ‘!=’ is unsafe [-Wfloat-equal]
pr_edict.c:1285:13: warning: comparing floating-point with ‘==’ or ‘!=’ is unsafe [-Wfloat-equal]
pr_exec.c:352:13: warning: comparing floating-point with ‘==’ or ‘!=’ is unsafe [-Wfloat-equal]
pr_exec.c:459:43: warning: comparing floating-point with ‘==’ or ‘!=’ is unsafe [-Wfloat-equal]
pr_exec.c:352:13: warning: comparing floating-point with ‘==’ or ‘!=’ is unsafe [-Wfloat-equal]
pr_exec.c:462:43: warning: comparing floating-point with pr_exec.c:462:43: warning: comparing floating-point with ‘==’ or ‘!=’ is unsafe [-Wfloat-equal]
pr_exec.c:466:31: warning: comparing floating-point with ‘==’ or ‘!=’ is unsafe [-Wfloat-equal]
pr_exec.c:469:31: warning: comparing floating-point with ‘==’ or ‘!=’ is unsafe [-Wfloat-equal]
pr_exec.c:469:50: warning: comparing floating-point with ‘==’ or ‘!=’ is unsafe [-Wfloat-equal]
pr_exec.c:469:69: warning: comparing floating-point with ‘==’ or ‘!=’ is unsafe [-Wfloat-equal]
pr_exec.c:482:43: warning: comparing floating-point with ‘==’ or ‘!=’ is unsafe [-Wfloat-equal]
pr_exec.c:485:47: warning: comparing floating-point with ‘==’ or ‘!=’ is unsafe [-Wfloat-equal]
pr_exec.c:486:47: warning: comparing floating-point with ‘==’ or ‘!=’ is unsafe [-Wfloat-equal]
pr_exec.c:487:47: warning: comparing floating-point with ‘==’ or ‘!=’ is unsafe [-Wfloat-equal]
pr_exec.c:500:43: warning: comparing floating-point with ‘==’ or ‘!=’ is unsafe [-Wfloat-equal]
pr_exec.c:503:47: warning: comparing floating-point with ‘==’ or ‘!=’ is unsafe [-Wfloat-equal]
pr_exec.c:504:47: warning: comparing floating-point with ‘==’ or ‘!=’ is unsafe [-Wfloat-equal]
pr_exec.c:505:47: warning: comparing floating-point with ‘==’ or ‘!=’ is unsafe [-Wfloat-equal]
pr_exec.c:555:45: warning: dereferencing type-punned pointer might break strict-aliasing rules [-Wstrict-aliasing]
pr_exec.c:567:48: warning: dereferencing type-punned pointer might break strict-aliasing rules [-Wstrict-aliasing]
pr_exec.c:575:41: warning: dereferencing type-punned pointer might break strict-aliasing rules [-Wstrict-aliasing]
pr_exec.c:640:58: warning: implicit conversion from ‘float’ to ‘double’ to match other operand of binary expression [-Wdouble-promotion]
      |   cc -DNDEBUG -c -Wall -Wno-trigraphs -MMD  -O2 -fweb -frencc -DNDEBUG -c -Wall -Wno-trigraphs -MMD  -O2 -fweb -frename-registers -DUSE_SDL2 -DUSE_CODEC_WAVE -DUSE_CODEC_VORBIS  -Wall -Wextra -Wshadow -Wstrict-prototypes -Wmissing-prototypes -Wpointer-arith -Wcast-align -Wwrite-strings -Wundef -Wfloat-equal -Wnull-dereference -Wdouble-promotion -Wlogical-op -Wduplicated-cond -Wduplicated-branches -Wstrict-aliasing=2 -Wformat=2 -Wmissing-include-dirs -Wmissing-field-initializers -O2sv_main.c:45:6: warning: no previous prototype for ‘SV_sv_main.c:45:6: warning: no previous prototype for ‘SV_Protocol_f’ [-Wmissing-prototypes]
sv_main.c:200:64: warning: implicit conversion from ‘flsv_main.c:200:64: warning: implicit conversion from ‘float’ to ‘double’ when passing argument to function [-Wdouble-promotion]
      |                   sv_main.c:226:25: warning: comparing floating-point with ‘==’ or ‘!=’ is unsafe [-Wfloat-equal]
sv_main.c:226:25: warning: implicit conversion from ‘float’ to ‘double’ to match other operand of binary expression [-Wdouble-promotion]
sv_main.c:270:70: warning: implicit conversion from ‘vec_t’ {aka ‘float’} to ‘double’ to match other operand of binary expression [-Wdouble-promotion]
sv_main.c:270:66: warning: implicit conversion from ‘vec_t’ {aka ‘float’} to ‘double’ to match other operand of binary expression [-Wdouble-promotion]
sv_main.c:333:6: warning: no previous prototype for ‘SV_SendServerinfo’ [-Wmissing-prototypes]
sv_main.c:354:13: warning: comparing floating-point with ‘==’ or ‘!=’ is unsafe [-Wfloat-equal]
sv_main.c:354:25: warning: comparing floating-point with ‘==’ or ‘!=’ is unsafe [-Wfloat-equal]
sv_main.c:397:6: warning: no previous prototype for ‘SV_ConnectClient’ [-Wmissing-prototypes]
sv_main.c:515:6: warning: no previous prototype for ‘SV_AddToFatPVS’ [-Wmissing-prototypes]
sv_main.c:558:7: warning: no previous prototype for ‘SV_FatPVS’ [-Wmissing-prototypes]
sv_main.c:581:10: warning: no previous prototype for ‘SV_VisibleToClient’ [-Wmissing-prototypes]
sv_main.c:605:6: warning: no previous prototype for ‘SV_WriteEntitiesToClient’ [-Wmissing-prototypes]
sv_main.c:627:29: warning: comparing floating-point with ‘==’ or ‘!=’ is unsafe [-Wfloat-equal]
sv_main.c:656:29: warning: comparing floating-point with ‘==’ or ‘!=’ is unsafe [-Wfloat-equal]
sv_main.c:671:35: warning: implicit conversion from ‘float’ to ‘double’ to match other operand of binary expression [-Wdouble-promotion]
sv_main.c:671:50: warning: implicit conversion from ‘float’ to ‘double’ to match other operand of binary expression [-Wdouble-promotion]
sv_main.c:675:39: warning: comparing floating-point with ‘==’ or ‘!=’ is unsafe [-Wfloat-equal]
sv_main.c:678:39: warning: comparing floating-point with ‘==’ or ‘!=’ is unsafe [-Wfloat-equal]
sv_main.c:681:39: warning: comparing floating-point with ‘==’ or ‘!=’ is unsafe [-Wfloat-equal]
sv_main.c:684:37: warning: comparing floating-point with ‘==’ or ‘!=’ is unsafe [-Wfloat-equal]
sv_main.c:687:44: warning: comparing floating-point with ‘==’ or ‘!=’ is unsafe [-Wfloat-equal]
sv_main.c:690:40: warning: comparing floating-point with ‘==’ or ‘!=’ is unsafe [-Wfloat-equal]
sv_main.c:693:41: warning: comparing floating-point with ‘==’ or ‘!=’ is unsafe [-Wfloat-equal]
sv_main.c:699:46: warning: comparing floating-point with ‘==’ or ‘!=’ is unsafe [-Wfloat-equal]
protocol.h:135:38: warning: comparing floating-point with ‘==’ or ‘!=’ is unsafe [-Wfloat-equal]
mathlib.h:53:40: warning: implicit conversion from ‘float’ to ‘double’ to match other operand of binary expression [-Wdouble-promotion]
mathlib.h:53:59: warning: implicit conversion from ‘float’ to ‘double’ to match other operand of binary expression [-Wdouble-promotion]
protocol.h:141:38: warning: comparing floating-point with ‘==’ or ‘!=’ is unsafe [-Wfloat-equal]
sv_main.c:795:75: warning: implicit conversion from ‘float’ to ‘double’ to match other operand of binary expression [-Wdouble-promotion]
sv_main.c:795:75: warning: implicit conversion from ‘float’ to ‘double’ to match other operand of binary expression [-Wdouble-promotion]
sv_main.c:795:75: warning: implicit conversion from ‘float’ to ‘double’ to match other operand of binary expression [-Wdouble-promotion]
sv_main.c:814:6: warning: no previous prototype for ‘SV_CleanupEnts’ [-Wmissing-prototypes]
sv_main.c:843:13: warning: comparing floating-point with ‘==’ or ‘!=’ is unsafe [-Wfloat-equal]
sv_main.c:843:29: warning: comparing floating-point with ‘==’ or ‘!=’ is unsafe [-Wfloat-equal]
sv_main.c:850:70: warning: implicit conversion from ‘vec_t’ {aka ‘float’} to ‘double’ to match other operand of binary expression [-Wdouble-promotion]
sv_main.c:850:65: warning: implicit conversion from ‘vec_t’ {aka ‘float’} to ‘double’ to match other operand of binary expression [-Wdouble-promotion]
sv_main.c:862:14: warning: comparing floating-point with ‘==’ or ‘!=’ is unsafe [-Wfloat-equal]
sv_main.c:872:32: warning: comparing floating-point with ‘==’ or ‘!=’ is unsafe [-Wfloat-equal]
sv_main.c:875:13: warning: comparing floating-point with ‘==’ or ‘!=’ is unsafe [-Wfloat-equal]
sv_main.c:897:21: warning: comparing floating-point with ‘==’ or ‘!=’ is unsafe [-Wfloat-equal]
sv_main.c:899:21: warning: comparing floating-point with ‘==’ or ‘!=’ is unsafe [-Wfloat-equal]
sv_main.c:903:13: warning: comparing floating-point with ‘==’ or ‘!=’ is unsafe [-Wfloat-equal]
sv_main.c:906:13: warning: comparing floating-point with ‘==’ or ‘!=’ is unsafe [-Wfloat-equal]
sv_main.c:1015:10: warning: no previous prototype for ‘SV_SendClientDatagram’ [-Wmissing-prototypes]
sv_main.c:1056:6: warning: no previous prototype for ‘SV_UpdateToReliableMessages’ [-Wmissing-prototypes]
sv_main.c:1064:44: warning: comparing floating-point with ‘==’ or ‘!=’ is unsafe [-Wfloat-equal]
sv_main.c:1098:6: warning: no previous prototype for ‘SV_SendNop’ [-Wmissing-prototypes]
sv_main.c:1284:6: warning: no previous prototype for ‘SV_CreateBaseline’ [-Wmissing-prototypes]
sv_main.c:1297:48: warning: comparing floating-point with ‘==’ or ‘!=’ is unsafe [-Wfloat-equal]
protocol.h:141:38: warning: comparing floating-point with ‘==’ or ‘!=’ is unsafe [-Wfloat-equal]
sv_main.c:1408:6: warning: no previous prototype for ‘SV_SendReconnect’ [-Wmissing-prototypes]
sv_main.c:1487:13: warning: comparing floating-point with ‘==’ or ‘!=’ is unsafe [-Wfloat-equal]
sv_main.c:1489:43: warning: implicit conversion from ‘float’ to ‘double’ to match other operand of binary expression [-Wdouble-promotion]
sv_main.c:1544:43: warning: comparing floating-point with ‘==’ or ‘!=’ is unsafe [-Wfloat-equal]
sv_main.c:1584:13: warning: comparing floating-point with ‘==’ or ‘!=’ is unsafe [-Wfloat-equal]
sv_move.c:73:49: warning: implicit conversion from ‘vecsv_move.c:73:49: warning: implicit conversion from ‘vec_t’ {aka ‘float’} to ‘double’ to match other operand of binary expression [-Wdouble-promotion]
 sv_move.c:74:49: warning: implicit conversion from ‘vecsv_move.c:74:49: warning: implicit conversion from ‘vec_t’ {aka ‘float’} to ‘double’ to match other operand of binary expression [-Wdouble-promotion]
   93 |                         if (trace.fraction == 1.0 || mid - trace.endpos[2] > STEPSIZsv_move.c:93:44: warning: implicit conversion from ‘flosv_move.c:93:44: warning: implicit conversion from ‘float’ to ‘double’ to matchsv_move.c: In function ‘SV_movestep’:
sv_move.c:142:44: warning: comparing floating-point with ‘==’ or ‘!=’ is unsafe [-Wfloat-equal]
sv_move.c:177:28: warning: comparing floating-point with ‘==’ or ‘!=’ is unsafe [-Wfloat-equal]
sv_move.c:235:10: warning: no previous prototype for ‘SV_StepDirection’ [-Wmissing-prototypes]
sv_move.c:243:18: warning: implicit conversion from ‘float’ to ‘double’ to match other operand of binary expression [-Wdouble-promotion]
sv_move.c:244:27: warning: implicit conversion from ‘float’ to ‘double’ to match other operand of binary expression [-Wdouble-promotion]
sv_move.c:245:27: warning: implicit conversion from ‘float’ to ‘double’ to match other operand of binary expression [-Wdouble-promotion]
sv_move.c:270:6: warning: no previous prototype for ‘SV_FixCheckBottom’ [-Wmissing-prototypes]
sv_move.c:284:6: warning: no previous prototype for ‘SV_NewChaseDir’ [-Wmissing-prototypes]
sv_move.c:309:18: warning: comparing floating-point with ‘==’ or ‘!=’ is unsafe [-Wfloat-equal]
sv_move.c:309:38: warning: comparing floating-point with ‘==’ or ‘!=’ is unsafe [-Wfloat-equal]
sv_move.c:311:26: warning: comparing floating-point with ‘==’ or ‘!=’ is unsafe [-Wfloat-equal]
sv_move.c:312:37: warning: comparing floating-point with ‘==’ or ‘!=’ is unsafe [-Wfloat-equal]
sv_move.c:314:37: warning: comparing floating-point with ‘==’ or ‘!=’ is unsafe [-Wfloat-equal]
sv_move.c:316:26: warning: comparing floating-point with ‘==’ or ‘!=’ is unsafe [-Wfloat-equal]
sv_move.c:328:17: warning: comparing floating-point with ‘==’ or ‘!=’ is unsafe [-Wfloat-equal]
sv_move.c:328:35: warning: comparing floating-point with ‘==’ or ‘!=’ is unsafe [-Wfloat-equal]
sv_move.c:332:17: warning: comparing floating-point with ‘==’ or ‘!=’ is unsafe [-Wfloat-equal]
sv_move.c:332:35: warning: comparing floating-point with ‘==’ or ‘!=’ is unsafe [-Wfloat-equal]
sv_move.c:338:19: warning: comparing floating-point with ‘==’ or ‘!=’ is unsafe [-Wfloat-equal]
sv_move.c:344:33: warning: comparing floating-point with ‘==’ or ‘!=’ is unsafe [-Wfloat-equal]
sv_move.c:350:33: warning: comparing floating-point with ‘==’ or ‘!=’ is unsafe [-Wfloat-equal]
sv_move.c:354:24: warning: comparing floating-point with ‘==’ or ‘!=’ is unsafe [-Wfloat-equal]
sv_move.c:373:10: warning: no previous prototype for ‘SV_CloseEnough’ [-Wmissing-prototypes]
   85 |         floasv_phys.c:61:6: warning: no previous prototype for ‘SV_sv_phys.c:61:6: warning: no previous prototype for ‘SV_CheckAllEnts’ [-Wmissing-prototypes]
sv_phys.c:87:6: warning: no previous prototype for ‘SV_sv_phys.c:87:6: warning: no previous prototype for ‘SV_CheckVelocity’ [-Wmissing-prototypes]
   87 | void SV_Chsv_phys.c:123:10: warning: no previous prototype for ‘Ssv_phys.c:123:10: warning: no previous prototype for ‘SV_RunThink’ [-Wmissing-prototypes]
sv_phys.c:128:41: warning: implicit conversion from ‘flsv_phys.c:128:41: warning: implicit conversion from ‘float’ to ‘double’ to match other operand of binary expression [-Wdouble-promotion]
  128 |         if (thinktime <= 0 || thinktime > sv.time + host_framsv_phys.c:131:23: warning: implicit conversion from ‘flsv_phys.c:131:23: warning: implicit conversion from ‘float’ to ‘double’ to match other operand of binary expression [-Wdouble-promotion]
sv_phys.c:155:6: warning: no previous prototype for ‘SVsv_phys.c:155:6: warning: no previous prototype for ‘SV_Impact’ [-Wmissing-prototypes]
sv_phys.c:163:40: warning: comparing floating-point with sv_phys.c:163:40: warning: comparing floating-point with ‘==’ or ‘!=’ is unsafe [-Wfloat-equal]
  163 |         if (e1->v.touch && e1->v.solid != SOLIsv_phys.c:170:40: warning: comparing floating-point with sv_phys.c:170:40: warning: comparing floating-point with ‘==’ or ‘!=’ is unsafe [-Wfloat-equal]
sv_phys.c:192:5: warning: no previous prototype for ‘Clsv_phys.c:192:5: warning: no previous prototype for ‘ClipVelocity’ [-Wmissing-prototypes]
sv_phys.c:201:13: warning: comparing floating-point with sv_phys.c:201:13: warning: comparing floating-point with ‘==’ or ‘!=’ is unsafe [-Wfloat-equasv_phys.c:210:28: warning: implicit conversion from ‘vesv_phys.c:210:28: warning: implicit conversion from ‘vec_t’ {aka ‘float’} to ‘double’ to match other operand of binary expression [-Wdouble-promotion]
  210 |                 if (out[i] > -STOP_EPSILON && outsv_phys.c:210:54: warning: implicit conversion from ‘vesv_phys.c:210:54: warning: implicit conversion from ‘vec_t’ {aka ‘float’} to ‘double’ to match other operand of binary expression [-Wdouble-promotion]
sv_phys.c:231:5: warning: no previous prototype for ‘SVsv_phys.c:231:5: warning: no previous prototype for ‘SV_FlyMove’ [-Wmissing-prototypes]
sv_phys.c:256:21: warning: comparing floating-point with sv_phys.c:256:21: warning: comparing floating-point with ‘==’ or ‘!=’ is unsafe [-Wfloat-equal]
  256 |                 if (!ent->v.velocity[0] && !ent->v.velocity[sv_phys.c:256:44: warning: comparing floating-point with sv_phys.c:256:44: warning: comparing floating-point with ‘==’ or ‘!=’ is unsafe [-Wfloat-equal]
  256 |                 if (!ent->v.velocity[0] && !ent->v.velocity[1] && !ent->v.velocity[sv_phys.c:256:67: warning: comparing floating-point with sv_phys.c:256:67: warning: comparing floating-point with ‘==’ or ‘!=’ is unsafe [-Wfloat-equal]
      |            sv_phys.c:277:36: warning: comparing floating-point with sv_phys.c:277:36: warning: comparing floating-point with ‘==’ or ‘!=’ is unsafe [-Wfloat-equal]
  277 |                 if (trace.fracsv_phys.c:283:43: warning: implicit conversion from ‘vesv_phys.c:283:43: warning: implicit conversion from ‘vec_t’ {aka ‘float’} to ‘double’ to match other operand of binary expression [-Wdouble-promotion]
  283 |                 if (trace.plane.normal[2] > sv_phys.c:286:48: warning: comparing floating-point with sv_phys.c:286:48: warning: comparing floating-point with ‘==’ or ‘!=’ is unsafe [-Wfloat-equal]
 sv_phys.c:292:21: warning: comparing floating-point with sv_phys.c:292:21: warning: comparing floating-point with ‘==’ or ‘!=’ is unsafe [-Wfloat-equal]
sv_phys.c:373:6: warning: no previous prototype for ‘SVsv_phys.c:373:6: warning: no previous prototype for ‘SV_AddGravity’ [-Wmissing-prototypes]
sv_phys.c:379:17: warning: comparing floating-point with sv_phys.c:379:17: warning: comparing floating-point with ‘==’ or ‘!=’ is unsafe [-Wfloat-equal]
  379 |   sv_phys.c:384:62: warning: implicit conversion from ‘flsv_phys.c:384:62: warning: implicit conversion from ‘float’ to ‘double’ to match other operand of binary expression [-Wdouble-promotion]
      |       sv_phys.c:384:28: warning: implicit conversion from ‘vesv_phys.c:384:28: warning: implicit conversion from ‘vec_t’ {aka ‘float’} to ‘double’ to match other operand of binary expression [-Wdouble-promotion]
sv_phys.c:403:9: warning: no previous prototype for ‘SVsv_phys.c:403:9: warning: no previous prototype for ‘SV_PushEntity’ [-Wmissing-prototypes]
sv_phys.c:410:29: warning: comparing floating-point with sv_phys.c:410:29: warning: comparing floating-point with ‘==’ or ‘!=’ is unsafe [-Wfloat-equal]
  410 |         if (ent->v.movetype == MOVsv_phys.c:412:31: warning: comparing floating-point with sv_phys.c:412:31: warning: comparing floating-point with ‘==’ or ‘!=’ is unsafe [-Wfloat-equal]
  412 |         else if (ent->v.solid == SOLID_TRIGGER || ent->v.solisv_phys.c:412:64: warning: comparing floating-point with sv_phys.c:412:64: warning: comparing floating-point with ‘==’ or ‘!=’ is unsafe [-Wfloat-equal]
sv_phys.c:433:6: warning: no previous prototype for ‘SVsv_phys.c:433:6: warning: no previous prototype for ‘SV_PushMove’ [-Wmissing-prototypes]
sv_phys.c:445:13: warning: comparing floating-point with sv_phys.c:445:13: warning: comparing floating-point with ‘==’ or ‘!=’ is unsafe [-Wfloat-equal]
  445 |         if (!pusher->v.velocity[0] && !pusher->v.velosv_phys.c:445:39: warning: comparing floating-point with sv_phys.c:445:39: warning: comparing floating-point with ‘==’ or ‘!=’ is unsafe [-Wfloat-equal]
  445 |         if (!pusher->v.velocity[0] && !pusher->v.velocity[1] && !pusher->v.velosv_phys.c:445:65: warning: comparing floating-point with sv_phys.c:445:65: warning: comparing floating-point with ‘==’ or ‘!=’ is unsafe [-Wfloat-equal]
      |          sv_phys.c:479:39: warning: comparing floating-point with sv_phys.c:479:39: warning: comparing floating-point with ‘==’ or ‘!=’ is unsafe [-Wfloat-equal]
  479 |                 if (check->v.movetype == MOVETYsv_phys.c:480:38: warning: comparing floating-point with sv_phys.c:480:38: warning: comparing floating-point with ‘==’ or ‘!=’ is unsafe [-Wfloat-equal]
  480 |                 || check->v.movetype == MOVETsv_phys.c:481:38: warning: comparing floating-point with sv_phys.c:481:38: warning: comparing floating-point with ‘==’ or ‘!=’ is unsafe [-Wfloat-equal]
  481 |                 || check->v.movetype == MOVETYPEsv_phys.c:502:39: warning: comparing floating-point with sv_phys.c:502:39: warning: comparing floating-point with ‘==’ or ‘!=’ is unsafe [-Wfloat-equal]
  502 |                 if (check->v.movetype != MOVETYPsv_phys.c:513:34: warning: comparing floating-point with sv_phys.c:513:34: warning: comparing floating-point with ‘==’ or ‘!=’ is unsafe [-Wfloat-equal]
  513 |                 if (solid_backup == sv_phys.c:514:38: warning: comparing floating-point with sv_phys.c:514:38: warning: comparing floating-point with ‘==’ or ‘!=’ is unsafe [-Wfloat-equal]
  514 |                         solid_backup == SOLIDsv_phys.c:515:38: warning: comparing floating-point with sv_phys.c:515:38: warning: comparing floating-point with ‘==’ or ‘!=’ is unsafe [-Wfloat-equal]
  515 |                         solid_backup == SOLID_Ssv_phys.c:526:46: warning: comparing floating-point with sv_phys.c:526:46: warning: comparing floating-point with ‘==’ or ‘!=’ is unsafe [-Wfloat-equal]
  526 |                         if (check->v.mins[0] == check->v.maxs[0])sv_phys.c:528:44: warning: comparing floating-point with sv_phys.c:528:44: warning: comparing floating-point with ‘==’ or ‘!=’ is unsafe [-Wfloat-equal]
  528 |                         if (check->v.solid == SOLID_NOT || check->v.solid == SOLID_TRIGGEsv_phys.c:528:75: warning: comparing floating-point with sv_phys.c:528:75: warning: comparing floating-point with ‘==’ or ‘!=’ is unsafe [-Wfloat-equal]
sv_phys.c:572:6: warning: no previous prototype for ‘SVsv_phys.c:572:6: warning: no previous prototype for ‘SV_Physics_Pusher’ [-Wmissing-prototypes]
sv_phys.c:581:38: warning: implicit conversion from ‘flsv_phys.c:581:38: warning: implicit conversion from ‘float’ to ‘double’ to match other operand of binary expression [-Wdouble-promotion]
  581 |         if (thinktime < ent->v.ltime + host_fsv_phys.c:581:23: warning: implicit conversion from ‘flsv_phys.c:581:23: warning: implicit conversion from ‘float’ to ‘double’ to match other operand of binary expression [-Wdouble-promotion]
  581 |         if (thinktime < ent->vsv_phys.c:590:13: warning: comparing floating-point with sv_phys.c:590:13: warning: comparing floating-point with ‘==’ or ‘!=’ is unsafe [-Wfloat-equal]
sv_phys.c:625:6: warning: no previous prototype for ‘SVsv_phys.c:625:6: warning: no previous prototype for ‘SV_CheckStuck’ [-Wmissing-prototypes]
  625 | voidsv_phys.c:671:10: warning: no previous prototype for ‘Ssv_phys.c:671:10: warning: no previous prototype for ‘SV_CheckWater’ [-Wmissing-prototypes]
sv_phys.c:687:80: warning: implicit conversion from ‘vesv_phys.c:687:80: warning: implicit conversion from ‘vec_t’ {aka ‘float’} to ‘double’ to match other operand of binary expression [-Wdouble-promotion]
      |                         sv_phys.c:687:45: warning: implicit conversion from ‘vesv_phys.c:687:45: warning: implicit conversion from ‘vec_t’ {aka ‘float’} to ‘double’ to match other operand of binary expression [-Wdouble-promotion]
sv_phys.c:708:6: warning: no previous prototype for ‘SVsv_phys.c:708:6: warning: no previous prototype for ‘SV_WallFriction’ [-Wmissing-prototypes]
sv_phys.c:717:11: warning: implicit conversion from ‘flsv_phys.c:717:11: warning: implicit conversion from ‘float’ to ‘double’ to match other operand of binary expression [-Wdouble-psv_phys.c: At top level:
sv_phys.c:742:5: warning: no previous prototype for ‘SVsv_phys.c:742:5: warning: no previous prototype for ‘SV_TryUnstick’ [-Wmissing-prototypes]
  742 | int SV_TryUnsticksv_phys.c:799:6: warning: no previous prototype for ‘SVsv_phys.c:799:6: warning: no previous prototype for ‘SV_WalkMove’ [-Wmissing-prototypes]
sv_phys.c:822:47: warning: comparing floating-point with sv_phys.c:822:47: warning: comparing floating-point with ‘==’ or ‘!=’ is unsafe [-Wfloat-equal]
sv_phys.c:825:29: warning: comparing floating-point with sv_phys.c:825:29: warning: comparing floating-point with ‘==’ or ‘!=’ is unsafe [-Wfloat-equal]
  825 |         if (ent->v.movetype sv_phys.c:828:13: warning: comparing floating-point with sv_phys.c:828:13: warning: comparing floating-point with ‘==’ or ‘!=’ is unsafe [-Wfloat-equal]
  828 |   sv_phys.c:845:44: warning: implicit conversion from ‘vesv_phys.c:845:44: warning: implicit conversion from ‘vec_t’ {aka ‘float’} to ‘double’ to match other operand of binary expression [-Wdouble-promotion]
  845 |         downmove[2] = -STEPSIZE + oldvel[2]*host_frametisv_phys.c:874:39: warning: implicit conversion from ‘vesv_phys.c:874:39: warning: implicit conversion from ‘vec_t’ {aka ‘float’} to ‘double’ to match other operand of binary expression [-Wdouble-promotion]
  874 |         if (downtrace.plane.normal[2sv_phys.c:876:34: warning: comparing floating-point with sv_phys.c:876:34: warning: comparing floating-point with ‘==’ or ‘!=’ is unsafe [-Wfloat-equal]
sv_phys.c:900:6: warning: no previous prototype for ‘SVsv_phys.c:900:6: warning: no previous prototype for ‘SV_Physics_Client’ [-Wmissing-prototypes]
  900 | void SV_Physics_Cliensv_phys.c:977:6: warning: no previous prototype for ‘SVsv_phys.c:977:6: warning: no previous prototype for ‘SV_Physics_None’ [-Wmissing-prototypes]
  977 | void SV_sv_phys.c:990:6: warning: no previous prototype for ‘SVsv_phys.c:990:6: warning: no previous prototype for ‘SV_Physics_Noclip’ [-Wmissing-prototypes]
  990 | void SV_Physsv_phys.c:1016:6: warning: no previous prototype for ‘Ssv_phys.c:1016:6: warning: no previous prototype for ‘SV_CheckWaterTransition’ [-Wmissing-prototypes]
sv_phys.c:1022:13: warning: comparing floating-point withsv_phys.c:1022:13: warning: comparing floating-point with ‘==’ or ‘!=’ is unsafe [-Wfloat-equal]
 102sv_phys.c:1031:38: warning: comparing floating-point withsv_phys.c:1031:38: warning: comparing floating-point with ‘==’ or ‘!=’ is unsafe [-Wfloat-equal]
 1031 |                 if (ent->v.watertype == CONTENTsv_phys.c:1040:38: warning: comparing floating-point withsv_phys.c:1040:38: warning: comparing floating-point with ‘==’ or ‘!=’ is unsafe [-Wfloat-equal]
sv_phys.c:1073:29: warning: comparing floating-point withsv_phys.c:1073:29: warning: comparing floating-point with ‘==’ or ‘!=’ is unsafe [-Wfloat-equal]
 1073 |         if (ent->v.movetypsv_phys.c:1074:28: warning: comparing floating-point withsv_phys.c:1074:28: warning: comparing floating-point with ‘==’ or ‘!=’ is unsafe [-Wfloat-equal]
sv_phys.c:1083:28: warning: comparing floating-point with ‘==’ or ‘!=’ is unsafe [-Wfloat-equal]
sv_phys.c:1088:29: warning: comparing floating-point with ‘==’ or ‘!=’ is unsafe [-Wfloat-equal]
sv_phys.c:1096:35: warning: implicit conversion from ‘vec_t’ {aka ‘float’} to ‘double’ to match other operand of binary expression [-Wdouble-promotion]
sv_phys.c:1098:64: warning: comparing floating-point with ‘==’ or ‘!=’ is unsafe [-Wfloat-equal]
sv_phys.c:1130:6: warning: no previous prototype for ‘Ssv_phys.c:1130:6: warning: no previous prototype for ‘SV_Physics_Step’ [-Wmissing-prototypes]
sv_phys.c:1137:58: warning: implicit conversion from ‘fsv_phys.c:1137:58: warning: implicit conversion from ‘float’ to ‘double’ to match other operand of binary expression [-Wdouble-promotion]
      |   sv_phys.c:1137:40: warning: implicit conversion from ‘vsv_phys.c:1137:40: warning: implicit conversion from ‘vec_t’ {aka ‘float’} to ‘double’ to match other operand of binary expression [-Wdouble-promotion]
sv_phys.c:1188:13: warning: comparing floating-point withsv_phys.c:1188:13: warning: comparing floating-point with ‘==’ or ‘!=’ is unsafe [-Wfloat-equal]
 1188 |         if (sv_freezensv_phys.c:1199:21: warning: comparing floating-point withsv_phys.c:1199:21: warning: comparing floating-point with ‘==’ or ‘!=’ is unsafe [-Wfloat-equal]
 1199 |                 if (pr_global_struct->forsv_phys.c:1206:42: warning: comparing floating-point withsv_phys.c:1206:42: warning: comparing floating-point with ‘==’ or ‘!=’ is unsafe [-Wfloat-equal]
 1206 |                 else if (ent->v.movetype == MOVETYPE_Psv_phys.c:1208:42: warning: comparing floating-point withsv_phys.c:1208:42: warning: comparing floating-point with ‘==’ or ‘!=’ is unsafe [-Wfloat-equal]
 1208 |                 else if (ent->v.movetype == MOVETYPE_Nsv_phys.c:1210:42: warning: comparing floating-point withsv_phys.c:1210:42: warning: comparing floating-point with ‘==’ or ‘!=’ is unsafe [-Wfloat-equal]
 1210 |                 else if (ent->v.movetype == MOVETYPE_NOCsv_phys.c:1212:42: warning: comparing floating-point withsv_phys.c:1212:42: warning: comparing floating-point with ‘==’ or ‘!=’ is unsafe [-Wfloat-equal]
 1212 |                 else if (ent->v.movetype == MOVETYPE_Ssv_phys.c:1214:42: warning: comparing floating-point withsv_phys.c:1214:42: warning: comparing floating-point with ‘==’ or ‘!=’ is unsafe [-Wfloat-equal]
 1214 |                 else if (ent->v.movetype == MOVETYPE_sv_phys.c:1215:36: warning: comparing floating-point withsv_phys.c:1215:36: warning: comparing floating-point with ‘==’ or ‘!=’ is unsafe [-Wfloat-equal]
 1215 |                 || ent->v.movetype == MOsv_phys.c:1216:36: warning: comparing floating-point withsv_phys.c:1216:36: warning: comparing floating-point with ‘==’ or ‘!=’ is unsafe [-Wfloat-equal]
 1216 |                 || ent->v.movetype == MOVETsv_phys.c:1217:36: warning: comparing floating-point withsv_phys.c:1217:36: warning: comparing floating-point with ‘==’ or ‘!=’ is unsafe [-Wfloat-equal]
 1217 |                 || ent->v.movetype == MOsv_phys.c:1218:36: warning: comparing floating-point withsv_phys.c:1218:36: warning: comparing floating-point with ‘==’ or ‘!=’ is unsafe [-Wfloat-equal]
 1218 |                 || ent->v.movetype == MOVETYPE_Fsv_phys.c:1227:52: warning: implicit conversion from ‘fsv_phys.c:1227:52: warning: implicit conversion from ‘float’ to ‘double’ to match other operand of binary expression [-Wdouble-promotion]
    sv_phys.c:1227:82: warning: comparing floating-point withsv_phys.c:1227:82: warning: comparing floating-point with ‘==’ or ‘!=’ is unsafe [-Wfloat-equal]
      |                            sv_phys.c:1227:118: warning: comparing floating-point witsv_phys.c:1227:118: warning: comparing floating-point with ‘==’ or ‘!=’ is unsafe [-Wfloat-equal]
      |                                                                sv_phys.c:1227:151: warning: comparing floating-point witsv_phys.c:1227:151: warning: comparing floating-point with ‘==’ or ‘!=’ is unsafe [-Wfloat-equal]
mathlib.h:53:40: warning: implicit conversion from ‘float’ to ‘double’ to match other operand of binary expression [-Wdouble-promotion]
 1229 |                         int j = Q_rint((ent->v.nextthink-ent->oldthinktimathlib.h:53:59: warning: implicit conversion from ‘flomathlib.h:53:59: warning: implicit conversion from ‘float’ to ‘double’ to match other operand of binary expression [-Wdouble-promotion]
 1229 |                         int j = Q_rint((ent->v.nextthink-ent->oldthinktisv_phys.c:1236:13: warning: comparing floating-point withsv_phys.c:1236:13: warning: comparing floating-point with ‘==’ or ‘!=’ is unsafe [-Wfloat-equal]
 1236 |         if (pr_global_strsv_phys.c:1239:13: warning: comparing floating-point withsv_phys.c:1239:13: warning: comparing floating-point with ‘==’ or ‘!=’ is unsafe [-Wfloat-equal]
sv_user.c:43:1: warning: missing initializer for field ‘value’ of ‘cvar_t’ {aka ‘struct cvar_s’} [-Wmissing-field-initializers]
sv_user.c:44:1: warning: missing initializer for field ‘value’ of ‘cvar_t’ {aka ‘struct cvar_s’} [-Wmissing-field-initializers]
sv_user.c:64:45: warning: implicit conversion from ‘vec_t’ {aka ‘float’} to ‘double’ to match other operand of binary expression [-Wdouble-promotion]
sv_user.c:121:6: warning: no previous prototype for ‘SV_UserFriction’ [-Wmissing-prototypes]
sv_user.c:132:13: warning: comparing floating-point with ‘==’ or ‘!=’ is unsafe [-Wfloat-equal]
sv_user.c:143:28: warning: comparing floating-point with ‘==’ or ‘!=’ is unsafe [-Wfloat-equal]
sv_user.c:143:28: warning: implicit conversion from ‘float’ to ‘double’ to match other operand of binary expression [-Wdouble-promotion]
sv_user.c:150:42: warning: implicit conversion from ‘float’ to ‘double’ to match other operand of binary expression [-Wdouble-promotion]
sv_user.c:150:50: warning: implicit conversion from ‘float’ to ‘double’ to match other operand of binary expression [-Wdouble-promotion]
sv_user.c:150:26: warning: implicit conversion from ‘float’ to ‘double’ to match other operand of binary expression [-Wdouble-promotion]
sv_user.c:166:1: warning: missing initializer for field ‘value’ of ‘cvar_t’ {aka ‘struct cvar_s’} [-Wmissing-field-initializers]
sv_user.c:167:1: warning: missing initializer for field ‘value’ of ‘cvar_t’ {aka ‘struct cvar_s’} [-Wmissing-field-initializers]
sv_user.c:168:6: warning: no previous prototype for ‘SV_Accelerate’ [-Wmissing-prototypes]
sv_user.c:177:41: warning: implicit conversion from ‘float’ to ‘double’ to match other operand of binary expression [-Wdouble-promotion]
sv_user.c:177:56: warning: implicit conversion from ‘float’ to ‘double’ to match other operand of binary expression [-Wdouble-promotion]
sv_user.c:185:6: warning: no previous prototype for ‘SV_AirAccelerate’ [-Wmissing-prototypes]
sv_user.c:198:52: warning: implicit conversion from ‘float’ to ‘double’ to match other operand of binary expression [-Wdouble-promotion]
sv_user.c:207:6: warning: no previous prototype for ‘DropPunchAngle’ [-Wmissing-prototypes]
sv_user.c:213:13: warning: implicit conversion from ‘float’ to ‘double’ to match other operand of binary expression [-Wdouble-promotion]
sv_user.c:225:6: warning: no previous prototype for ‘SV_WaterMove’ [-Wmissing-prototypes]
sv_user.c:239:13: warning: comparing floating-point with ‘==’ or ‘!=’ is unsafe [-Wfloat-equal]
sv_user.c:239:33: warning: comparing floating-point with ‘==’ or ‘!=’ is unsafe [-Wfloat-equal]
sv_user.c:239:50: warning: comparing floating-point with ‘==’ or ‘!=’ is unsafe [-Wfloat-equal]
sv_user.c:250:19: warning: implicit conversion from ‘float’ to ‘double’ to match other operand of binary expression [-Wdouble-promotion]
sv_user.c:256:13: warning: comparing floating-point with ‘==’ or ‘!=’ is unsafe [-Wfloat-equal]
sv_user.c:258:51: warning: implicit conversion from ‘float’ to ‘double’ to match other operand of binary expression [-Wdouble-promotion]
sv_user.c:258:59: warning: implicit conversion from ‘float’ to ‘double’ to match other operand of binary expression [-Wdouble-promotion]
sv_user.c:258:34: warning: implicit conversion from ‘float’ to ‘double’ to match other operand of binary expression [-Wdouble-promotion]
sv_user.c:269:13: warning: comparing floating-point with ‘==’ or ‘!=’ is unsafe [-Wfloat-equal]
sv_user.c:277:54: warning: implicit conversion from ‘float’ to ‘double’ to match other operand of binary expression [-Wdouble-promotion]
sv_user.c:285:6: warning: no previous prototype for ‘SV_WaterJump’ [-Wmissing-prototypes]
sv_user.c:287:21: warning: implicit conversion from ‘float’ to ‘double’ to match other operand of binary expression [-Wdouble-promotion]
sv_user.c:288:12: warning: comparing floating-point with ‘==’ or ‘!=’ is unsafe [-Wfloat-equal]
sv_user.c:304:6: warning: no previous prototype for ‘SV_NoclipMove’ [-Wmissing-prototypes]
  30sv_user.c:325:6: warning: no previous prototype for ‘SVsv_user.c:325:6: warning: no previous prototype for ‘SV_AirMove’ [-Wmissing-prototypes]
sv_user.c:338:21: warning: implicit conversion from ‘float’ to ‘double’ to match other operand of binary expression [-Wdouble-promotion]
sv_user.c:357:36: warning: comparing floating-point with ‘==’ or ‘!=’ is unsafe [-Wfloat-equal]
sv_user.c:384:35: warning: comparing floating-point with ‘==’ or ‘!=’ is unsafe [-Wfloat-equal]
sv_user.c:408:13: warning: comparing floating-point with ‘==’ or ‘!=’ is unsafe [-Wfloat-equal]
sv_user.c:423:35: warning: comparing floating-point with ‘==’ or ‘!=’ is unsafe [-Wfloat-equal]
sv_user.c:423:54: warning: comparing floating-point with ‘==’ or ‘!=’ is unsafe [-Wfloat-equal]
sv_user.c:425:72: warning: comparing floating-point with ‘==’ or ‘!=’ is unsafe [-Wfloat-equal]
sv_user.c:438:6: warning: no previous prototype for ‘SV_ReadClientMove’ [-Wmissing-prototypes]
sv_user.c:446:27: warning: implicit conversion from ‘float’ to ‘double’ to match other operand of binary expression [-Wdouble-promotion]
sv_user.c:482:10: warning: no previous prototype for ‘Ssv_user.c:482:10: warning: no previous prototype for ‘SV_ReadClientMessage’ [-Wmissing-prototypes]
  482 | qboolean SV_ReadClcc -DNDEBUG -c -Wall -Wno-trigraphs -MMD  -O2 -fweb -frencc -DNDEBUG -c -Wall -Wno-trigraphs -MMD  -O2 -fweb -frename-registers -DUSE_SDL2 -DUSE_CODEC_WAVE -DUSE_CODEC_VORBIS  -Wall -Wextra -Wshadow -Wstrict-prototypes -Wmissing-prototypes -Wpointer-arith -Wcast-align -Wwrite-strings -Wundef -Wfloat-equal -Wnull-dereference -Wdouble-promotion -Wlogical-op -Wduplicated-cond -Wduplicated-branches -Wstrict-aliasing=2 -Wformat=2 -Wmissing-include-dirs -Wmissing-field-initializers -O2 -world.c:71:6: warning: no previous prototype for ‘SV_Inworld.c:71:6: warning: no previous prototype for ‘SV_InitBoxHull’ [-Wmissing-prototypes]
   71 world.c:108:10: warning: no previous prototype for ‘SV_world.c:108:10: warning: no previous prototype for ‘SV_HullForBox’ [-Wmissing-prototypes]
  108 | hull_t  *SV_HullForBox (world.c:132:9: warning: no previous prototype for ‘SV_HullForEntity’ [-Wmissing-prototypes]
world.c:140:26: warning: comparing floating-point with ‘==’ or ‘!=’ is unsafe [-Wfloat-equal]
world.c:142:37: warning: comparing floating-point with ‘==’ or ‘!=’ is unsafe [-Wfloat-equal]
world.c:144:82: warning: implicit conversion from ‘vec_t’ {aka ‘float’} to ‘double’ when passing argument to function [-Wdouble-promotion]
world.c:144:100: warning: implicit conversion from ‘vec_t’ {aka ‘float’} to ‘double’ when passing argument to function [-Wdouble-promotion]
world.c:144:118: warning: implicit conversion from ‘vec_t’ {aka ‘float’} to ‘double’ when passing argument to function [-Wdouble-promotion]
world.c:150:82: warning: implicit conversion from ‘vec_t’ {aka ‘float’} to ‘double’ when passing argument to function [-Wdouble-promotion]
world.c:150:100: warning: implicit conversion from ‘vec_t’ {aka ‘float’} to ‘double’ when passing argument to function [-Wdouble-promotion]
world.c:150:118: warning: implicit conversion from ‘vec_t’ {aka ‘float’} to ‘double’ when passing argument to function [-Wdouble-promotion]
world.c:207:13: warning: no previoworld.c: At top level:
world.c:207:13: warning: no previous prototype for ‘SV_CreateAreaNode’ [-Wmissing-prototypes]
world.c:232:27: warning: implicit conversion from ‘vec_t’ {aka ‘float’} to ‘double’ to match other operand of binary expression [-Wdouble-promotion]
world.c:298:55: warning: comparing floating-point with ‘==’ or ‘!=’ is unsafe [-Wfloat-equal]
world.c:335:6: warning: no previous prototype for ‘SV_TouchLinks’ [-Wmissing-prototypes]
world.c:356:55: warning: comparing floating-point with ‘==’ or ‘!=’ is unsafe [-Wfloat-equal]
world.c:388:6: warning: no previous prototype for ‘SV_FindTouchedLeafs’ [-Wmissing-prototypes]
world.c:473:13: warning: comparing floating-point with ‘==’ or ‘!=’ is unsafe [-Wfloat-equal]
  473 world.c:476:26: warning: comparing floating-point with ‘==’ or ‘!=’ is unsafe [-Wfloat-equal]
world.c:495:26: warning: comparing floating-point with ‘==’ or ‘!=’ is unsafe [-Wfloat-equal]
mathlib.h:56:55: warning: implicit conversion from ‘vec_t’ {aka ‘float’} to ‘double’ to match other operand of binary expression [-Wdouble-promotion]
mathlib.h:56:77: warning: implicit conversion from ‘vec_t’ {aka ‘float’} to ‘double’ to match other operand of binary expression [-Wdouble-promotion]
mathlib.h:56:99: warning: implicit conversion from ‘vec_t’ {aka ‘float’} to ‘double’ to match other operand of binary expression [-Wdouble-promotion]
world.c:538:74: warning: implicit conversion from ‘float’ to ‘double’ to match other operand of binary expression [-Wdouble-promotion]
mathlib.h:56:55: warning: implicit conversion from ‘vec_t’ {aka ‘float’} to ‘double’ to match other operand of binary expression [-Wdouble-promotion]
mathlib.h:56:77: warning: implicit conversion from ‘vec_t’ {aka ‘float’} to ‘double’ to match other operand of binary expression [-Wdouble-promotion]
mathlib.h:56:99: warning: implicit conversion from ‘vec_t’ {aka ‘float’} to ‘double’ to match other operand of binary expression [-Wdouble-promotion]
world.c:649:68: warning: implicit conversion from ‘float’ to ‘double’ to match other operand of binary expression [-Wdouble-promotion]
mathlib.h:56:55: warning: implicit conversion from ‘vec_t’ {aka ‘float’} to ‘double’ to match other operand of binary expression [-Wdouble-promotion]
mathlib.h:56:77: warning: implicit conversion from ‘vec_t’ {aka ‘float’} to ‘double’ to match other operand of binary expression [-Wdouble-promotion]
mathlib.h:56:99: warning: implicit conversion from ‘vec_t’ {aka ‘float’} to ‘double’ to match other operand of binary expression [-Wdouble-promotion]
world.c:650:68: warning: implicit conversion from ‘float’ to ‘double’ to match other operand of binary expression [-Wdouble-promotion]
world.c:667:28: warning: implicit conversion from ‘float’ to ‘double’ to match other operand of binary expression [-Wdouble-promotion]
world.c:667:43: warning: implicit conversion from ‘float’ to ‘double’ to match other operand of binary expression [-Wdouble-promotion]
world.c:669:28: warning: implicit conversion from ‘float’ to ‘double’ to match other operand of binary expression [-Wdouble-promotion]
world.c:669:43: warning: implicit conversion from ‘float’ to ‘double’ to match other operand of binary expression [-Wdouble-promotion]
world.c:719:22: warning: implicit conversion from ‘float’ to ‘double’ to match other operand of binary expression [-Wdouble-promotion]
world.c:747:9: warning: no previous prototype for ‘SV_ClipMoveToEntity’ [-Wmissing-prototypes]
world.c:770:28: warning: comparing floating-point with ‘==’ or ‘!=’ is unsafe [-Wfloat-equal]
world.c:789:6: warning: no previous prototype for ‘SV_ClipToLinks’ [-Wmissing-prototypes]
world.c:800:36: warning: comparing floating-point with ‘==’ or ‘!=’ is unsafe [-Wfloat-equal]
world.c:804:36: warning: comparing floating-point with ‘==’ or ‘!=’ is unsafe [-Wfloat-equal]
world.c:807:69: warning: comparing floating-point with ‘==’ or ‘!=’ is unsafe [-Wfloat-equal]
world.c:818:37: warning: comparing floating-point with ‘==’ or ‘!=’ is unsafe [-Wfloat-equal]
world.c:818:70: warning: comparing floating-point with ‘==’ or ‘!=’ is unsafe [-Wfloat-equal]
world.c:868:6: warning: no previous prototype for ‘SV_MoveBounds’ [-Wmissing-prototypes]
zone.c:262:6: warning: no previous prototype for ‘Z_Print’ [-Wmissing-prototypes]
zone.c:335:6: warning: no previous prototype for ‘Hunk_Print’ [-Wmissing-prototypes]
zone.c:418:6: warning: no previous prototype for ‘Hunk_Print_f’ [-Wmissing-prototypes]
zone.c:613:6: warning: no previous prototype for ‘Cache_Move’ [-Wmissing-prototypes]
zone.c:688:6: warning: no previous prototype for ‘Cache_UnlinkLRU’ [-Wmissing-prototypes]
zone.c:699:6: warning: no previous prototype for ‘Cache_MakeLRU’ [-Wmissing-prototypes]
zone.c:809:6: warning: no previous prototype for ‘Cache_Print’ [-Wmissing-prototypes]
zone.c:827:98: warning: implicit conversion from ‘float’ to ‘double’ when passing argument to function [-Wdouble-promotion]
zone.c:836:6: warning: no previous prototype for ‘Cache_Init’ [-Wmissing-prototypes]
sys_sdl_unix.c:52:1: warning: missing initializer for fiesys_sdl_unix.c:52:1: warning: missing initializer for field ‘value’ of ‘cvar_t’ {aka ‘struct cvar_s’} [-Wmissing-field-initializers]
sys_sdl_unix.c:376:35: warning: unused parameter ‘argv0’ [-Wunused-parameter]
main_sdl.c:122:37: warning: implicit conversion from ‘float’ to ‘double’ to match other operand of binary expression [-Wdouble-promotion]
  122 |                         while (time < sys_ticramain_sdl.c:156:26: warning: implicit conversion from ‘fmain_sdl.c:156:26: warning: implicit conversion from ‘float’ to ‘double’ to match other operand of binary expression [-Wdouble-promotion]
